# This file uses centimeters as units for non-parametric coordinates.

mtllib ghost t-pose model.mtl
g default
v 8.191473 10.714317 0.593751
v 6.463347 8.769467 0.593751
v 7.898836 6.516354 0.593751
v 12.536926 7.510870 0.593751
v 11.849161 6.791612 0.593751
v 12.874164 8.769467 0.593751
v 12.536926 9.741893 0.593751
v 11.804698 10.453758 0.593751
v 10.356967 10.714317 0.593751
v 10.413443 6.428879 0.593751
v 6.921035 10.130967 0.593751
v 6.644548 9.540059 0.593751
v 7.398400 10.524803 0.593751
v 6.644661 7.281692 0.593751
v 7.048481 6.790861 0.593751
v 6.477321 7.987382 0.593751
v 10.393440 10.817391 0.336973
v 11.907874 10.543021 0.336973
v 12.688934 9.793429 0.336973
v 13.044046 8.769467 0.336973
v 12.688934 7.444164 0.336973
v 11.956388 6.679826 0.336973
v 10.454564 6.299105 0.336973
v 7.847160 6.384601 0.336973
v 6.919642 6.690641 0.336973
v 6.492576 7.207613 0.336973
v 6.313596 7.950898 0.336973
v 6.293465 8.769467 0.336973
v 6.484267 9.580899 0.336973
v 6.775403 10.203123 0.336973
v 7.278076 10.617833 0.336973
v 8.631420 6.327168 0.336973
v 8.648283 6.446746 0.593751
v 9.124134 10.714638 0.593695
v 9.288769 10.817603 0.336973
v 9.492157 12.127232 0.336980
v 8.939889 12.383741 0.337076
v 9.762941 11.592047 0.336938
v 9.694273 11.600695 0.593727
v 9.457988 12.058548 0.593753
v 8.938354 12.302932 0.593844
v 9.622801 11.256318 0.336980
v 9.581698 11.292695 0.593754
v 9.051401 11.764391 0.593753
v 8.593093 12.172053 0.593811
v 8.531986 12.226409 0.337036
v 9.294828 10.860574 0.337026
v 9.229679 10.869885 0.593768
v 8.210639 10.926218 0.593752
v 7.492812 10.896518 0.593764
v 7.381750 10.950523 0.336986
v 9.434922 11.028282 0.337009
v 9.376559 11.048033 0.593764
v 8.666063 11.379503 0.593752
v 8.043109 11.615543 0.593786
v 7.969469 11.686674 0.337008
v 11.628242 6.991711 0.742106
v 12.222166 7.617601 0.742106
v 10.281445 8.738080 0.742106
v 12.522395 8.738080 0.742106
v 12.222166 9.603790 0.742106
v 11.591051 10.237533 0.742106
v 10.281445 10.469498 0.742106
v 10.329389 6.666756 0.742106
v 8.340038 10.454328 0.742106
v 9.124134 10.469704 0.742058
v 8.011779 6.761257 0.742106
v 8.679232 6.666215 0.742106
v 6.976425 9.424106 0.742106
v 7.222571 9.950167 0.742106
v 6.815111 8.738080 0.742106
v 7.562932 10.294613 0.742106
v 7.312956 6.970064 0.742106
v 6.957270 7.406765 0.742106
v 6.814020 8.034609 0.742106
v 8.005211 7.356332 0.742106
v 8.698746 7.486274 0.742106
v 10.281440 7.466643 0.742106
v 11.433283 7.513151 0.742106
v 11.827859 8.017575 0.742106
v 11.951069 8.765695 0.742106
v 11.777742 9.342985 0.742106
v 11.399451 9.803991 0.742106
v 10.281440 9.959766 0.742106
v 7.758252 8.020272 0.744305
v 9.808575 10.817502 0.336973
v 9.704249 10.714487 0.593722
v 9.700354 10.469651 0.742070
v 9.727098 9.917342 0.742082
v 9.742795 8.709070 0.742106
v 9.771096 7.453187 0.742106
v 9.820421 6.643317 0.742106
v 9.841753 6.399070 0.593751
v 9.852594 6.265962 0.336973
v 8.191798 9.917803 0.742106
v 7.990378 9.378079 0.742108
v 7.814520 8.874996 0.742772
v 9.259481 6.279643 0.336973
v 9.273602 6.399576 0.593751
v 9.298875 6.619781 0.742106
v 9.293775 7.516887 0.742106
v 9.385756 10.469679 0.742064
v 9.387524 10.714570 0.593707
v 9.524778 10.817555 0.336973
v 9.315693 9.866466 0.742089
v 9.143640 8.697362 0.742098
v 8.930703 9.860740 0.742095
v 8.490519 8.256533 0.742122
v 8.736721 9.162989 0.742101
v 8.485879 8.760470 0.742111
v 11.468563 8.765695 0.742106
v 11.121458 10.727566 0.336973
v 11.098517 10.629498 0.593752
v 11.051010 10.393965 0.742106
v 11.009397 9.913883 0.742106
v 11.024411 8.763749 0.742106
v 11.016747 7.457940 0.742106
v 11.095059 6.789751 0.742106
v 11.150743 6.561236 0.593752
v 11.178193 6.435206 0.336973
v 8.832039 10.714477 0.593723
v 8.958116 10.907963 0.593760
v 9.176682 11.186662 0.593758
v 9.407297 11.455871 0.593753
v 9.622218 11.835539 0.593740
v 9.680609 11.864663 0.336959
v 8.182707 8.841390 0.742249
v 8.383027 9.325376 0.742104
v 8.566432 9.892509 0.742101
v 8.901628 10.456092 0.742083
v 7.707623 10.607117 0.593752
v 7.850275 10.399529 0.742106
v 7.718551 9.977288 0.742106
v 7.525595 9.394529 0.742106
v 7.348351 8.884294 0.742297
v 9.228462 12.318855 0.337028
v 9.204582 12.244090 0.593799
v 8.770646 11.999680 0.593782
v 8.268100 11.489025 0.593769
v 7.759203 10.888125 0.593758
v 8.103059 8.482682 0.743118
v 7.726581 8.411596 0.744225
v 7.282652 8.409355 0.742826
v 7.278076 10.617833 -0.000035
v 6.775403 10.203123 -0.000035
v 6.484267 9.580899 -0.000035
v 6.293465 8.769467 -0.000035
v 6.313596 7.950898 -0.000035
v 6.492576 7.207613 -0.000035
v 6.919642 6.690641 -0.000035
v 7.847160 6.384601 -0.000035
v 8.631420 6.327168 -0.000035
v 9.259481 6.279643 -0.000035
v 9.852594 6.265962 -0.000035
v 10.454564 6.299105 -0.000035
v 11.178193 6.435206 -0.000035
v 11.956388 6.679826 -0.000035
v 12.688934 7.444164 -0.000035
v 13.044046 8.769467 -0.000035
v 12.688934 9.793429 -0.000035
v 11.907874 10.543021 -0.000035
v 11.121458 10.727566 -0.000035
v 10.393440 10.817391 -0.000035
v 9.808575 10.817502 -0.000035
v 9.524778 10.817555 -0.000035
v 9.288769 10.817603 -0.000035
v 9.294828 10.860574 -0.000035
v 9.434922 11.028282 -0.000035
v 9.622801 11.256318 -0.000035
v 9.762941 11.592047 -0.000035
v 9.680609 11.864663 -0.000035
v 9.492157 12.127232 -0.000035
v 9.228464 12.318856 -0.000035
v 8.939889 12.383741 -0.000035
v 8.531986 12.226409 -0.000035
v 7.969469 11.686674 -0.000035
v 7.381750 10.950523 -0.000035
v 9.510389 11.640785 0.593747
v 8.987740 12.116827 0.593790
v 9.209548 12.047297 0.593782
v 9.342543 11.970138 0.593768
v 9.459431 11.828105 0.593753
v 8.191473 10.714317 -0.593821
v 6.463347 8.769467 -0.593821
v 7.898836 6.516354 -0.593821
v 12.536926 7.510870 -0.593821
v 11.849161 6.791612 -0.593821
v 12.874164 8.769467 -0.593821
v 12.536926 9.741893 -0.593821
v 11.804698 10.453758 -0.593821
v 10.356967 10.714317 -0.593821
v 10.413443 6.428879 -0.593821
v 6.921035 10.130967 -0.593821
v 6.644548 9.540059 -0.593821
v 7.398400 10.524803 -0.593821
v 6.644661 7.281692 -0.593821
v 7.048481 6.790861 -0.593821
v 6.477321 7.987382 -0.593821
v 10.393440 10.817391 -0.337043
v 11.907874 10.543021 -0.337043
v 12.688934 9.793429 -0.337043
v 13.044046 8.769467 -0.337043
v 12.688934 7.444164 -0.337043
v 11.956388 6.679826 -0.337043
v 10.454564 6.299105 -0.337043
v 7.847160 6.384601 -0.337043
v 6.919642 6.690641 -0.337043
v 6.492576 7.207613 -0.337043
v 6.313596 7.950898 -0.337043
v 6.293465 8.769467 -0.337043
v 6.484267 9.580899 -0.337043
v 6.775403 10.203123 -0.337043
v 7.278076 10.617833 -0.337043
v 8.631420 6.327168 -0.337043
v 8.648283 6.446746 -0.593821
v 9.124134 10.714638 -0.593765
v 9.288769 10.817603 -0.337043
v 9.492157 12.127232 -0.337050
v 8.939889 12.383741 -0.337145
v 9.762941 11.592047 -0.337008
v 9.694273 11.600695 -0.593796
v 9.457988 12.058548 -0.593823
v 8.938354 12.302932 -0.593914
v 9.622801 11.256318 -0.337049
v 9.581698 11.292695 -0.593824
v 9.051401 11.764391 -0.593822
v 8.593093 12.172053 -0.593881
v 8.531986 12.226409 -0.337106
v 9.294828 10.860574 -0.337095
v 9.229679 10.869885 -0.593838
v 8.210639 10.926218 -0.593821
v 7.492812 10.896518 -0.593834
v 7.381750 10.950523 -0.337056
v 9.434922 11.028282 -0.337079
v 9.376559 11.048033 -0.593834
v 8.666063 11.379503 -0.593822
v 8.043109 11.615543 -0.593855
v 7.969469 11.686674 -0.337078
v 11.628242 6.991711 -0.742176
v 12.222166 7.617601 -0.742176
v 10.281445 8.738080 -0.742176
v 12.522395 8.738080 -0.742176
v 12.222166 9.603790 -0.742176
v 11.591051 10.237533 -0.742176
v 10.281445 10.469498 -0.742176
v 10.329389 6.666756 -0.742176
v 8.340038 10.454328 -0.742176
v 9.124134 10.469704 -0.742128
v 8.011779 6.761257 -0.742176
v 8.679232 6.666215 -0.742176
v 6.976425 9.424106 -0.742176
v 7.222571 9.950167 -0.742176
v 6.815111 8.738080 -0.742176
v 7.562932 10.294613 -0.742176
v 7.312956 6.970064 -0.742176
v 6.957270 7.406765 -0.742176
v 6.814020 8.034609 -0.742176
v 8.005211 7.356332 -0.742176
v 8.698746 7.486274 -0.742176
v 10.281440 7.466643 -0.742176
v 11.433283 7.513151 -0.742176
v 11.827859 8.017575 -0.742176
v 11.951069 8.765695 -0.742176
v 11.777742 9.342985 -0.742176
v 11.399451 9.803991 -0.742176
v 10.281440 9.959766 -0.742176
v 7.758252 8.020272 -0.744374
v 9.808575 10.817502 -0.337043
v 9.704249 10.714487 -0.593791
v 9.700354 10.469651 -0.742140
v 9.727098 9.917342 -0.742152
v 9.742795 8.709070 -0.742176
v 9.771096 7.453187 -0.742176
v 9.820421 6.643317 -0.742176
v 9.841753 6.399070 -0.593821
v 9.852594 6.265962 -0.337043
v 8.191798 9.917803 -0.742176
v 7.990378 9.378079 -0.742178
v 7.814520 8.874996 -0.742842
v 9.259481 6.279643 -0.337043
v 9.273602 6.399576 -0.593821
v 9.298875 6.619781 -0.742176
v 9.293775 7.516887 -0.742176
v 9.385756 10.469679 -0.742133
v 9.387524 10.714570 -0.593777
v 9.524778 10.817555 -0.337043
v 9.315693 9.866466 -0.742159
v 9.143640 8.697362 -0.742168
v 8.930703 9.860740 -0.742164
v 8.490519 8.256533 -0.742192
v 8.736721 9.162989 -0.742171
v 8.485879 8.760470 -0.742181
v 11.468563 8.765695 -0.742176
v 11.121458 10.727566 -0.337043
v 11.098517 10.629498 -0.593821
v 11.051010 10.393965 -0.742176
v 11.009397 9.913883 -0.742176
v 11.024411 8.763749 -0.742176
v 11.016747 7.457940 -0.742176
v 11.095059 6.789751 -0.742176
v 11.150743 6.561236 -0.593821
v 11.178193 6.435206 -0.337043
v 8.832039 10.714477 -0.593793
v 8.958116 10.907963 -0.593830
v 9.176682 11.186662 -0.593828
v 9.407297 11.455871 -0.593823
v 9.622218 11.835539 -0.593810
v 9.680609 11.864663 -0.337029
v 8.182707 8.841390 -0.742318
v 8.383027 9.325376 -0.742174
v 8.566432 9.892509 -0.742170
v 8.901628 10.456092 -0.742153
v 7.707623 10.607117 -0.593821
v 7.850275 10.399529 -0.742176
v 7.718551 9.977288 -0.742176
v 7.525595 9.394529 -0.742176
v 7.348351 8.884294 -0.742367
v 9.228462 12.318855 -0.337098
v 9.204582 12.244090 -0.593868
v 8.770646 11.999680 -0.593852
v 8.268100 11.489025 -0.593839
v 7.759203 10.888125 -0.593828
v 8.103059 8.482682 -0.743187
v 7.726581 8.411596 -0.744295
v 7.282652 8.409355 -0.742896
v 9.510389 11.640785 -0.593817
v 8.987740 12.116827 -0.593860
v 9.209548 12.047297 -0.593852
v 9.342543 11.970138 -0.593838
v 9.459431 11.828105 -0.593823
v -8.191474 10.714317 0.593751
v -6.463347 8.769467 0.593751
v -7.898837 6.516354 0.593751
v -12.536926 7.510870 0.593751
v -11.849161 6.791612 0.593751
v -12.874165 8.769467 0.593751
v -12.536926 9.741893 0.593751
v -11.804699 10.453758 0.593751
v -10.356968 10.714317 0.593751
v -10.413445 6.428879 0.593751
v -6.921036 10.130967 0.593751
v -6.644548 9.540059 0.593751
v -7.398401 10.524803 0.593751
v -6.644661 7.281692 0.593751
v -7.048482 6.790861 0.593751
v -6.477321 7.987382 0.593751
v -10.393440 10.817391 0.336973
v -11.907874 10.543021 0.336973
v -12.688934 9.793429 0.336973
v -13.044048 8.769467 0.336973
v -12.688934 7.444164 0.336973
v -11.956388 6.679826 0.336973
v -10.454564 6.299105 0.336973
v -7.847160 6.384601 0.336973
v -6.919642 6.690641 0.336973
v -6.492577 7.207613 0.336973
v -6.313596 7.950898 0.336973
v -6.293465 8.769467 0.336973
v -6.484268 9.580899 0.336973
v -6.775403 10.203123 0.336973
v -7.278076 10.617833 0.336973
v -8.631420 6.327168 0.336973
v -8.648284 6.446746 0.593751
v -9.124134 10.714638 0.593695
v -9.288770 10.817603 0.336973
v -9.492157 12.127232 0.336980
v -8.939889 12.383741 0.337076
v -9.762941 11.592047 0.336938
v -9.694275 11.600695 0.593727
v -9.457990 12.058548 0.593753
v -8.938354 12.302932 0.593844
v -9.622802 11.256318 0.336980
v -9.581699 11.292695 0.593754
v -9.051401 11.764391 0.593753
v -8.593094 12.172053 0.593811
v -8.531986 12.226409 0.337036
v -9.294829 10.860574 0.337026
v -9.229680 10.869885 0.593768
v -8.210639 10.926218 0.593752
v -7.492812 10.896518 0.593764
v -7.381750 10.950523 0.336986
v -9.434922 11.028282 0.337009
v -9.376559 11.048033 0.593764
v -8.666063 11.379503 0.593752
v -8.043111 11.615543 0.593786
v -7.969470 11.686674 0.337008
v -11.628242 6.991711 0.742106
v -12.222166 7.617601 0.742106
v -10.281446 8.738080 0.742106
v -12.522395 8.738080 0.742106
v -12.222166 9.603790 0.742106
v -11.591052 10.237533 0.742106
v -10.281446 10.469498 0.742106
v -10.329390 6.666756 0.742106
v -8.340039 10.454328 0.742106
v -9.124134 10.469704 0.742058
v -8.011781 6.761257 0.742106
v -8.679232 6.666215 0.742106
v -6.976425 9.424106 0.742106
v -7.222571 9.950167 0.742106
v -6.815112 8.738080 0.742106
v -7.562932 10.294613 0.742106
v -7.312957 6.970064 0.742106
v -6.957270 7.406765 0.742106
v -6.814020 8.034609 0.742106
v -8.005211 7.356332 0.742106
v -8.698747 7.486274 0.742106
v -10.281441 7.466643 0.742106
v -11.433283 7.513151 0.742106
v -11.827860 8.017575 0.742106
v -11.951070 8.765695 0.742106
v -11.777743 9.342985 0.742106
v -11.399452 9.803991 0.742106
v -10.281441 9.959766 0.742106
v -7.758252 8.020272 0.744305
v -9.808576 10.817502 0.336973
v -9.704249 10.714487 0.593722
v -9.700355 10.469651 0.742070
v -9.727099 9.917342 0.742082
v -9.742795 8.709070 0.742106
v -9.771096 7.453187 0.742106
v -9.820422 6.643317 0.742106
v -9.841755 6.399070 0.593751
v -9.852594 6.265962 0.336973
v -8.191798 9.917803 0.742106
v -7.990379 9.378079 0.742108
v -7.814520 8.874996 0.742772
v -9.259482 6.279643 0.336973
v -9.273603 6.399576 0.593751
v -9.298875 6.619781 0.742106
v -9.293775 7.516887 0.742106
v -9.385756 10.469679 0.742064
v -9.387525 10.714570 0.593707
v -9.524779 10.817555 0.336973
v -9.315693 9.866466 0.742089
v -9.143640 8.697362 0.742098
v -8.930703 9.860740 0.742095
v -8.490520 8.256533 0.742122
v -8.736722 9.162989 0.742101
v -8.485880 8.760470 0.742111
v -11.468565 8.765695 0.742106
v -11.121459 10.727566 0.336973
v -11.098517 10.629498 0.593752
v -11.051011 10.393965 0.742106
v -11.009397 9.913883 0.742106
v -11.024411 8.763749 0.742106
v -11.016748 7.457940 0.742106
v -11.095060 6.789751 0.742106
v -11.150744 6.561236 0.593752
v -11.178194 6.435206 0.336973
v -8.832039 10.714477 0.593723
v -8.958117 10.907963 0.593760
v -9.176683 11.186662 0.593758
v -9.407298 11.455871 0.593753
v -9.622219 11.835539 0.593740
v -9.680609 11.864663 0.336959
v -8.182707 8.841390 0.742249
v -8.383028 9.325376 0.742104
v -8.566432 9.892509 0.742101
v -8.901629 10.456092 0.742083
v -7.707624 10.607117 0.593752
v -7.850276 10.399529 0.742106
v -7.718551 9.977288 0.742106
v -7.525596 9.394529 0.742106
v -7.348352 8.884294 0.742297
v -9.228462 12.318855 0.337028
v -9.204583 12.244090 0.593799
v -8.770647 11.999680 0.593782
v -8.268101 11.489025 0.593769
v -7.759203 10.888125 0.593758
v -8.103059 8.482682 0.743118
v -7.726581 8.411596 0.744225
v -7.282653 8.409355 0.742826
v -7.278076 10.617833 -0.000035
v -6.775403 10.203123 -0.000035
v -6.484268 9.580899 -0.000035
v -6.293465 8.769467 -0.000035
v -6.313596 7.950898 -0.000035
v -6.492577 7.207613 -0.000035
v -6.919642 6.690641 -0.000035
v -7.847160 6.384601 -0.000035
v -8.631420 6.327168 -0.000035
v -9.259482 6.279643 -0.000035
v -9.852594 6.265962 -0.000035
v -10.454564 6.299105 -0.000035
v -11.178194 6.435206 -0.000035
v -11.956388 6.679826 -0.000035
v -12.688934 7.444164 -0.000035
v -13.044048 8.769467 -0.000035
v -12.688934 9.793429 -0.000035
v -11.907874 10.543021 -0.000035
v -11.121459 10.727566 -0.000035
v -10.393440 10.817391 -0.000035
v -9.808576 10.817502 -0.000035
v -9.524779 10.817555 -0.000035
v -9.288770 10.817603 -0.000035
v -9.294829 10.860574 -0.000035
v -9.434922 11.028282 -0.000035
v -9.622802 11.256318 -0.000035
v -9.762941 11.592047 -0.000035
v -9.680609 11.864663 -0.000035
v -9.492157 12.127232 -0.000035
v -9.228465 12.318856 -0.000035
v -8.939889 12.383741 -0.000035
v -8.531986 12.226409 -0.000035
v -7.969470 11.686674 -0.000035
v -7.381750 10.950523 -0.000035
v -9.510390 11.640785 0.593747
v -8.987741 12.116827 0.593790
v -9.209548 12.047297 0.593782
v -9.342543 11.970138 0.593768
v -9.459432 11.828105 0.593753
v -8.191474 10.714317 -0.593821
v -6.463347 8.769467 -0.593821
v -7.898837 6.516354 -0.593821
v -12.536926 7.510870 -0.593821
v -11.849161 6.791612 -0.593821
v -12.874165 8.769467 -0.593821
v -12.536926 9.741893 -0.593821
v -11.804699 10.453758 -0.593821
v -10.356968 10.714317 -0.593821
v -10.413445 6.428879 -0.593821
v -6.921036 10.130967 -0.593821
v -6.644548 9.540059 -0.593821
v -7.398401 10.524803 -0.593821
v -6.644661 7.281692 -0.593821
v -7.048482 6.790861 -0.593821
v -6.477321 7.987382 -0.593821
v -10.393440 10.817391 -0.337043
v -11.907874 10.543021 -0.337043
v -12.688934 9.793429 -0.337043
v -13.044048 8.769467 -0.337043
v -12.688934 7.444164 -0.337043
v -11.956388 6.679826 -0.337043
v -10.454564 6.299105 -0.337043
v -7.847160 6.384601 -0.337043
v -6.919642 6.690641 -0.337043
v -6.492577 7.207613 -0.337043
v -6.313596 7.950898 -0.337043
v -6.293465 8.769467 -0.337043
v -6.484268 9.580899 -0.337043
v -6.775403 10.203123 -0.337043
v -7.278076 10.617833 -0.337043
v -8.631420 6.327168 -0.337043
v -8.648284 6.446746 -0.593821
v -9.124134 10.714638 -0.593765
v -9.288770 10.817603 -0.337043
v -9.492157 12.127232 -0.337050
v -8.939889 12.383741 -0.337145
v -9.762941 11.592047 -0.337008
v -9.694275 11.600695 -0.593796
v -9.457990 12.058548 -0.593823
v -8.938354 12.302932 -0.593914
v -9.622802 11.256318 -0.337049
v -9.581699 11.292695 -0.593824
v -9.051401 11.764391 -0.593822
v -8.593094 12.172053 -0.593881
v -8.531986 12.226409 -0.337106
v -9.294829 10.860574 -0.337095
v -9.229680 10.869885 -0.593838
v -8.210639 10.926218 -0.593821
v -7.492812 10.896518 -0.593834
v -7.381750 10.950523 -0.337056
v -9.434922 11.028282 -0.337079
v -9.376559 11.048033 -0.593834
v -8.666063 11.379503 -0.593822
v -8.043111 11.615543 -0.593855
v -7.969470 11.686674 -0.337078
v -11.628242 6.991711 -0.742176
v -12.222166 7.617601 -0.742176
v -10.281446 8.738080 -0.742176
v -12.522395 8.738080 -0.742176
v -12.222166 9.603790 -0.742176
v -11.591052 10.237533 -0.742176
v -10.281446 10.469498 -0.742176
v -10.329390 6.666756 -0.742176
v -8.340039 10.454328 -0.742176
v -9.124134 10.469704 -0.742128
v -8.011781 6.761257 -0.742176
v -8.679232 6.666215 -0.742176
v -6.976425 9.424106 -0.742176
v -7.222571 9.950167 -0.742176
v -6.815112 8.738080 -0.742176
v -7.562932 10.294613 -0.742176
v -7.312957 6.970064 -0.742176
v -6.957270 7.406765 -0.742176
v -6.814020 8.034609 -0.742176
v -8.005211 7.356332 -0.742176
v -8.698747 7.486274 -0.742176
v -10.281441 7.466643 -0.742176
v -11.433283 7.513151 -0.742176
v -11.827860 8.017575 -0.742176
v -11.951070 8.765695 -0.742176
v -11.777743 9.342985 -0.742176
v -11.399452 9.803991 -0.742176
v -10.281441 9.959766 -0.742176
v -7.758252 8.020272 -0.744374
v -9.808576 10.817502 -0.337043
v -9.704249 10.714487 -0.593791
v -9.700355 10.469651 -0.742140
v -9.727099 9.917342 -0.742152
v -9.742795 8.709070 -0.742176
v -9.771096 7.453187 -0.742176
v -9.820422 6.643317 -0.742176
v -9.841755 6.399070 -0.593821
v -9.852594 6.265962 -0.337043
v -8.191798 9.917803 -0.742176
v -7.990379 9.378079 -0.742178
v -7.814520 8.874996 -0.742842
v -9.259482 6.279643 -0.337043
v -9.273603 6.399576 -0.593821
v -9.298875 6.619781 -0.742176
v -9.293775 7.516887 -0.742176
v -9.385756 10.469679 -0.742133
v -9.387525 10.714570 -0.593777
v -9.524779 10.817555 -0.337043
v -9.315693 9.866466 -0.742159
v -9.143640 8.697362 -0.742168
v -8.930703 9.860740 -0.742164
v -8.490520 8.256533 -0.742192
v -8.736722 9.162989 -0.742171
v -8.485880 8.760470 -0.742181
v -11.468565 8.765695 -0.742176
v -11.121459 10.727566 -0.337043
v -11.098517 10.629498 -0.593821
v -11.051011 10.393965 -0.742176
v -11.009397 9.913883 -0.742176
v -11.024411 8.763749 -0.742176
v -11.016748 7.457940 -0.742176
v -11.095060 6.789751 -0.742176
v -11.150744 6.561236 -0.593821
v -11.178194 6.435206 -0.337043
v -8.832039 10.714477 -0.593793
v -8.958117 10.907963 -0.593830
v -9.176683 11.186662 -0.593828
v -9.407298 11.455871 -0.593823
v -9.622219 11.835539 -0.593810
v -9.680609 11.864663 -0.337029
v -8.182707 8.841390 -0.742318
v -8.383028 9.325376 -0.742174
v -8.566432 9.892509 -0.742170
v -8.901629 10.456092 -0.742153
v -7.707624 10.607117 -0.593821
v -7.850276 10.399529 -0.742176
v -7.718551 9.977288 -0.742176
v -7.525596 9.394529 -0.742176
v -7.348352 8.884294 -0.742367
v -9.228462 12.318855 -0.337098
v -9.204583 12.244090 -0.593868
v -8.770647 11.999680 -0.593852
v -8.268101 11.489025 -0.593839
v -7.759203 10.888125 -0.593828
v -8.103059 8.482682 -0.743187
v -7.726581 8.411596 -0.744295
v -7.282653 8.409355 -0.742896
v -9.510390 11.640785 -0.593817
v -8.987741 12.116827 -0.593860
v -9.209548 12.047297 -0.593852
v -9.342543 11.970138 -0.593838
v -9.459432 11.828105 -0.593823
vt 0.656250 0.843750
vt 0.343750 0.156250
vt 0.656250 0.156250
vt 0.343750 0.843750
vt 0.500000 0.843750
vt 0.656250 0.843750
vt 0.500000 0.312500
vt 0.429120 0.271578
vt 0.429120 0.728422
vt 0.343750 0.843750
vt 0.352125 0.812495
vt 0.570880 0.271578
vt 0.656250 0.156250
vt 0.647875 0.187505
vt 0.647875 0.812495
vt 0.500000 0.687500
vt 0.570880 0.728422
vt 0.364684 0.234375
vt 0.364684 0.765625
vt 0.635316 0.234375
vt 0.635316 0.765625
vt 0.375000 0.593741
vt 0.623661 0.500000
vt 0.479167 0.593741
vt 0.479167 0.687500
vt 0.479167 0.593741
vt 0.458333 0.687500
vt 0.458333 0.593741
vt 0.437500 0.687500
vt 0.437500 0.593741
vt 0.416667 0.687500
vt 0.416667 0.593741
vt 0.395833 0.687500
vt 0.395833 0.593741
vt 0.375000 0.687500
vt 0.625000 0.593741
vt 0.625000 0.687500
vt 0.604167 0.687500
vt 0.604167 0.687500
vt 0.604167 0.593741
vt 0.595832 0.687500
vt 0.604167 0.593741
vt 0.595832 0.593741
vt 0.583333 0.687500
vt 0.583333 0.593741
vt 0.563492 0.687500
vt 0.541667 0.687500
vt 0.563492 0.593741
vt 0.519841 0.687500
vt 0.541667 0.593741
vt 0.519841 0.593741
vt 0.500000 0.687500
vt 0.500000 0.593741
vt 0.487501 0.687500
vt 0.487501 0.593741
vt 0.479167 0.687500
vt 0.343750 0.156250
vt 0.656250 0.156250
vt 0.604167 0.593741
vt 0.656250 0.843750
vt 0.604167 0.687500
vt 0.479167 0.687500
vt 0.343750 0.843750
vt 0.479167 0.593741
vt 0.487501 0.593741
vt 0.479167 0.593741
vt 0.479167 0.687500
vt 0.479167 0.687500
vt 0.487501 0.687500
vt 0.479167 0.593741
vt 0.479167 0.687500
vt 0.479167 0.687500
vt 0.487501 0.687500
vt 0.487501 0.593741
vt 0.479167 0.593741
vt 0.479167 0.687500
vt 0.479167 0.687500
vt 0.487501 0.687500
vt 0.487501 0.593741
vt 0.479167 0.593741
vt 0.479167 0.687500
vt 0.479167 0.687500
vt 0.487501 0.687500
vt 0.487501 0.593741
vt 0.343750 0.156250
vt 0.656250 0.156250
vt 0.635316 0.921875
vt 0.578125 0.979066
vt 0.500000 1.000000
vt 0.421875 0.979066
vt 0.364684 0.921875
vt 0.343750 0.843750
vt 0.656250 0.843750
vt 0.343750 0.156250
vt 0.656250 0.156250
vt 0.656250 0.156250
vt 0.343774 0.843750
vt 0.343750 0.843750
vt 0.656250 0.843750
vt 0.656250 0.843750
vt 0.364684 0.234375
vt 0.500000 0.312500
vt 0.429120 0.271578
vt 0.364684 0.765625
vt 0.429120 0.728422
vt 0.500000 0.687500
vt 0.352125 0.812495
vt 0.421263 0.690459
vt 0.570880 0.271578
vt 0.647875 0.187505
vt 0.635316 0.765625
vt 0.647875 0.812495
vt 0.570880 0.728422
vt 0.614971 0.246122
vt 0.594039 0.830207
vt 0.590082 0.843750
vt 0.589033 0.843750
vt -0.043941 0.823030
vt 0.551433 0.932834
vt 0.500000 0.944408
vt 0.446936 0.935660
vt 1.099840 0.771278
vt 0.389750 0.843750
vt 0.514241 0.837827
vt 0.479167 0.593741
vt 0.479167 0.687500
vt 0.343750 0.843750
vt 0.343750 0.843750
vt 0.390706 0.843750
vt 0.500000 0.843750
vt 0.589589 0.843750
vt 0.656250 0.843750
vt 0.656250 0.843750
vt 0.604167 0.687500
vt 0.604167 0.593741
vt 0.389975 0.842144
vt 0.430242 0.840745
vt 0.474906 0.839194
vt 0.604167 0.593741
vt 0.656250 0.843750
vt 0.604167 0.687500
vt 0.656250 0.843750
vt 0.589858 0.843750
vt 0.343763 0.843750
vt 0.386069 0.760058
vt 0.479167 0.687500
vt 0.343750 0.843750
vt 0.479167 0.593741
vt 0.395101 0.843197
vt 0.490117 0.843230
vt 0.394499 0.837509
vt 0.506432 0.840136
vt 0.436904 0.841396
vt 0.474703 0.840087
vt 0.000000 0.000000
vt 1.000000 0.000000
vt 1.000000 1.000000
vt 0.000000 0.000000
vt 1.000000 0.000000
vt 0.000000 1.000000
vt 0.468750 0.593741
vt 0.347937 0.828123
vt 0.468750 0.687500
vt 0.354217 0.882812
vt 0.347937 0.828123
vt 0.744795 0.807514
vt 0.250000 0.921875
vt 0.750000 0.921875
vt 0.272546 0.833390
vt 0.645783 0.882812
vt 0.358404 0.789060
vt 0.358404 0.789060
vt 0.614583 0.687500
vt 0.613914 0.546870
vt 0.614583 0.593741
vt 0.479167 0.687500
vt 0.603098 0.252976
vt 0.479167 0.687500
vt 0.479167 0.687500
vt 0.479167 0.687500
vt 0.479167 0.687500
vt 0.479167 0.593741
vt 0.474804 0.839640
vt 0.433573 0.841071
vt 0.392237 0.839827
vt 0.592925 0.258850
vt 0.382506 0.767105
vt 0.641596 0.789060
vt 0.483334 0.687500
vt 0.347937 0.828123
vt 0.641596 0.789060
vt 0.377329 0.803885
vt 0.429681 0.784584
vt 0.487453 0.763347
vt 0.483334 0.593741
vt 0.483334 0.687500
vt 0.483334 0.687500
vt 0.483334 0.687500
vt 0.483334 0.687500
vt 0.494633 0.839273
vt 0.497714 0.838401
vt 0.520874 0.775342
vt 0.487501 0.593741
vt 0.500000 0.593741
vt 0.519841 0.593741
vt 0.541667 0.593741
vt 0.563492 0.593741
vt 0.583333 0.593741
vt 0.595832 0.593741
vt 0.604167 0.593741
vt 0.604167 0.593741
vt 0.604167 0.593741
vt 0.604167 0.593741
vt 0.604167 0.593741
vt 0.613914 0.546870
vt 0.623661 0.500000
vt 0.375000 0.593741
vt 0.395833 0.593741
vt 0.416667 0.593741
vt 0.437500 0.593741
vt 0.458333 0.593741
vt 0.468750 0.593741
vt 0.479167 0.593741
vt 0.479167 0.593741
vt 0.479167 0.593741
vt 0.479167 0.593741
vt 0.479167 0.593741
vt 0.479167 0.593741
vt 0.479167 0.593741
vt 0.479167 0.593741
vt 0.479167 0.593741
vt 0.479167 0.593741
vt 0.483334 0.593741
vt 0.487501 0.593741
vt 0.487501 0.593741
vt 0.487501 0.593741
vt 0.487501 0.593741
vt 0.479167 0.687500
vt 0.483334 0.687500
vt 0.481920 0.687500
vt 0.481011 0.687500
vt 0.479859 0.687500
vt 0.656250 0.843750
vt 0.594039 0.830207
vt 0.635316 0.765625
vt 0.647875 0.812495
vt 0.479167 0.687500
vt 0.479167 0.593741
vt 0.479167 0.593741
vt 0.479167 0.687500
vt 0.458333 0.593741
vt 0.468750 0.593741
vt 0.468750 0.687500
vt 0.458333 0.687500
vt 0.437500 0.593741
vt 0.437500 0.687500
vt 0.416667 0.593741
vt 0.416667 0.687500
vt 0.395833 0.593741
vt 0.395833 0.687500
vt 0.375000 0.593741
vt 0.375000 0.687500
vt 0.614583 0.687500
vt 0.614583 0.593741
vt 0.625000 0.593741
vt 0.625000 0.687500
vt 0.604167 0.687500
vt 0.604167 0.593741
vt 0.604167 0.593741
vt 0.604167 0.687500
vt 0.595832 0.687500
vt 0.595832 0.593741
vt 0.583333 0.593741
vt 0.583333 0.687500
vt 0.563492 0.593741
vt 0.563492 0.687500
vt 0.541667 0.687500
vt 0.541667 0.593741
vt 0.519841 0.687500
vt 0.519841 0.593741
vt 0.500000 0.593741
vt 0.500000 0.687500
vt 0.487501 0.593741
vt 0.487501 0.687500
vt 0.483334 0.593741
vt 0.483334 0.687500
vt 0.604167 0.687500
vt 0.604167 0.593741
vt 0.604167 0.593741
vt 0.604167 0.687500
vt 0.500000 0.843750
vt 0.589589 0.843750
vt 0.589033 0.843750
vt 0.500000 0.843750
vt 0.389750 0.843750
vt 0.390706 0.843750
vt 0.479167 0.593741
vt 0.479167 0.593741
vt 0.479167 0.687500
vt 0.479167 0.687500
vt 0.479167 0.687500
vt 0.479167 0.593741
vt 0.479167 0.593741
vt 0.479167 0.687500
vt 0.479167 0.687500
vt 0.479167 0.687500
vt 0.479167 0.687500
vt 0.479167 0.687500
vt 0.487501 0.687500
vt 0.487501 0.593741
vt 0.483334 0.687500
vt 0.483334 0.687500
vt 0.479167 0.687500
vt 0.479167 0.593741
vt 0.479167 0.593741
vt 0.479167 0.687500
vt 0.481920 0.687500
vt 0.479167 0.687500
vt 0.479859 0.687500
vt 0.481011 0.687500
vt 0.487501 0.593741
vt 0.487501 0.687500
vt 0.487501 0.687500
vt 0.487501 0.593741
vt 0.479167 0.593741
vt 0.479167 0.687500
vt 0.479167 0.687500
vt 0.479167 0.687500
vt 0.483334 0.687500
vt 0.487501 0.687500
vt 0.487501 0.593741
vt 0.479167 0.687500
vt 0.483334 0.687500
vt 0.500000 0.312500
vt 0.429120 0.271578
vt 0.429120 0.271578
vt 0.500000 0.312500
vt 0.364684 0.234375
vt 0.364684 0.234375
vt 0.364684 0.765625
vt 0.429120 0.728422
vt 0.429120 0.728422
vt 0.364684 0.765625
vt 0.500000 0.687500
vt 0.500000 0.687500
vt 0.343750 0.843750
vt 0.347937 0.828123
vt 0.347937 0.828123
vt 0.343750 0.843750
vt 0.358404 0.789060
vt 0.358404 0.789060
vt 0.490117 0.843230
vt 0.589858 0.843750
vt 0.570880 0.271578
vt 0.570880 0.271578
vt 0.656250 0.156250
vt 0.647875 0.187505
vt 0.647875 0.187505
vt 0.656250 0.156250
vt 0.635316 0.234375
vt 0.421263 0.690459
vt 0.635316 0.765625
vt 0.641596 0.789060
vt 0.641596 0.789060
vt 0.647875 0.812495
vt 0.656250 0.843750
vt 0.570880 0.728422
vt 0.570880 0.728422
vt 0.343750 0.156250
vt 0.343750 0.156250
vt 0.343750 0.156250
vt 0.343750 0.156250
vt 0.656250 0.156250
vt 0.656250 0.156250
vt 0.656250 0.156250
vt 0.656250 0.156250
vt 0.656250 0.843750
vt 0.656250 0.843750
vt 0.656250 0.843750
vt 0.656250 0.843750
vt 0.343750 0.843750
vt 0.343750 0.843750
vt 0.343750 0.843750
vt 0.343750 0.843750
vt 0.592925 0.258850
vt 0.603098 0.252976
vt 0.377329 0.803885
vt 0.429681 0.784584
vt 0.430242 0.840745
vt 0.389975 0.842144
vt 0.656250 0.843750
vt 0.590082 0.843750
vt 0.272546 0.833390
vt 0.645783 0.882812
vt 0.635316 0.921875
vt -0.043941 0.823030
vt 0.578125 0.979066
vt 0.551433 0.932834
vt 0.500000 1.000000
vt 0.500000 0.944408
vt 0.421875 0.979066
vt 0.446936 0.935660
vt 0.364684 0.921875
vt 1.099840 0.771278
vt 0.354217 0.882812
vt 0.744795 0.807514
vt 0.514241 0.837827
vt 0.479167 0.687500
vt 0.479167 0.593741
vt 0.343763 0.843750
vt 0.343750 0.843750
vt 0.343750 0.843750
vt 0.343774 0.843750
vt 0.656250 0.843750
vt 0.656250 0.843750
vt 0.656250 0.843750
vt 0.604167 0.593741
vt 0.604167 0.687500
vt 0.347937 0.828123
vt 0.487453 0.763347
vt 0.474906 0.839194
vt 0.520874 0.775342
vt 0.386069 0.760058
vt 0.394499 0.837509
vt 0.395101 0.843197
vt 0.392237 0.839827
vt 0.382506 0.767105
vt 0.436904 0.841396
vt 0.474703 0.840087
vt 0.506432 0.840136
vt 0.433573 0.841071
vt 0.474804 0.839640
vt 0.494633 0.839273
vt 0.000000 0.000000
vt 1.000000 0.000000
vt 1.000000 1.000000
vt 0.000000 0.000000
vt 1.000000 0.000000
vt 0.000000 1.000000
vt 0.250000 0.921875
vt 0.750000 0.921875
vt 0.352125 0.812495
vt 0.352125 0.812495
vt 0.487501 0.593741
vt 0.487501 0.593741
vt 0.487501 0.593741
vt 0.487501 0.593741
vt 0.487501 0.593741
vt 0.479167 0.593741
vt 0.483334 0.593741
vt 0.479167 0.593741
vt 0.479167 0.593741
vt 0.479167 0.593741
vt 0.479167 0.593741
vt 0.479167 0.593741
vt 0.479167 0.593741
vt 0.479167 0.593741
vt 0.479167 0.593741
vt 0.479167 0.593741
vt 0.458333 0.593741
vt 0.468750 0.593741
vt 0.437500 0.593741
vt 0.416667 0.593741
vt 0.395833 0.593741
vt 0.375000 0.593741
vt 0.613914 0.546870
vt 0.613914 0.546870
vt 0.623661 0.500000
vt 0.623661 0.500000
vt 0.604167 0.593741
vt 0.604167 0.593741
vt 0.604167 0.593741
vt 0.604167 0.593741
vt 0.604167 0.593741
vt 0.595832 0.593741
vt 0.583333 0.593741
vt 0.563492 0.593741
vt 0.541667 0.593741
vt 0.519841 0.593741
vt 0.500000 0.593741
vt 0.479167 0.687500
vt 0.614971 0.246122
vt 0.483334 0.687500
vt 0.497714 0.838401
vt 0.656250 0.843750
vt 0.594039 0.830207
vt 0.635316 0.765625
vt 0.647875 0.812495
vt 0.479167 0.687500
vt 0.479167 0.593741
vt 0.479167 0.593741
vt 0.479167 0.687500
vt 0.458333 0.593741
vt 0.468750 0.593741
vt 0.468750 0.687500
vt 0.458333 0.687500
vt 0.437500 0.593741
vt 0.437500 0.687500
vt 0.416667 0.593741
vt 0.416667 0.687500
vt 0.395833 0.593741
vt 0.395833 0.687500
vt 0.375000 0.593741
vt 0.375000 0.687500
vt 0.614583 0.687500
vt 0.614583 0.593741
vt 0.625000 0.593741
vt 0.625000 0.687500
vt 0.604167 0.687500
vt 0.604167 0.593741
vt 0.604167 0.593741
vt 0.604167 0.687500
vt 0.595832 0.687500
vt 0.595832 0.593741
vt 0.583333 0.593741
vt 0.583333 0.687500
vt 0.563492 0.593741
vt 0.563492 0.687500
vt 0.541667 0.687500
vt 0.541667 0.593741
vt 0.519841 0.687500
vt 0.519841 0.593741
vt 0.500000 0.593741
vt 0.500000 0.687500
vt 0.487501 0.593741
vt 0.487501 0.687500
vt 0.483334 0.593741
vt 0.483334 0.687500
vt 0.604167 0.687500
vt 0.604167 0.593741
vt 0.604167 0.593741
vt 0.604167 0.687500
vt 0.500000 0.843750
vt 0.589589 0.843750
vt 0.589033 0.843750
vt 0.500000 0.843750
vt 0.389750 0.843750
vt 0.390706 0.843750
vt 0.479167 0.593741
vt 0.479167 0.593741
vt 0.479167 0.687500
vt 0.479167 0.687500
vt 0.479167 0.687500
vt 0.479167 0.593741
vt 0.479167 0.593741
vt 0.479167 0.687500
vt 0.479167 0.687500
vt 0.479167 0.687500
vt 0.479167 0.687500
vt 0.479167 0.687500
vt 0.487501 0.687500
vt 0.487501 0.593741
vt 0.483334 0.687500
vt 0.483334 0.687500
vt 0.479167 0.687500
vt 0.479167 0.593741
vt 0.479167 0.593741
vt 0.479167 0.687500
vt 0.481920 0.687500
vt 0.479167 0.687500
vt 0.479859 0.687500
vt 0.481011 0.687500
vt 0.487501 0.593741
vt 0.487501 0.687500
vt 0.487501 0.687500
vt 0.487501 0.593741
vt 0.479167 0.593741
vt 0.479167 0.687500
vt 0.479167 0.687500
vt 0.479167 0.687500
vt 0.483334 0.687500
vt 0.487501 0.687500
vt 0.487501 0.593741
vt 0.479167 0.687500
vt 0.483334 0.687500
vt 0.500000 0.312500
vt 0.429120 0.271578
vt 0.429120 0.271578
vt 0.500000 0.312500
vt 0.364684 0.234375
vt 0.364684 0.234375
vt 0.364684 0.765625
vt 0.429120 0.728422
vt 0.429120 0.728422
vt 0.364684 0.765625
vt 0.500000 0.687500
vt 0.500000 0.687500
vt 0.343750 0.843750
vt 0.347937 0.828123
vt 0.347937 0.828123
vt 0.343750 0.843750
vt 0.358404 0.789060
vt 0.358404 0.789060
vt 0.490117 0.843230
vt 0.589858 0.843750
vt 0.570880 0.271578
vt 0.570880 0.271578
vt 0.656250 0.156250
vt 0.647875 0.187505
vt 0.647875 0.187505
vt 0.656250 0.156250
vt 0.635316 0.234375
vt 0.421263 0.690459
vt 0.635316 0.765625
vt 0.641596 0.789060
vt 0.641596 0.789060
vt 0.647875 0.812495
vt 0.656250 0.843750
vt 0.570880 0.728422
vt 0.570880 0.728422
vt 0.343750 0.156250
vt 0.343750 0.156250
vt 0.343750 0.156250
vt 0.343750 0.156250
vt 0.656250 0.156250
vt 0.656250 0.156250
vt 0.656250 0.156250
vt 0.656250 0.156250
vt 0.656250 0.843750
vt 0.656250 0.843750
vt 0.656250 0.843750
vt 0.656250 0.843750
vt 0.343750 0.843750
vt 0.343750 0.843750
vt 0.343750 0.843750
vt 0.343750 0.843750
vt 0.592925 0.258850
vt 0.603098 0.252976
vt 0.377329 0.803885
vt 0.429681 0.784584
vt 0.430242 0.840745
vt 0.389975 0.842144
vt 0.656250 0.843750
vt 0.590082 0.843750
vt 0.272546 0.833390
vt 0.645783 0.882812
vt 0.635316 0.921875
vt -0.043941 0.823030
vt 0.578125 0.979066
vt 0.551433 0.932834
vt 0.500000 1.000000
vt 0.500000 0.944408
vt 0.421875 0.979066
vt 0.446936 0.935660
vt 0.364684 0.921875
vt 1.099840 0.771278
vt 0.354217 0.882812
vt 0.744795 0.807514
vt 0.514241 0.837827
vt 0.479167 0.687500
vt 0.479167 0.593741
vt 0.343763 0.843750
vt 0.343750 0.843750
vt 0.343750 0.843750
vt 0.343774 0.843750
vt 0.656250 0.843750
vt 0.656250 0.843750
vt 0.656250 0.843750
vt 0.604167 0.593741
vt 0.604167 0.687500
vt 0.347937 0.828123
vt 0.487453 0.763347
vt 0.474906 0.839194
vt 0.520874 0.775342
vt 0.386069 0.760058
vt 0.394499 0.837509
vt 0.395101 0.843197
vt 0.392237 0.839827
vt 0.382506 0.767105
vt 0.436904 0.841396
vt 0.474703 0.840087
vt 0.506432 0.840136
vt 0.433573 0.841071
vt 0.474804 0.839640
vt 0.494633 0.839273
vt 0.000000 0.000000
vt 1.000000 0.000000
vt 1.000000 1.000000
vt 0.000000 0.000000
vt 1.000000 0.000000
vt 0.000000 1.000000
vt 0.250000 0.921875
vt 0.750000 0.921875
vt 0.352125 0.812495
vt 0.352125 0.812495
vt 0.487501 0.593741
vt 0.487501 0.593741
vt 0.487501 0.593741
vt 0.487501 0.593741
vt 0.487501 0.593741
vt 0.479167 0.593741
vt 0.483334 0.593741
vt 0.479167 0.593741
vt 0.479167 0.593741
vt 0.479167 0.593741
vt 0.479167 0.593741
vt 0.479167 0.593741
vt 0.479167 0.593741
vt 0.479167 0.593741
vt 0.479167 0.593741
vt 0.479167 0.593741
vt 0.458333 0.593741
vt 0.468750 0.593741
vt 0.437500 0.593741
vt 0.416667 0.593741
vt 0.395833 0.593741
vt 0.375000 0.593741
vt 0.613914 0.546870
vt 0.613914 0.546870
vt 0.623661 0.500000
vt 0.623661 0.500000
vt 0.604167 0.593741
vt 0.604167 0.593741
vt 0.604167 0.593741
vt 0.604167 0.593741
vt 0.604167 0.593741
vt 0.595832 0.593741
vt 0.583333 0.593741
vt 0.563492 0.593741
vt 0.541667 0.593741
vt 0.519841 0.593741
vt 0.500000 0.593741
vt 0.479167 0.687500
vt 0.614971 0.246122
vt 0.483334 0.687500
vt 0.497714 0.838401
vt 0.656250 0.843750
vt 0.647875 0.812495
vt 0.635316 0.765625
vt 0.594039 0.830207
vt 0.479167 0.687500
vt 0.479167 0.687500
vt 0.479167 0.593741
vt 0.479167 0.593741
vt 0.458333 0.593741
vt 0.458333 0.687500
vt 0.468750 0.687500
vt 0.468750 0.593741
vt 0.437500 0.593741
vt 0.437500 0.687500
vt 0.416667 0.593741
vt 0.416667 0.687500
vt 0.395833 0.593741
vt 0.395833 0.687500
vt 0.375000 0.593741
vt 0.375000 0.687500
vt 0.614583 0.687500
vt 0.625000 0.687500
vt 0.625000 0.593741
vt 0.614583 0.593741
vt 0.604167 0.687500
vt 0.604167 0.687500
vt 0.604167 0.593741
vt 0.604167 0.593741
vt 0.595832 0.593741
vt 0.595832 0.687500
vt 0.583333 0.593741
vt 0.583333 0.687500
vt 0.563492 0.593741
vt 0.563492 0.687500
vt 0.541667 0.687500
vt 0.541667 0.593741
vt 0.519841 0.687500
vt 0.519841 0.593741
vt 0.500000 0.593741
vt 0.500000 0.687500
vt 0.487501 0.593741
vt 0.487501 0.687500
vt 0.483334 0.687500
vt 0.483334 0.593741
vt 0.604167 0.687500
vt 0.604167 0.687500
vt 0.604167 0.593741
vt 0.604167 0.593741
vt 0.500000 0.843750
vt 0.500000 0.843750
vt 0.589033 0.843750
vt 0.589589 0.843750
vt 0.389750 0.843750
vt 0.390706 0.843750
vt 0.479167 0.593741
vt 0.479167 0.687500
vt 0.479167 0.687500
vt 0.479167 0.593741
vt 0.479167 0.687500
vt 0.479167 0.687500
vt 0.479167 0.593741
vt 0.479167 0.593741
vt 0.479167 0.687500
vt 0.479167 0.687500
vt 0.479167 0.687500
vt 0.479167 0.687500
vt 0.487501 0.593741
vt 0.487501 0.687500
vt 0.483334 0.687500
vt 0.483334 0.687500
vt 0.479167 0.687500
vt 0.479167 0.687500
vt 0.479167 0.593741
vt 0.479167 0.593741
vt 0.481920 0.687500
vt 0.481011 0.687500
vt 0.479859 0.687500
vt 0.479167 0.687500
vt 0.487501 0.593741
vt 0.487501 0.593741
vt 0.487501 0.687500
vt 0.487501 0.687500
vt 0.479167 0.687500
vt 0.479167 0.593741
vt 0.479167 0.687500
vt 0.479167 0.687500
vt 0.483334 0.687500
vt 0.487501 0.593741
vt 0.487501 0.687500
vt 0.479167 0.687500
vt 0.483334 0.687500
vt 0.500000 0.312500
vt 0.500000 0.312500
vt 0.429120 0.271578
vt 0.429120 0.271578
vt 0.364684 0.234375
vt 0.364684 0.234375
vt 0.364684 0.765625
vt 0.364684 0.765625
vt 0.429120 0.728422
vt 0.429120 0.728422
vt 0.500000 0.687500
vt 0.500000 0.687500
vt 0.343750 0.843750
vt 0.343750 0.843750
vt 0.347937 0.828123
vt 0.347937 0.828123
vt 0.358404 0.789060
vt 0.358404 0.789060
vt 0.589858 0.843750
vt 0.490117 0.843230
vt 0.570880 0.271578
vt 0.570880 0.271578
vt 0.656250 0.156250
vt 0.656250 0.156250
vt 0.647875 0.187505
vt 0.647875 0.187505
vt 0.421263 0.690459
vt 0.635316 0.234375
vt 0.635316 0.765625
vt 0.641596 0.789060
vt 0.641596 0.789060
vt 0.647875 0.812495
vt 0.656250 0.843750
vt 0.570880 0.728422
vt 0.570880 0.728422
vt 0.343750 0.156250
vt 0.343750 0.156250
vt 0.343750 0.156250
vt 0.343750 0.156250
vt 0.656250 0.156250
vt 0.656250 0.156250
vt 0.656250 0.156250
vt 0.656250 0.156250
vt 0.656250 0.843750
vt 0.656250 0.843750
vt 0.656250 0.843750
vt 0.656250 0.843750
vt 0.343750 0.843750
vt 0.343750 0.843750
vt 0.343750 0.843750
vt 0.343750 0.843750
vt 0.592925 0.258850
vt 0.603098 0.252976
vt 0.377329 0.803885
vt 0.389975 0.842144
vt 0.430242 0.840745
vt 0.429681 0.784584
vt 0.590082 0.843750
vt 0.656250 0.843750
vt 0.272546 0.833390
vt -0.043941 0.823030
vt 0.635316 0.921875
vt 0.645783 0.882812
vt 0.551433 0.932834
vt 0.578125 0.979066
vt 0.500000 0.944408
vt 0.500000 1.000000
vt 0.446936 0.935660
vt 0.421875 0.979066
vt 1.099840 0.771278
vt 0.364684 0.921875
vt 0.744795 0.807514
vt 0.354217 0.882812
vt 0.514241 0.837827
vt 0.479167 0.687500
vt 0.479167 0.593741
vt 0.343763 0.843750
vt 0.343774 0.843750
vt 0.343750 0.843750
vt 0.343750 0.843750
vt 0.656250 0.843750
vt 0.656250 0.843750
vt 0.656250 0.843750
vt 0.604167 0.687500
vt 0.604167 0.593741
vt 0.347937 0.828123
vt 0.474906 0.839194
vt 0.487453 0.763347
vt 0.520874 0.775342
vt 0.386069 0.760058
vt 0.395101 0.843197
vt 0.394499 0.837509
vt 0.382506 0.767105
vt 0.392237 0.839827
vt 0.436904 0.841396
vt 0.474703 0.840087
vt 0.506432 0.840136
vt 0.433573 0.841071
vt 0.474804 0.839640
vt 0.494633 0.839273
vt 0.000000 0.000000
vt 1.000000 1.000000
vt 1.000000 0.000000
vt 0.000000 0.000000
vt 0.000000 1.000000
vt 1.000000 0.000000
vt 0.250000 0.921875
vt 0.750000 0.921875
vt 0.352125 0.812495
vt 0.352125 0.812495
vt 0.487501 0.593741
vt 0.487501 0.593741
vt 0.487501 0.593741
vt 0.487501 0.593741
vt 0.487501 0.593741
vt 0.483334 0.593741
vt 0.479167 0.593741
vt 0.479167 0.593741
vt 0.479167 0.593741
vt 0.479167 0.593741
vt 0.479167 0.593741
vt 0.479167 0.593741
vt 0.479167 0.593741
vt 0.479167 0.593741
vt 0.479167 0.593741
vt 0.479167 0.593741
vt 0.468750 0.593741
vt 0.458333 0.593741
vt 0.437500 0.593741
vt 0.416667 0.593741
vt 0.395833 0.593741
vt 0.375000 0.593741
vt 0.613914 0.546870
vt 0.623661 0.500000
vt 0.623661 0.500000
vt 0.613914 0.546870
vt 0.604167 0.593741
vt 0.604167 0.593741
vt 0.604167 0.593741
vt 0.604167 0.593741
vt 0.604167 0.593741
vt 0.595832 0.593741
vt 0.583333 0.593741
vt 0.563492 0.593741
vt 0.541667 0.593741
vt 0.519841 0.593741
vt 0.500000 0.593741
vt 0.479167 0.687500
vt 0.614971 0.246122
vt 0.483334 0.687500
vt 0.497714 0.838401
vt 0.364684 0.765625
vt 0.364684 0.765625
vt 0.500000 0.312500
vt 0.500000 0.312500
vt 0.635316 0.765625
vt 0.656250 0.843750
vt 0.647875 0.812495
vt 0.500000 0.687500
vt 0.500000 0.687500
vt 0.635316 0.765625
vt 0.635316 0.765625
vt 0.570880 0.271578
vt 0.570880 0.271578
vt 0.570880 0.728422
vt 0.343750 0.843750
vt 0.500000 0.687500
vt 0.421263 0.690459
vt 0.352125 0.812495
vt 0.352125 0.812495
vt 0.635316 0.234375
vt 0.364684 0.765625
vt 0.352125 0.812495
vt 0.429120 0.728422
vt 0.364684 0.765625
vt 0.364684 0.765625
vt 0.500000 0.312500
vt 0.500000 0.312500
vt 0.635316 0.765625
vt 0.647875 0.812495
vt 0.656250 0.843750
vt 0.500000 0.687500
vt 0.500000 0.687500
vt 0.635316 0.765625
vt 0.635316 0.765625
vt 0.570880 0.271578
vt 0.570880 0.271578
vt 0.570880 0.728422
vt 0.343750 0.843750
vt 0.500000 0.687500
vt 0.421263 0.690459
vt 0.352125 0.812495
vt 0.352125 0.812495
vt 0.635316 0.234375
vt 0.364684 0.765625
vt 0.352125 0.812495
vt 0.429120 0.728422
vt 0.364684 0.765625
vt 0.364684 0.765625
vt 0.500000 0.312500
vt 0.500000 0.312500
vt 0.635316 0.765625
vt 0.647875 0.812495
vt 0.656250 0.843750
vt 0.500000 0.687500
vt 0.500000 0.687500
vt 0.635316 0.765625
vt 0.635316 0.765625
vt 0.570880 0.271578
vt 0.570880 0.271578
vt 0.570880 0.728422
vt 0.343750 0.843750
vt 0.500000 0.687500
vt 0.421263 0.690459
vt 0.352125 0.812495
vt 0.352125 0.812495
vt 0.635316 0.234375
vt 0.364684 0.765625
vt 0.352125 0.812495
vt 0.429120 0.728422
vt 0.364684 0.765625
vt 0.364684 0.765625
vt 0.500000 0.312500
vt 0.500000 0.312500
vt 0.635316 0.765625
vt 0.656250 0.843750
vt 0.647875 0.812495
vt 0.500000 0.687500
vt 0.500000 0.687500
vt 0.635316 0.765625
vt 0.635316 0.765625
vt 0.570880 0.271578
vt 0.570880 0.271578
vt 0.570880 0.728422
vt 0.343750 0.843750
vt 0.500000 0.687500
vt 0.421263 0.690459
vt 0.352125 0.812495
vt 0.352125 0.812495
vt 0.635316 0.234375
vt 0.364684 0.765625
vt 0.352125 0.812495
vt 0.429120 0.728422
vn -0.000000 -0.000000 1.000000
vn -0.000000 -0.000000 1.000000
vn -0.000000 -0.000000 1.000000
vn -0.000000 -0.000000 1.000000
vn 0.862597 0.440498 0.248774
vn 0.862606 0.440481 0.248773
vn 0.783507 0.569053 0.249589
vn 0.783507 0.569053 0.249589
vn 0.216934 0.898721 0.381104
vn 0.216934 0.898721 0.381104
vn 0.216934 0.898721 0.381104
vn 0.216934 0.898721 0.381104
vn 0.610641 0.632297 0.476779
vn 0.610641 0.632297 0.476779
vn 0.610641 0.632297 0.476779
vn 0.610641 0.632297 0.476779
vn 0.801162 0.277844 0.530039
vn 0.801162 0.277844 0.530039
vn 0.801162 0.277844 0.530039
vn 0.801162 0.277844 0.530039
vn 0.813924 -0.218089 0.538484
vn 0.813924 -0.218089 0.538484
vn 0.813924 -0.218089 0.538484
vn 0.813924 -0.218089 0.538484
vn 0.618045 -0.591682 0.517623
vn 0.618045 -0.591682 0.517623
vn 0.618045 -0.591682 0.517623
vn 0.618045 -0.591682 0.517623
vn 0.271562 -0.844201 0.462145
vn 0.271562 -0.844201 0.462145
vn 0.271562 -0.844201 0.462145
vn 0.271562 -0.844201 0.462145
vn -0.073872 -0.891823 0.446312
vn -0.073872 -0.891823 0.446312
vn -0.073872 -0.891823 0.446312
vn -0.073872 -0.891823 0.446312
vn -0.273303 -0.836966 0.474124
vn -0.273303 -0.836966 0.474124
vn -0.273303 -0.836966 0.474124
vn -0.273303 -0.836966 0.474124
vn -0.650479 -0.536290 0.537839
vn -0.650479 -0.536290 0.537839
vn -0.650479 -0.536290 0.537839
vn -0.650479 -0.536290 0.537839
vn -0.816165 -0.195072 0.543895
vn -0.816165 -0.195072 0.543895
vn -0.816165 -0.195072 0.543895
vn -0.816165 -0.195072 0.543895
vn -0.837883 -0.017853 0.545557
vn -0.837883 -0.017853 0.545557
vn -0.837884 -0.017853 0.545557
vn -0.837884 -0.017853 0.545557
vn -0.818409 0.192444 0.541454
vn -0.818409 0.192444 0.541454
vn -0.818409 0.192444 0.541454
vn -0.818409 0.192444 0.541454
vn -0.765389 0.358124 0.534721
vn -0.765389 0.358124 0.534721
vn -0.765389 0.358124 0.534721
vn -0.765389 0.358124 0.534721
vn -0.551051 0.667928 0.500215
vn -0.551051 0.667928 0.500215
vn -0.551051 0.667928 0.500215
vn -0.551051 0.667928 0.500215
vn 0.565654 0.775455 0.280545
vn 0.403452 0.867128 0.292089
vn 0.406377 0.865799 0.291976
vn 0.565654 0.775455 0.280545
vn 0.047587 -0.887186 0.458951
vn 0.047587 -0.887186 0.458951
vn 0.047587 -0.887186 0.458951
vn 0.047587 -0.887186 0.458951
vn -0.000000 0.000000 1.000000
vn -0.000000 0.000000 1.000000
vn -0.000000 0.000000 1.000000
vn -0.000000 0.000000 1.000000
vn -0.000023 0.000010 1.000000
vn -0.000023 0.000010 1.000000
vn -0.000023 0.000010 1.000000
vn -0.000023 0.000010 1.000000
vn 0.000201 0.928034 0.372494
vn 0.000201 0.928034 0.372495
vn 0.000201 0.928034 0.372495
vn 0.000201 0.928034 0.372495
vn 0.834455 -0.470012 0.287704
vn 0.834455 -0.470012 0.287704
vn 0.834455 -0.470012 0.287704
vn 0.834455 -0.470012 0.287704
vn 0.000013 -0.000096 1.000000
vn 0.000013 -0.000129 1.000000
vn 0.000013 -0.000191 1.000000
vn 0.000013 -0.000096 1.000000
vn -0.857147 0.241022 0.455201
vn -0.857147 0.241022 0.455201
vn -0.857147 0.241022 0.455201
vn -0.857147 0.241022 0.455201
vn 0.000011 -0.000022 1.000000
vn 0.000013 -0.000026 1.000000
vn 0.000009 -0.000015 1.000000
vn 0.000009 -0.000015 1.000000
vn 0.906964 -0.356032 0.225071
vn 0.906964 -0.356032 0.225071
vn 0.906964 -0.356032 0.225071
vn 0.906964 -0.356033 0.225071
vn 0.000047 -0.000105 1.000000
vn 0.000014 -0.000072 1.000000
vn 0.000045 -0.000023 1.000000
vn 0.000060 -0.000074 1.000000
vn -0.343523 0.897638 0.276111
vn -0.343523 0.897638 0.276111
vn -0.343523 0.897638 0.276111
vn -0.343523 0.897638 0.276111
vn 0.751410 -0.623472 0.216023
vn 0.751410 -0.623472 0.216023
vn 0.751410 -0.623471 0.216023
vn 0.751410 -0.623472 0.216023
vn -0.000010 0.000011 1.000000
vn -0.000011 0.000013 1.000000
vn -0.000012 0.000015 1.000000
vn -0.000010 0.000011 1.000000
vn 0.000027 -0.000040 1.000000
vn 0.000030 -0.000046 1.000000
vn 0.000024 -0.000033 1.000000
vn 0.000024 -0.000033 1.000000
vn -0.722761 0.565222 0.397669
vn -0.722761 0.565222 0.397669
vn -0.722761 0.565222 0.397669
vn -0.722761 0.565222 0.397669
vn 0.751176 -0.624534 0.213757
vn 0.751176 -0.624534 0.213757
vn 0.751176 -0.624535 0.213757
vn 0.751176 -0.624534 0.213757
vn -0.000002 0.000009 1.000000
vn -0.000001 0.000013 1.000000
vn -0.000001 0.000014 1.000000
vn -0.000002 0.000009 1.000000
vn 0.000045 -0.000068 1.000000
vn 0.000046 -0.000073 1.000000
vn 0.000041 -0.000055 1.000000
vn 0.000041 -0.000055 1.000000
vn -0.660778 0.670559 0.337229
vn -0.660778 0.670559 0.337229
vn -0.660777 0.670559 0.337229
vn -0.660777 0.670559 0.337229
vn 0.321147 -0.305996 0.896232
vn 0.321147 -0.305996 0.896232
vn 0.321147 -0.305996 0.896232
vn 0.321147 -0.305996 0.896232
vn 0.394410 -0.105681 0.912838
vn 0.394410 -0.105681 0.912838
vn 0.394410 -0.105681 0.912838
vn 0.394410 -0.105681 0.912838
vn 0.375402 0.130190 0.917673
vn 0.375402 0.130190 0.917673
vn 0.375402 0.130190 0.917673
vn 0.375402 0.130190 0.917673
vn 0.301902 0.305881 0.902935
vn 0.301902 0.305881 0.902935
vn 0.301902 0.305881 0.902935
vn 0.301902 0.305881 0.902935
vn 0.130705 0.490370 0.861657
vn 0.130705 0.490370 0.861657
vn 0.130705 0.490370 0.861657
vn 0.130705 0.490370 0.861657
vn 0.170027 -0.484359 0.858188
vn 0.170027 -0.484359 0.858188
vn 0.170027 -0.484359 0.858188
vn 0.170027 -0.484359 0.858188
vn -0.000008 0.000003 1.000000
vn -0.000008 0.000003 1.000000
vn -0.000008 0.000003 1.000000
vn -0.000008 0.000003 1.000000
vn -0.060887 -0.523960 0.849564
vn -0.060887 -0.523960 0.849564
vn -0.060887 -0.523960 0.849564
vn -0.060887 -0.523960 0.849564
vn -0.353701 0.165498 0.920601
vn -0.353701 0.165498 0.920601
vn -0.353701 0.165498 0.920601
vn -0.353701 0.165498 0.920601
vn -0.380259 0.089416 0.920548
vn -0.380259 0.089416 0.920548
vn -0.380259 0.089416 0.920548
vn -0.380259 0.089416 0.920548
vn -0.082655 0.496753 0.863947
vn -0.113252 0.489540 0.864595
vn -0.105288 0.491467 0.864508
vn -0.082655 0.496753 0.863947
vn -0.290279 0.321514 0.901314
vn -0.290279 0.321514 0.901314
vn -0.290279 0.321514 0.901314
vn -0.290279 0.321514 0.901314
vn -0.325733 -0.266725 0.907059
vn -0.325733 -0.266725 0.907059
vn -0.325733 -0.266725 0.907059
vn -0.325733 -0.266725 0.907059
vn -0.148187 -0.474988 0.867426
vn -0.148187 -0.474988 0.867426
vn -0.148187 -0.474988 0.867426
vn -0.148187 -0.474988 0.867426
vn -0.395713 -0.003432 0.918368
vn -0.395713 -0.003432 0.918368
vn -0.395713 -0.003432 0.918368
vn -0.395713 -0.003432 0.918368
vn -0.393645 -0.091683 0.914679
vn -0.393645 -0.091683 0.914679
vn -0.393645 -0.091683 0.914679
vn -0.393645 -0.091683 0.914679
vn 0.025617 -0.519881 0.853854
vn 0.025617 -0.519881 0.853854
vn 0.025617 -0.519881 0.853854
vn 0.025617 -0.519881 0.853854
vn 0.000090 0.518218 0.855248
vn 0.000090 0.518218 0.855248
vn 0.000090 0.518218 0.855248
vn 0.000090 0.518218 0.855248
vn -0.004973 0.499828 0.866110
vn -0.004035 0.499096 0.866538
vn -0.000758 0.496531 0.868019
vn -0.000758 0.496530 0.868019
vn -0.000001 0.000001 1.000000
vn -0.000001 0.000001 1.000000
vn -0.000002 0.000002 1.000000
vn -0.000002 0.000002 1.000000
vn -0.000000 -0.000000 1.000000
vn -0.000000 -0.000000 1.000000
vn -0.000000 -0.000000 1.000000
vn -0.000000 -0.000000 1.000000
vn -0.000000 0.000000 1.000000
vn -0.000000 0.000000 1.000000
vn -0.000000 0.000000 1.000000
vn -0.000000 0.000000 1.000000
vn 0.000000 0.000000 1.000000
vn 0.000000 0.000000 1.000000
vn 0.000000 0.000000 1.000000
vn 0.000000 0.000000 1.000000
vn -0.000000 0.000000 1.000000
vn -0.000000 0.000000 1.000000
vn -0.000000 0.000000 1.000000
vn -0.000000 0.000000 1.000000
vn -0.000000 -0.000000 1.000000
vn -0.000000 -0.000000 1.000000
vn -0.000000 -0.000000 1.000000
vn -0.000000 -0.000000 1.000000
vn -0.000000 0.000000 1.000000
vn -0.000000 0.000000 1.000000
vn -0.000000 0.000000 1.000000
vn -0.000000 0.000000 1.000000
vn 0.000000 -0.000000 1.000000
vn 0.000000 -0.000000 1.000000
vn 0.000000 -0.000000 1.000000
vn 0.000000 -0.000000 1.000000
vn 0.000000 -0.000000 1.000000
vn 0.000000 -0.000000 1.000000
vn 0.000000 -0.000000 1.000000
vn 0.000000 -0.000000 1.000000
vn -0.000053 0.000010 1.000000
vn -0.000053 0.000010 1.000000
vn -0.000053 0.000010 1.000000
vn -0.000053 0.000010 1.000000
vn -0.001170 -0.002055 0.999997
vn -0.001170 -0.002055 0.999997
vn -0.001170 -0.002055 0.999997
vn -0.001170 -0.002055 0.999997
vn 0.000207 0.928081 0.372379
vn 0.000207 0.928081 0.372379
vn 0.000207 0.928081 0.372379
vn 0.000207 0.928081 0.372379
vn 0.000064 0.518117 0.855310
vn 0.000064 0.518117 0.855310
vn 0.000064 0.518117 0.855310
vn 0.000064 0.518117 0.855310
vn 0.000000 -0.000000 1.000000
vn 0.000000 -0.000000 1.000000
vn 0.000000 -0.000000 1.000000
vn 0.000000 -0.000000 1.000000
vn -0.041745 -0.555220 0.830655
vn -0.041745 -0.555220 0.830655
vn -0.041745 -0.555220 0.830655
vn -0.041745 -0.555220 0.830655
vn -0.068193 -0.902592 0.425062
vn -0.068193 -0.902592 0.425062
vn -0.068193 -0.902592 0.425062
vn -0.068193 -0.902592 0.425062
vn 0.000000 0.000000 1.000000
vn -0.000000 0.000000 1.000000
vn 0.000000 0.000000 1.000000
vn 0.000000 0.000000 1.000000
vn -0.000349 0.000632 1.000000
vn -0.000286 0.000458 1.000000
vn -0.000484 0.001012 0.999999
vn -0.000484 0.001012 0.999999
vn -0.001177 0.000516 0.999999
vn -0.001766 0.000568 0.999998
vn -0.001901 0.000923 0.999998
vn -0.001625 0.001519 0.999997
vn -0.010958 -0.896942 0.442013
vn -0.010958 -0.896942 0.442013
vn -0.010958 -0.896942 0.442013
vn -0.010958 -0.896942 0.442013
vn 0.011378 -0.538392 0.842618
vn 0.011378 -0.538392 0.842618
vn 0.011378 -0.538392 0.842618
vn 0.011378 -0.538392 0.842618
vn -0.000000 0.000000 1.000000
vn -0.000000 0.000000 1.000000
vn -0.000000 0.000000 1.000000
vn -0.000000 0.000000 1.000000
vn 0.000062 0.518175 0.855275
vn 0.000062 0.518175 0.855275
vn 0.000062 0.518175 0.855275
vn 0.000062 0.518175 0.855275
vn 0.000201 0.928065 0.372418
vn 0.000201 0.928065 0.372418
vn 0.000201 0.928065 0.372418
vn 0.000201 0.928065 0.372418
vn -0.000001 0.000052 1.000000
vn -0.000001 0.000052 1.000000
vn -0.000001 0.000052 1.000000
vn -0.000001 0.000052 1.000000
vn 0.000031 0.000002 1.000000
vn 0.000037 0.000008 1.000000
vn 0.000044 0.000014 1.000000
vn 0.000031 0.000002 1.000000
vn 0.000014 0.000005 1.000000
vn 0.000014 0.000005 1.000000
vn 0.000014 0.000005 1.000000
vn 0.000014 0.000005 1.000000
vn 0.000022 0.000017 1.000000
vn 0.000022 0.000017 1.000000
vn 0.000022 0.000017 1.000000
vn 0.000022 0.000017 1.000000
vn 0.000013 0.000002 1.000000
vn 0.000013 0.000002 1.000000
vn 0.000013 0.000000 1.000000
vn 0.000013 0.000000 1.000000
vn 0.000753 0.000532 1.000000
vn 0.000543 0.000339 1.000000
vn 0.000490 0.000290 1.000000
vn 0.000753 0.000532 1.000000
vn 0.002407 0.001094 0.999997
vn 0.002443 0.000639 0.999997
vn 0.002016 0.000844 0.999998
vn 0.002041 0.001593 0.999997
vn 0.001782 -0.000978 0.999998
vn 0.001782 -0.000978 0.999998
vn 0.001782 -0.000978 0.999998
vn 0.001782 -0.000978 0.999998
vn -0.000002 0.000014 1.000000
vn -0.000002 0.000014 1.000000
vn -0.000002 0.000014 1.000000
vn -0.000002 0.000014 1.000000
vn -0.000002 0.000033 1.000000
vn -0.000002 0.000033 1.000000
vn -0.000002 0.000033 1.000000
vn -0.000002 0.000033 1.000000
vn 0.000020 -0.000000 1.000000
vn 0.000020 -0.000000 1.000000
vn 0.000020 -0.000000 1.000000
vn 0.000020 -0.000000 1.000000
vn 0.000000 -0.000000 1.000000
vn 0.000000 -0.000000 1.000000
vn 0.000000 -0.000000 1.000000
vn 0.000000 -0.000000 1.000000
vn 0.000000 0.000000 1.000000
vn 0.000000 0.000000 1.000000
vn 0.000000 0.000000 1.000000
vn 0.000000 0.000000 1.000000
vn 0.000000 0.000000 1.000000
vn 0.000000 0.000000 1.000000
vn 0.000000 0.000000 1.000000
vn 0.000000 0.000000 1.000000
vn 0.000000 -0.000000 1.000000
vn 0.000000 -0.000000 1.000000
vn 0.000000 -0.000000 1.000000
vn 0.000000 -0.000000 1.000000
vn 0.109472 0.921166 0.373455
vn 0.109472 0.921166 0.373455
vn 0.109472 0.921166 0.373455
vn 0.109472 0.921166 0.373455
vn 0.054605 0.514577 0.855704
vn 0.054605 0.514577 0.855704
vn 0.054605 0.514577 0.855704
vn 0.054605 0.514577 0.855704
vn -0.000000 0.000000 1.000000
vn -0.000000 0.000000 1.000000
vn -0.000000 0.000000 1.000000
vn -0.000000 0.000000 1.000000
vn -0.000000 0.000000 1.000000
vn -0.000000 0.000000 1.000000
vn -0.000000 0.000000 1.000000
vn -0.000000 0.000000 1.000000
vn -0.000000 -0.000000 1.000000
vn -0.000000 -0.000000 1.000000
vn -0.000000 -0.000000 1.000000
vn -0.000000 -0.000000 1.000000
vn -0.000000 -0.000000 1.000000
vn -0.000000 -0.000000 1.000000
vn -0.000000 -0.000000 1.000000
vn -0.000000 -0.000000 1.000000
vn 0.087646 -0.515874 0.852169
vn 0.087646 -0.515874 0.852169
vn 0.087646 -0.515874 0.852169
vn 0.087646 -0.515874 0.852169
vn 0.160739 -0.874734 0.457170
vn 0.160739 -0.874734 0.457170
vn 0.160739 -0.874734 0.457170
vn 0.160739 -0.874734 0.457170
vn -0.954718 0.297513 -0.000000
vn -0.954718 0.297513 -0.000000
vn -0.954718 0.297513 -0.000000
vn -0.954718 0.297513 -0.000000
vn -0.781490 0.623917 -0.000000
vn -0.781490 0.623917 -0.000000
vn -0.781490 0.623917 -0.000000
vn -0.781490 0.623917 -0.000000
vn -0.692345 0.721567 -0.000000
vn -0.692345 0.721567 -0.000000
vn -0.692345 0.721567 -0.000000
vn -0.692345 0.721567 -0.000000
vn -0.359868 0.933003 -0.000000
vn -0.359868 0.933003 -0.000000
vn -0.359868 0.933003 -0.000000
vn -0.359868 0.933003 -0.000000
vn 0.587864 0.808960 0.000003
vn 0.587863 0.808960 0.000000
vn 0.421233 0.906953 -0.000000
vn 0.421185 0.906975 0.000003
vn 0.892277 0.451488 0.000000
vn 0.892286 0.451471 0.000000
vn 0.812410 0.583086 0.000000
vn 0.812410 0.583086 0.000000
vn 0.922830 -0.385208 0.000000
vn 0.922830 -0.385208 0.000000
vn 0.922830 -0.385208 0.000000
vn 0.922830 -0.385208 0.000000
vn 0.771791 -0.635877 0.000000
vn 0.771791 -0.635877 0.000000
vn 0.771791 -0.635877 0.000000
vn 0.771791 -0.635877 0.000000
vn 0.767460 -0.641097 0.000000
vn 0.767460 -0.641096 0.000000
vn 0.767460 -0.641096 0.000000
vn 0.767460 -0.641097 0.000000
vn 0.990205 -0.139619 0.000000
vn 0.990205 -0.139620 0.000000
vn 0.990205 -0.139620 0.000000
vn 0.990205 -0.139619 0.000000
vn 0.000203 1.000000 0.000000
vn 0.000203 1.000000 0.000000
vn 0.000203 1.000000 0.000000
vn 0.000203 1.000000 0.000000
vn 0.000186 1.000000 0.000000
vn 0.000186 1.000000 0.000000
vn 0.000186 1.000000 0.000000
vn 0.000186 1.000000 0.000000
vn 0.000189 1.000000 0.000000
vn 0.000189 1.000000 0.000000
vn 0.000189 1.000000 0.000000
vn 0.000189 1.000000 0.000000
vn 0.228460 0.973553 0.000000
vn 0.228460 0.973553 0.000000
vn 0.228460 0.973553 0.000000
vn 0.228460 0.973553 0.000000
vn 0.692423 0.721491 0.000000
vn 0.692423 0.721491 0.000000
vn 0.692423 0.721491 0.000000
vn 0.692423 0.721491 0.000000
vn 0.944796 0.327658 0.000000
vn 0.944796 0.327658 0.000000
vn 0.944796 0.327658 0.000000
vn 0.944796 0.327658 0.000000
vn 0.965926 -0.258818 0.000000
vn 0.965926 -0.258818 0.000000
vn 0.965926 -0.258818 0.000000
vn 0.965926 -0.258818 0.000000
vn 0.721962 -0.691933 0.000000
vn 0.721962 -0.691933 0.000000
vn 0.721962 -0.691933 0.000000
vn 0.721962 -0.691933 0.000000
vn 0.299877 -0.953978 0.000000
vn 0.299877 -0.953978 0.000000
vn 0.299877 -0.953978 0.000000
vn 0.299877 -0.953978 0.000000
vn 0.054974 -0.998488 0.000000
vn 0.054974 -0.998488 0.000000
vn 0.054974 -0.998488 0.000000
vn 0.054974 -0.998488 0.000000
vn -0.023059 -0.999734 -0.000000
vn -0.023059 -0.999734 -0.000000
vn -0.023059 -0.999734 -0.000000
vn -0.023059 -0.999734 -0.000000
vn -0.075455 -0.997149 -0.000000
vn -0.075455 -0.997149 -0.000000
vn -0.075455 -0.997149 -0.000000
vn -0.075455 -0.997149 -0.000000
vn -0.073036 -0.997329 -0.000000
vn -0.073036 -0.997329 -0.000000
vn -0.073036 -0.997329 -0.000000
vn -0.073036 -0.997329 -0.000000
vn -0.313340 -0.949641 -0.000000
vn -0.313340 -0.949641 -0.000000
vn -0.313340 -0.949641 -0.000000
vn -0.313340 -0.949641 -0.000000
vn -0.770960 -0.636884 -0.000000
vn -0.770960 -0.636884 -0.000000
vn -0.770960 -0.636884 -0.000000
vn -0.770960 -0.636884 -0.000000
vn -0.972212 -0.234104 -0.000000
vn -0.972212 -0.234104 -0.000000
vn -0.972212 -0.234104 -0.000000
vn -0.972212 -0.234104 -0.000000
vn -0.999698 -0.024586 -0.000000
vn -0.999698 -0.024586 -0.000000
vn -0.999698 -0.024586 -0.000000
vn -0.999698 -0.024586 -0.000000
vn -0.973450 0.228899 -0.000000
vn -0.973450 0.228899 -0.000000
vn -0.973450 0.228899 -0.000000
vn -0.973450 0.228899 -0.000000
vn -0.905756 0.423799 -0.000000
vn -0.905756 0.423799 -0.000000
vn -0.905756 0.423799 -0.000000
vn -0.905756 0.423799 -0.000000
vn -0.636387 0.771370 -0.000000
vn -0.636387 0.771370 -0.000000
vn -0.636387 0.771370 -0.000000
vn -0.636387 0.771370 -0.000000
vn 0.122455 0.992474 0.000000
vn 0.122455 0.992474 0.000000
vn 0.122455 0.992474 0.000000
vn 0.122455 0.992474 0.000000
vn 0.184840 -0.982769 0.000000
vn 0.184840 -0.982769 0.000000
vn 0.184840 -0.982769 0.000000
vn 0.184840 -0.982769 0.000000
vn 0.000014 -0.000324 1.000000
vn 0.000014 -0.000324 1.000000
vn -0.000019 0.000029 1.000000
vn -0.000019 0.000029 1.000000
vn 0.000003 0.000026 1.000000
vn 0.000003 0.000026 1.000000
vn 0.000044 0.000005 1.000000
vn 0.000040 0.000016 1.000000
vn 0.000074 0.000037 1.000000
vn 0.000080 0.000018 1.000000
vn 0.928514 0.282472 0.240979
vn 0.928514 0.282472 0.240979
vn 0.957295 0.289112 0.000000
vn 0.957295 0.289112 0.000000
vn 0.000234 0.000056 1.000000
vn 0.000234 0.000056 1.000000
vn 0.000013 0.000004 1.000000
vn 0.000013 0.000004 1.000000
vn 0.000053 0.000022 1.000000
vn 0.000053 0.000022 1.000000
vn -0.013464 0.506422 0.862181
vn -0.013464 0.506422 0.862181
vn -0.150654 0.480025 0.864222
vn -0.150654 0.480025 0.864222
vn -0.000000 0.000000 1.000000
vn -0.000000 0.000000 1.000000
vn -0.000000 0.000000 1.000000
vn -0.000000 0.000000 1.000000
vn -0.000200 0.000216 1.000000
vn -0.000200 0.000216 1.000000
vn 0.219373 0.975641 -0.000000
vn 0.219373 0.975641 0.000002
vn 0.208161 0.933176 0.293004
vn 0.208161 0.933176 0.293004
vn 0.000022 -0.000217 1.000000
vn 0.000017 -0.000168 1.000000
vn 0.000027 -0.000155 1.000000
vn 0.000036 -0.000202 1.000000
vn 0.000050 -0.000086 1.000000
vn 0.000050 -0.000086 1.000000
vn 0.000033 -0.000051 1.000000
vn 0.000033 -0.000051 1.000000
vn 0.000015 -0.000033 1.000000
vn 0.000015 -0.000033 1.000000
vn 0.002574 0.001126 0.999996
vn 0.002068 0.002403 0.999995
vn -0.002334 0.001473 0.999996
vn -0.002040 0.002447 0.999995
vn -0.002586 0.000639 0.999996
vn 0.002843 0.000447 0.999996
vn 0.000110 -0.000024 1.000000
vn 0.000079 -0.000140 1.000000
vn 0.000096 -0.000013 1.000000
vn -0.000000 -0.000000 -1.000000
vn -0.000000 -0.000000 -1.000000
vn -0.000000 -0.000000 -1.000000
vn -0.000000 -0.000000 -1.000000
vn 0.862597 0.440498 -0.248774
vn 0.783507 0.569053 -0.249589
vn 0.783507 0.569053 -0.249589
vn 0.862606 0.440481 -0.248773
vn 0.216934 0.898721 -0.381105
vn 0.216934 0.898721 -0.381104
vn 0.216934 0.898721 -0.381105
vn 0.216934 0.898721 -0.381104
vn 0.610641 0.632297 -0.476779
vn 0.610641 0.632297 -0.476779
vn 0.610641 0.632297 -0.476779
vn 0.610641 0.632297 -0.476779
vn 0.801162 0.277844 -0.530039
vn 0.801162 0.277844 -0.530039
vn 0.801162 0.277844 -0.530039
vn 0.801162 0.277844 -0.530039
vn 0.813924 -0.218089 -0.538484
vn 0.813924 -0.218089 -0.538484
vn 0.813924 -0.218089 -0.538484
vn 0.813924 -0.218089 -0.538484
vn 0.618045 -0.591682 -0.517623
vn 0.618045 -0.591682 -0.517623
vn 0.618045 -0.591682 -0.517623
vn 0.618045 -0.591682 -0.517623
vn 0.271562 -0.844202 -0.462145
vn 0.271562 -0.844202 -0.462145
vn 0.271562 -0.844202 -0.462145
vn 0.271562 -0.844202 -0.462145
vn -0.073872 -0.891823 -0.446312
vn -0.073872 -0.891823 -0.446312
vn -0.073872 -0.891823 -0.446312
vn -0.073872 -0.891823 -0.446312
vn -0.273303 -0.836966 -0.474124
vn -0.273303 -0.836966 -0.474124
vn -0.273303 -0.836966 -0.474125
vn -0.273303 -0.836966 -0.474124
vn -0.650479 -0.536290 -0.537839
vn -0.650479 -0.536290 -0.537839
vn -0.650479 -0.536290 -0.537839
vn -0.650479 -0.536290 -0.537839
vn -0.816165 -0.195072 -0.543895
vn -0.816165 -0.195072 -0.543895
vn -0.816165 -0.195072 -0.543895
vn -0.816165 -0.195072 -0.543895
vn -0.837883 -0.017853 -0.545557
vn -0.837884 -0.017853 -0.545557
vn -0.837884 -0.017853 -0.545557
vn -0.837883 -0.017853 -0.545557
vn -0.818409 0.192444 -0.541454
vn -0.818409 0.192444 -0.541454
vn -0.818409 0.192444 -0.541454
vn -0.818409 0.192444 -0.541454
vn -0.765389 0.358124 -0.534721
vn -0.765389 0.358124 -0.534721
vn -0.765389 0.358124 -0.534721
vn -0.765389 0.358124 -0.534721
vn -0.551051 0.667928 -0.500215
vn -0.551051 0.667928 -0.500215
vn -0.551051 0.667928 -0.500215
vn -0.551051 0.667928 -0.500215
vn 0.565654 0.775455 -0.280545
vn 0.565654 0.775455 -0.280545
vn 0.406377 0.865799 -0.291976
vn 0.403452 0.867128 -0.292089
vn 0.047587 -0.887186 -0.458951
vn 0.047587 -0.887186 -0.458951
vn 0.047587 -0.887186 -0.458951
vn 0.047587 -0.887186 -0.458951
vn -0.000000 0.000000 -1.000000
vn -0.000000 0.000000 -1.000000
vn -0.000000 0.000000 -1.000000
vn -0.000000 0.000000 -1.000000
vn -0.000023 0.000010 -1.000000
vn -0.000023 0.000010 -1.000000
vn -0.000023 0.000010 -1.000000
vn -0.000023 0.000010 -1.000000
vn 0.000201 0.928034 -0.372495
vn 0.000201 0.928034 -0.372495
vn 0.000201 0.928034 -0.372495
vn 0.000201 0.928034 -0.372495
vn 0.834455 -0.470011 -0.287704
vn 0.834455 -0.470011 -0.287704
vn 0.834455 -0.470011 -0.287704
vn 0.834455 -0.470011 -0.287704
vn 0.000013 -0.000097 -1.000000
vn 0.000013 -0.000097 -1.000000
vn 0.000013 -0.000192 -1.000000
vn 0.000013 -0.000130 -1.000000
vn -0.857147 0.241022 -0.455201
vn -0.857147 0.241022 -0.455201
vn -0.857147 0.241022 -0.455201
vn -0.857147 0.241022 -0.455201
vn 0.000011 -0.000022 -1.000000
vn 0.000009 -0.000016 -1.000000
vn 0.000009 -0.000016 -1.000000
vn 0.000012 -0.000026 -1.000000
vn 0.906964 -0.356033 -0.225071
vn 0.906964 -0.356033 -0.225071
vn 0.906964 -0.356033 -0.225071
vn 0.906964 -0.356033 -0.225071
vn 0.000047 -0.000105 -1.000000
vn 0.000060 -0.000074 -1.000000
vn 0.000045 -0.000023 -1.000000
vn 0.000013 -0.000072 -1.000000
vn -0.343523 0.897638 -0.276111
vn -0.343523 0.897638 -0.276111
vn -0.343523 0.897638 -0.276111
vn -0.343523 0.897638 -0.276111
vn 0.751410 -0.623472 -0.216023
vn 0.751410 -0.623472 -0.216023
vn 0.751410 -0.623472 -0.216023
vn 0.751410 -0.623472 -0.216023
vn -0.000010 0.000011 -1.000000
vn -0.000010 0.000011 -1.000000
vn -0.000012 0.000016 -1.000000
vn -0.000011 0.000013 -1.000000
vn 0.000028 -0.000039 -1.000000
vn 0.000025 -0.000033 -1.000000
vn 0.000025 -0.000033 -1.000000
vn 0.000030 -0.000045 -1.000000
vn -0.722761 0.565222 -0.397670
vn -0.722761 0.565222 -0.397670
vn -0.722761 0.565222 -0.397670
vn -0.722761 0.565222 -0.397670
vn 0.751176 -0.624534 -0.213757
vn 0.751176 -0.624534 -0.213757
vn 0.751176 -0.624534 -0.213757
vn 0.751176 -0.624534 -0.213757
vn -0.000003 0.000009 -1.000000
vn -0.000003 0.000009 -1.000000
vn -0.000001 0.000014 -1.000000
vn -0.000002 0.000013 -1.000000
vn 0.000045 -0.000069 -1.000000
vn 0.000040 -0.000055 -1.000000
vn 0.000040 -0.000055 -1.000000
vn 0.000046 -0.000073 -1.000000
vn -0.660778 0.670559 -0.337229
vn -0.660778 0.670559 -0.337229
vn -0.660778 0.670559 -0.337229
vn -0.660778 0.670559 -0.337229
vn 0.321147 -0.305996 -0.896232
vn 0.321147 -0.305996 -0.896232
vn 0.321147 -0.305996 -0.896232
vn 0.321146 -0.305996 -0.896232
vn 0.394409 -0.105681 -0.912838
vn 0.394409 -0.105681 -0.912838
vn 0.394409 -0.105681 -0.912838
vn 0.394409 -0.105681 -0.912838
vn 0.375402 0.130190 -0.917673
vn 0.375402 0.130190 -0.917673
vn 0.375402 0.130190 -0.917673
vn 0.375402 0.130190 -0.917673
vn 0.301902 0.305881 -0.902935
vn 0.301902 0.305881 -0.902935
vn 0.301902 0.305881 -0.902935
vn 0.301902 0.305881 -0.902935
vn 0.130705 0.490370 -0.861657
vn 0.130705 0.490370 -0.861658
vn 0.130705 0.490370 -0.861658
vn 0.130705 0.490370 -0.861658
vn 0.170027 -0.484359 -0.858189
vn 0.170027 -0.484359 -0.858189
vn 0.170027 -0.484359 -0.858189
vn 0.170027 -0.484359 -0.858189
vn -0.000007 0.000003 -1.000000
vn -0.000007 0.000003 -1.000000
vn -0.000007 0.000003 -1.000000
vn -0.000007 0.000003 -1.000000
vn -0.060887 -0.523959 -0.849564
vn -0.060887 -0.523960 -0.849564
vn -0.060887 -0.523960 -0.849564
vn -0.060887 -0.523959 -0.849564
vn -0.353701 0.165498 -0.920601
vn -0.353701 0.165498 -0.920601
vn -0.353701 0.165498 -0.920601
vn -0.353701 0.165498 -0.920601
vn -0.380259 0.089415 -0.920548
vn -0.380259 0.089415 -0.920548
vn -0.380259 0.089415 -0.920548
vn -0.380259 0.089415 -0.920548
vn -0.082655 0.496753 -0.863947
vn -0.082655 0.496753 -0.863947
vn -0.105288 0.491467 -0.864508
vn -0.113252 0.489540 -0.864595
vn -0.290279 0.321514 -0.901314
vn -0.290279 0.321514 -0.901314
vn -0.290279 0.321514 -0.901314
vn -0.290279 0.321514 -0.901314
vn -0.325733 -0.266725 -0.907059
vn -0.325733 -0.266725 -0.907059
vn -0.325733 -0.266725 -0.907059
vn -0.325733 -0.266725 -0.907059
vn -0.148187 -0.474988 -0.867426
vn -0.148187 -0.474988 -0.867426
vn -0.148187 -0.474988 -0.867426
vn -0.148187 -0.474988 -0.867426
vn -0.395713 -0.003432 -0.918368
vn -0.395713 -0.003432 -0.918368
vn -0.395713 -0.003432 -0.918368
vn -0.395713 -0.003432 -0.918368
vn -0.393645 -0.091683 -0.914679
vn -0.393645 -0.091683 -0.914679
vn -0.393645 -0.091683 -0.914679
vn -0.393645 -0.091683 -0.914679
vn 0.025617 -0.519881 -0.853855
vn 0.025617 -0.519881 -0.853855
vn 0.025617 -0.519881 -0.853855
vn 0.025617 -0.519881 -0.853855
vn 0.000090 0.518219 -0.855248
vn 0.000090 0.518219 -0.855248
vn 0.000090 0.518219 -0.855248
vn 0.000090 0.518219 -0.855248
vn -0.004973 0.499828 -0.866110
vn -0.000758 0.496530 -0.868019
vn -0.000758 0.496530 -0.868019
vn -0.004035 0.499095 -0.866538
vn -0.000001 0.000001 -1.000000
vn -0.000002 0.000002 -1.000000
vn -0.000002 0.000002 -1.000000
vn -0.000001 0.000001 -1.000000
vn -0.000000 -0.000000 -1.000000
vn -0.000000 -0.000000 -1.000000
vn -0.000000 -0.000000 -1.000000
vn -0.000000 -0.000000 -1.000000
vn -0.000000 0.000000 -1.000000
vn -0.000000 0.000000 -1.000000
vn -0.000000 0.000000 -1.000000
vn -0.000000 0.000000 -1.000000
vn 0.000001 0.000000 -1.000000
vn 0.000001 0.000000 -1.000000
vn 0.000001 0.000000 -1.000000
vn 0.000001 0.000000 -1.000000
vn -0.000000 0.000000 -1.000000
vn -0.000000 0.000000 -1.000000
vn -0.000000 0.000000 -1.000000
vn -0.000000 0.000000 -1.000000
vn 0.000000 -0.000000 -1.000000
vn 0.000000 -0.000000 -1.000000
vn 0.000000 -0.000000 -1.000000
vn 0.000000 -0.000000 -1.000000
vn 0.000000 0.000000 -1.000000
vn 0.000000 0.000000 -1.000000
vn 0.000000 0.000000 -1.000000
vn 0.000000 0.000000 -1.000000
vn 0.000000 -0.000000 -1.000000
vn 0.000000 -0.000000 -1.000000
vn 0.000000 -0.000000 -1.000000
vn 0.000000 -0.000000 -1.000000
vn 0.000001 -0.000000 -1.000000
vn 0.000001 -0.000000 -1.000000
vn 0.000001 -0.000000 -1.000000
vn 0.000001 -0.000000 -1.000000
vn -0.000053 0.000010 -1.000000
vn -0.000053 0.000010 -1.000000
vn -0.000053 0.000010 -1.000000
vn -0.000053 0.000010 -1.000000
vn -0.001171 -0.002056 -0.999997
vn -0.001171 -0.002056 -0.999997
vn -0.001171 -0.002056 -0.999997
vn -0.001171 -0.002056 -0.999997
vn 0.000207 0.928081 -0.372379
vn 0.000207 0.928081 -0.372379
vn 0.000207 0.928081 -0.372379
vn 0.000207 0.928081 -0.372379
vn 0.000064 0.518117 -0.855310
vn 0.000064 0.518117 -0.855310
vn 0.000064 0.518117 -0.855310
vn 0.000064 0.518117 -0.855310
vn 0.000000 -0.000000 -1.000000
vn 0.000000 -0.000000 -1.000000
vn 0.000000 -0.000000 -1.000000
vn 0.000000 -0.000000 -1.000000
vn -0.041745 -0.555220 -0.830655
vn -0.041745 -0.555220 -0.830655
vn -0.041745 -0.555220 -0.830655
vn -0.041745 -0.555220 -0.830655
vn -0.068193 -0.902592 -0.425062
vn -0.068193 -0.902592 -0.425062
vn -0.068193 -0.902592 -0.425062
vn -0.068193 -0.902592 -0.425062
vn -0.000000 0.000000 -1.000000
vn 0.000000 0.000000 -1.000000
vn 0.000000 0.000000 -1.000000
vn -0.000000 0.000000 -1.000000
vn -0.000349 0.000633 -1.000000
vn -0.000484 0.001012 -0.999999
vn -0.000484 0.001012 -0.999999
vn -0.000287 0.000459 -1.000000
vn -0.001178 0.000516 -0.999999
vn -0.001625 0.001519 -0.999997
vn -0.001902 0.000923 -0.999998
vn -0.001767 0.000567 -0.999998
vn -0.010958 -0.896942 -0.442013
vn -0.010958 -0.896942 -0.442013
vn -0.010958 -0.896942 -0.442013
vn -0.010958 -0.896942 -0.442013
vn 0.011378 -0.538391 -0.842618
vn 0.011378 -0.538392 -0.842618
vn 0.011378 -0.538392 -0.842618
vn 0.011378 -0.538392 -0.842618
vn -0.000000 0.000000 -1.000000
vn -0.000000 0.000000 -1.000000
vn -0.000000 0.000000 -1.000000
vn -0.000000 0.000000 -1.000000
vn 0.000062 0.518175 -0.855275
vn 0.000062 0.518175 -0.855275
vn 0.000062 0.518175 -0.855275
vn 0.000062 0.518175 -0.855275
vn 0.000201 0.928065 -0.372418
vn 0.000201 0.928065 -0.372418
vn 0.000201 0.928065 -0.372418
vn 0.000201 0.928065 -0.372418
vn -0.000000 0.000051 -1.000000
vn -0.000000 0.000051 -1.000000
vn -0.000000 0.000051 -1.000000
vn -0.000000 0.000051 -1.000000
vn 0.000031 0.000003 -1.000000
vn 0.000031 0.000003 -1.000000
vn 0.000044 0.000014 -1.000000
vn 0.000037 0.000008 -1.000000
vn 0.000014 0.000005 -1.000000
vn 0.000014 0.000005 -1.000000
vn 0.000014 0.000005 -1.000000
vn 0.000014 0.000005 -1.000000
vn 0.000022 0.000017 -1.000000
vn 0.000022 0.000017 -1.000000
vn 0.000022 0.000017 -1.000000
vn 0.000022 0.000017 -1.000000
vn 0.000013 0.000002 -1.000000
vn 0.000013 0.000000 -1.000000
vn 0.000013 0.000000 -1.000000
vn 0.000013 0.000002 -1.000000
vn 0.000753 0.000532 -1.000000
vn 0.000753 0.000532 -1.000000
vn 0.000490 0.000290 -1.000000
vn 0.000543 0.000339 -1.000000
vn 0.002407 0.001094 -0.999997
vn 0.002041 0.001593 -0.999997
vn 0.002015 0.000845 -0.999998
vn 0.002443 0.000639 -0.999997
vn 0.001782 -0.000978 -0.999998
vn 0.001782 -0.000978 -0.999998
vn 0.001782 -0.000978 -0.999998
vn 0.001782 -0.000978 -0.999998
vn -0.000002 0.000014 -1.000000
vn -0.000002 0.000014 -1.000000
vn -0.000002 0.000014 -1.000000
vn -0.000002 0.000014 -1.000000
vn -0.000002 0.000032 -1.000000
vn -0.000002 0.000032 -1.000000
vn -0.000002 0.000032 -1.000000
vn -0.000002 0.000032 -1.000000
vn 0.000020 -0.000000 -1.000000
vn 0.000020 -0.000000 -1.000000
vn 0.000020 -0.000000 -1.000000
vn 0.000020 -0.000000 -1.000000
vn 0.000000 -0.000000 -1.000000
vn 0.000000 -0.000000 -1.000000
vn 0.000000 -0.000000 -1.000000
vn 0.000000 -0.000000 -1.000000
vn 0.000000 0.000000 -1.000000
vn 0.000000 0.000000 -1.000000
vn 0.000000 0.000000 -1.000000
vn 0.000000 0.000000 -1.000000
vn 0.000000 0.000000 -1.000000
vn 0.000000 0.000000 -1.000000
vn 0.000000 0.000000 -1.000000
vn 0.000000 0.000000 -1.000000
vn 0.000001 -0.000000 -1.000000
vn 0.000001 -0.000000 -1.000000
vn 0.000001 -0.000000 -1.000000
vn 0.000001 -0.000000 -1.000000
vn 0.109472 0.921166 -0.373455
vn 0.109472 0.921166 -0.373455
vn 0.109472 0.921166 -0.373455
vn 0.109472 0.921166 -0.373455
vn 0.054604 0.514577 -0.855704
vn 0.054604 0.514577 -0.855704
vn 0.054604 0.514577 -0.855704
vn 0.054604 0.514577 -0.855704
vn -0.000000 0.000000 -1.000000
vn -0.000000 0.000000 -1.000000
vn -0.000000 0.000000 -1.000000
vn -0.000000 0.000000 -1.000000
vn -0.000000 0.000000 -1.000000
vn -0.000000 0.000000 -1.000000
vn -0.000000 0.000000 -1.000000
vn -0.000000 0.000000 -1.000000
vn -0.000000 -0.000000 -1.000000
vn -0.000000 -0.000000 -1.000000
vn -0.000000 -0.000000 -1.000000
vn -0.000000 -0.000000 -1.000000
vn -0.000000 -0.000000 -1.000000
vn -0.000000 -0.000000 -1.000000
vn -0.000000 -0.000000 -1.000000
vn -0.000000 -0.000000 -1.000000
vn 0.087646 -0.515874 -0.852169
vn 0.087646 -0.515874 -0.852169
vn 0.087646 -0.515874 -0.852169
vn 0.087646 -0.515874 -0.852169
vn 0.160739 -0.874733 -0.457170
vn 0.160739 -0.874733 -0.457170
vn 0.160739 -0.874733 -0.457170
vn 0.160739 -0.874733 -0.457170
vn -0.954718 0.297513 -0.000000
vn -0.954718 0.297513 -0.000000
vn -0.781490 0.623917 -0.000000
vn -0.781490 0.623917 -0.000000
vn -0.692345 0.721567 -0.000000
vn -0.692345 0.721567 -0.000000
vn -0.359868 0.933003 -0.000000
vn -0.359868 0.933003 -0.000000
vn 0.587863 0.808960 -0.000003
vn 0.421185 0.906975 -0.000003
vn 0.892277 0.451488 0.000000
vn 0.812410 0.583086 0.000000
vn 0.922830 -0.385208 0.000000
vn 0.922830 -0.385208 0.000000
vn 0.771790 -0.635877 0.000000
vn 0.771791 -0.635877 0.000000
vn 0.767460 -0.641096 0.000000
vn 0.767460 -0.641096 0.000000
vn 0.990205 -0.139622 0.000000
vn 0.990205 -0.139622 0.000000
vn 0.000203 1.000000 0.000000
vn 0.000203 1.000000 0.000000
vn 0.000186 1.000000 0.000000
vn 0.000186 1.000000 0.000000
vn 0.000189 1.000000 0.000000
vn 0.000189 1.000000 0.000000
vn 0.228460 0.973553 0.000000
vn 0.228460 0.973553 0.000000
vn 0.692423 0.721491 0.000000
vn 0.692423 0.721491 0.000000
vn 0.944796 0.327658 0.000000
vn 0.944796 0.327658 0.000000
vn 0.965926 -0.258818 0.000000
vn 0.965926 -0.258818 0.000000
vn 0.721962 -0.691933 0.000000
vn 0.721962 -0.691933 0.000000
vn 0.299877 -0.953978 0.000000
vn 0.299877 -0.953978 0.000000
vn 0.054974 -0.998488 0.000000
vn 0.054974 -0.998488 0.000000
vn -0.023059 -0.999734 -0.000000
vn -0.023059 -0.999734 -0.000000
vn -0.075455 -0.997149 -0.000000
vn -0.075455 -0.997149 -0.000000
vn -0.073036 -0.997329 -0.000000
vn -0.073036 -0.997329 -0.000000
vn -0.313340 -0.949641 -0.000000
vn -0.313340 -0.949641 -0.000000
vn -0.770960 -0.636884 -0.000000
vn -0.770960 -0.636884 -0.000000
vn -0.972212 -0.234104 -0.000000
vn -0.972212 -0.234104 -0.000000
vn -0.999698 -0.024586 -0.000000
vn -0.999698 -0.024586 -0.000000
vn -0.973450 0.228899 -0.000000
vn -0.973450 0.228899 -0.000000
vn -0.905756 0.423799 -0.000000
vn -0.905756 0.423799 -0.000000
vn -0.636387 0.771370 -0.000000
vn -0.636387 0.771370 -0.000000
vn 0.122455 0.992474 0.000000
vn 0.122455 0.992474 0.000000
vn 0.184840 -0.982769 0.000000
vn 0.184840 -0.982769 0.000000
vn 0.000014 -0.000325 -1.000000
vn 0.000014 -0.000325 -1.000000
vn -0.000019 0.000029 -1.000000
vn -0.000019 0.000029 -1.000000
vn 0.000003 0.000026 -1.000000
vn 0.000003 0.000026 -1.000000
vn 0.000044 0.000005 -1.000000
vn 0.000081 0.000018 -1.000000
vn 0.000074 0.000036 -1.000000
vn 0.000040 0.000015 -1.000000
vn 0.928514 0.282472 -0.240979
vn 0.928514 0.282472 -0.240979
vn 0.957295 0.289112 0.000000
vn 0.000234 0.000056 -1.000000
vn 0.000234 0.000056 -1.000000
vn 0.000013 0.000004 -1.000000
vn 0.000013 0.000004 -1.000000
vn 0.000053 0.000022 -1.000000
vn 0.000053 0.000022 -1.000000
vn -0.013464 0.506422 -0.862181
vn -0.013464 0.506422 -0.862181
vn -0.150654 0.480025 -0.864222
vn -0.150654 0.480025 -0.864222
vn -0.000001 0.000001 -1.000000
vn -0.000001 0.000001 -1.000000
vn -0.000001 0.000000 -1.000000
vn -0.000001 0.000000 -1.000000
vn -0.000200 0.000216 -1.000000
vn -0.000200 0.000216 -1.000000
vn 0.219373 0.975641 -0.000002
vn 0.208161 0.933176 -0.293004
vn 0.208161 0.933176 -0.293004
vn 0.000023 -0.000217 -1.000000
vn 0.000037 -0.000203 -1.000000
vn 0.000027 -0.000155 -1.000000
vn 0.000018 -0.000168 -1.000000
vn 0.000050 -0.000086 -1.000000
vn 0.000050 -0.000086 -1.000000
vn 0.000033 -0.000051 -1.000000
vn 0.000033 -0.000051 -1.000000
vn 0.000014 -0.000033 -1.000000
vn 0.000014 -0.000033 -1.000000
vn 0.002574 0.001126 -0.999996
vn 0.002068 0.002403 -0.999995
vn -0.002040 0.002447 -0.999995
vn -0.002334 0.001473 -0.999996
vn -0.002586 0.000639 -0.999996
vn 0.002843 0.000447 -0.999996
vn 0.000110 -0.000023 -1.000000
vn 0.000079 -0.000140 -1.000000
vn 0.000097 -0.000012 -1.000000
vn 0.000000 -0.000000 1.000000
vn 0.000000 -0.000000 1.000000
vn 0.000000 -0.000000 1.000000
vn 0.000000 -0.000000 1.000000
vn -0.862597 0.440499 0.248772
vn -0.783505 0.569057 0.249588
vn -0.783505 0.569057 0.249588
vn -0.862606 0.440481 0.248772
vn -0.216934 0.898721 0.381105
vn -0.216934 0.898721 0.381105
vn -0.216934 0.898721 0.381105
vn -0.216934 0.898721 0.381105
vn -0.610641 0.632298 0.476778
vn -0.610641 0.632298 0.476778
vn -0.610641 0.632298 0.476778
vn -0.610641 0.632298 0.476778
vn -0.801162 0.277844 0.530039
vn -0.801162 0.277844 0.530039
vn -0.801162 0.277844 0.530039
vn -0.801162 0.277844 0.530039
vn -0.813924 -0.218089 0.538484
vn -0.813924 -0.218089 0.538484
vn -0.813924 -0.218089 0.538484
vn -0.813924 -0.218089 0.538484
vn -0.618045 -0.591682 0.517622
vn -0.618045 -0.591682 0.517622
vn -0.618045 -0.591682 0.517623
vn -0.618045 -0.591682 0.517623
vn -0.271563 -0.844201 0.462145
vn -0.271563 -0.844201 0.462145
vn -0.271563 -0.844201 0.462145
vn -0.271563 -0.844201 0.462145
vn 0.073872 -0.891823 0.446312
vn 0.073872 -0.891823 0.446312
vn 0.073872 -0.891823 0.446312
vn 0.073872 -0.891823 0.446312
vn 0.273303 -0.836965 0.474125
vn 0.273303 -0.836965 0.474125
vn 0.273303 -0.836965 0.474125
vn 0.273303 -0.836965 0.474125
vn 0.650479 -0.536291 0.537838
vn 0.650479 -0.536291 0.537838
vn 0.650479 -0.536291 0.537838
vn 0.650479 -0.536291 0.537838
vn 0.816166 -0.195071 0.543894
vn 0.816166 -0.195071 0.543894
vn 0.816166 -0.195071 0.543894
vn 0.816166 -0.195071 0.543894
vn 0.837883 -0.017853 0.545558
vn 0.837883 -0.017853 0.545558
vn 0.837883 -0.017853 0.545558
vn 0.837883 -0.017853 0.545558
vn 0.818409 0.192444 0.541454
vn 0.818409 0.192444 0.541454
vn 0.818409 0.192444 0.541454
vn 0.818409 0.192444 0.541454
vn 0.765389 0.358123 0.534721
vn 0.765389 0.358123 0.534721
vn 0.765389 0.358123 0.534721
vn 0.765389 0.358123 0.534721
vn 0.551050 0.667929 0.500214
vn 0.551050 0.667929 0.500214
vn 0.551050 0.667929 0.500214
vn 0.551050 0.667929 0.500214
vn -0.565652 0.775456 0.280544
vn -0.565652 0.775456 0.280544
vn -0.406377 0.865798 0.291977
vn -0.403452 0.867127 0.292090
vn -0.047587 -0.887186 0.458952
vn -0.047587 -0.887186 0.458952
vn -0.047587 -0.887186 0.458952
vn -0.047587 -0.887186 0.458952
vn -0.000000 0.000000 1.000000
vn -0.000000 0.000000 1.000000
vn -0.000000 0.000000 1.000000
vn -0.000000 0.000000 1.000000
vn 0.000023 0.000010 1.000000
vn 0.000023 0.000010 1.000000
vn 0.000023 0.000010 1.000000
vn 0.000023 0.000010 1.000000
vn -0.000201 0.928034 0.372495
vn -0.000201 0.928034 0.372495
vn -0.000201 0.928034 0.372495
vn -0.000201 0.928034 0.372495
vn -0.834452 -0.470016 0.287705
vn -0.834452 -0.470016 0.287705
vn -0.834452 -0.470016 0.287705
vn -0.834452 -0.470016 0.287705
vn -0.000013 -0.000096 1.000000
vn -0.000013 -0.000096 1.000000
vn -0.000013 -0.000191 1.000000
vn -0.000013 -0.000129 1.000000
vn 0.857147 0.241022 0.455200
vn 0.857147 0.241022 0.455200
vn 0.857147 0.241022 0.455200
vn 0.857147 0.241022 0.455200
vn -0.000011 -0.000022 1.000000
vn -0.000009 -0.000015 1.000000
vn -0.000009 -0.000015 1.000000
vn -0.000012 -0.000026 1.000000
vn -0.906966 -0.356029 0.225070
vn -0.906966 -0.356029 0.225070
vn -0.906966 -0.356029 0.225070
vn -0.906966 -0.356029 0.225070
vn -0.000047 -0.000105 1.000000
vn -0.000060 -0.000074 1.000000
vn -0.000045 -0.000023 1.000000
vn -0.000014 -0.000072 1.000000
vn 0.343523 0.897639 0.276111
vn 0.343523 0.897639 0.276111
vn 0.343523 0.897639 0.276111
vn 0.343523 0.897639 0.276111
vn -0.751409 -0.623473 0.216023
vn -0.751409 -0.623473 0.216023
vn -0.751409 -0.623473 0.216023
vn -0.751409 -0.623473 0.216023
vn 0.000010 0.000011 1.000000
vn 0.000010 0.000011 1.000000
vn 0.000012 0.000015 1.000000
vn 0.000011 0.000013 1.000000
vn -0.000027 -0.000040 1.000000
vn -0.000024 -0.000033 1.000000
vn -0.000024 -0.000033 1.000000
vn -0.000030 -0.000046 1.000000
vn 0.722761 0.565221 0.397669
vn 0.722761 0.565221 0.397669
vn 0.722761 0.565221 0.397669
vn 0.722761 0.565221 0.397669
vn -0.751173 -0.624538 0.213756
vn -0.751173 -0.624538 0.213756
vn -0.751173 -0.624538 0.213756
vn -0.751173 -0.624538 0.213756
vn 0.000002 0.000009 1.000000
vn 0.000002 0.000009 1.000000
vn 0.000001 0.000014 1.000000
vn 0.000001 0.000013 1.000000
vn -0.000045 -0.000068 1.000000
vn -0.000041 -0.000055 1.000000
vn -0.000041 -0.000055 1.000000
vn -0.000046 -0.000073 1.000000
vn 0.660778 0.670558 0.337230
vn 0.660778 0.670558 0.337230
vn 0.660778 0.670558 0.337230
vn 0.660778 0.670558 0.337230
vn -0.321147 -0.305996 0.896232
vn -0.321147 -0.305996 0.896232
vn -0.321147 -0.305996 0.896232
vn -0.321147 -0.305996 0.896232
vn -0.394409 -0.105681 0.912838
vn -0.394409 -0.105681 0.912838
vn -0.394409 -0.105681 0.912838
vn -0.394409 -0.105681 0.912838
vn -0.375402 0.130190 0.917673
vn -0.375402 0.130190 0.917673
vn -0.375402 0.130190 0.917673
vn -0.375402 0.130190 0.917673
vn -0.301902 0.305880 0.902935
vn -0.301902 0.305880 0.902935
vn -0.301902 0.305880 0.902935
vn -0.301903 0.305880 0.902935
vn -0.130705 0.490371 0.861657
vn -0.130705 0.490371 0.861657
vn -0.130705 0.490371 0.861657
vn -0.130705 0.490371 0.861657
vn -0.170027 -0.484359 0.858189
vn -0.170027 -0.484359 0.858189
vn -0.170027 -0.484359 0.858189
vn -0.170027 -0.484359 0.858189
vn 0.000008 0.000003 1.000000
vn 0.000008 0.000003 1.000000
vn 0.000008 0.000003 1.000000
vn 0.000008 0.000003 1.000000
vn 0.060887 -0.523960 0.849564
vn 0.060887 -0.523960 0.849564
vn 0.060887 -0.523960 0.849564
vn 0.060887 -0.523960 0.849564
vn 0.353702 0.165498 0.920600
vn 0.353702 0.165498 0.920600
vn 0.353702 0.165498 0.920601
vn 0.353702 0.165498 0.920600
vn 0.380259 0.089415 0.920548
vn 0.380259 0.089415 0.920548
vn 0.380259 0.089415 0.920548
vn 0.380259 0.089415 0.920548
vn 0.082655 0.496752 0.863948
vn 0.082655 0.496752 0.863948
vn 0.105288 0.491466 0.864509
vn 0.113252 0.489540 0.864595
vn 0.290279 0.321515 0.901314
vn 0.290279 0.321515 0.901314
vn 0.290279 0.321515 0.901314
vn 0.290279 0.321515 0.901314
vn 0.325733 -0.266725 0.907059
vn 0.325733 -0.266725 0.907059
vn 0.325733 -0.266725 0.907059
vn 0.325733 -0.266725 0.907059
vn 0.148187 -0.474988 0.867426
vn 0.148187 -0.474988 0.867426
vn 0.148187 -0.474988 0.867426
vn 0.148187 -0.474988 0.867426
vn 0.395713 -0.003431 0.918368
vn 0.395713 -0.003431 0.918368
vn 0.395713 -0.003431 0.918368
vn 0.395713 -0.003431 0.918368
vn 0.393645 -0.091683 0.914679
vn 0.393645 -0.091683 0.914679
vn 0.393645 -0.091683 0.914679
vn 0.393645 -0.091683 0.914679
vn -0.025617 -0.519880 0.853855
vn -0.025617 -0.519880 0.853855
vn -0.025617 -0.519880 0.853855
vn -0.025617 -0.519880 0.853855
vn -0.000090 0.518219 0.855248
vn -0.000090 0.518219 0.855248
vn -0.000090 0.518218 0.855248
vn -0.000090 0.518219 0.855248
vn 0.004973 0.499829 0.866110
vn 0.000758 0.496531 0.868018
vn 0.000758 0.496531 0.868018
vn 0.004035 0.499096 0.866537
vn 0.000001 0.000001 1.000000
vn 0.000002 0.000002 1.000000
vn 0.000002 0.000002 1.000000
vn 0.000001 0.000001 1.000000
vn -0.000000 -0.000000 1.000000
vn -0.000000 -0.000000 1.000000
vn -0.000000 -0.000000 1.000000
vn -0.000000 -0.000000 1.000000
vn -0.000000 0.000000 1.000000
vn -0.000000 0.000000 1.000000
vn -0.000000 0.000000 1.000000
vn -0.000000 0.000000 1.000000
vn -0.000000 0.000000 1.000000
vn -0.000000 0.000000 1.000000
vn -0.000000 0.000000 1.000000
vn -0.000000 0.000000 1.000000
vn -0.000000 0.000000 1.000000
vn -0.000000 0.000000 1.000000
vn -0.000000 0.000000 1.000000
vn -0.000000 0.000000 1.000000
vn -0.000000 -0.000000 1.000000
vn -0.000000 -0.000000 1.000000
vn -0.000000 -0.000000 1.000000
vn -0.000000 -0.000000 1.000000
vn -0.000000 0.000000 1.000000
vn -0.000000 0.000000 1.000000
vn -0.000000 0.000000 1.000000
vn -0.000000 0.000000 1.000000
vn -0.000000 0.000000 1.000000
vn -0.000000 0.000000 1.000000
vn -0.000000 0.000000 1.000000
vn -0.000000 0.000000 1.000000
vn -0.000000 -0.000000 1.000000
vn -0.000000 -0.000000 1.000000
vn -0.000000 -0.000000 1.000000
vn -0.000000 -0.000000 1.000000
vn 0.000053 0.000010 1.000000
vn 0.000053 0.000010 1.000000
vn 0.000053 0.000010 1.000000
vn 0.000053 0.000010 1.000000
vn 0.001170 -0.002055 0.999997
vn 0.001170 -0.002055 0.999997
vn 0.001170 -0.002055 0.999997
vn 0.001170 -0.002055 0.999997
vn -0.000207 0.928081 0.372378
vn -0.000207 0.928081 0.372378
vn -0.000207 0.928081 0.372378
vn -0.000207 0.928081 0.372378
vn -0.000064 0.518116 0.855310
vn -0.000064 0.518116 0.855310
vn -0.000064 0.518116 0.855310
vn -0.000064 0.518116 0.855310
vn -0.000000 -0.000000 1.000000
vn -0.000000 -0.000000 1.000000
vn -0.000000 -0.000000 1.000000
vn -0.000000 -0.000000 1.000000
vn 0.041745 -0.555221 0.830655
vn 0.041745 -0.555221 0.830655
vn 0.041745 -0.555221 0.830655
vn 0.041745 -0.555221 0.830655
vn 0.068192 -0.902592 0.425062
vn 0.068192 -0.902592 0.425062
vn 0.068192 -0.902592 0.425062
vn 0.068193 -0.902592 0.425062
vn -0.000000 0.000000 1.000000
vn -0.000000 0.000000 1.000000
vn -0.000000 0.000000 1.000000
vn 0.000000 0.000000 1.000000
vn 0.000349 0.000632 1.000000
vn 0.000484 0.001012 0.999999
vn 0.000484 0.001012 0.999999
vn 0.000286 0.000458 1.000000
vn 0.001177 0.000516 0.999999
vn 0.001625 0.001519 0.999997
vn 0.001901 0.000923 0.999998
vn 0.001766 0.000568 0.999998
vn 0.010958 -0.896942 0.442013
vn 0.010958 -0.896942 0.442013
vn 0.010958 -0.896942 0.442013
vn 0.010958 -0.896942 0.442013
vn -0.011378 -0.538392 0.842618
vn -0.011378 -0.538392 0.842618
vn -0.011378 -0.538392 0.842618
vn -0.011378 -0.538392 0.842618
vn 0.000000 0.000000 1.000000
vn 0.000000 0.000000 1.000000
vn 0.000000 0.000000 1.000000
vn 0.000000 0.000000 1.000000
vn -0.000062 0.518174 0.855275
vn -0.000062 0.518174 0.855275
vn -0.000062 0.518174 0.855275
vn -0.000062 0.518174 0.855275
vn -0.000201 0.928065 0.372418
vn -0.000201 0.928065 0.372418
vn -0.000201 0.928065 0.372418
vn -0.000201 0.928065 0.372418
vn 0.000001 0.000052 1.000000
vn 0.000001 0.000052 1.000000
vn 0.000001 0.000052 1.000000
vn 0.000001 0.000052 1.000000
vn -0.000031 0.000002 1.000000
vn -0.000031 0.000002 1.000000
vn -0.000044 0.000014 1.000000
vn -0.000037 0.000008 1.000000
vn -0.000014 0.000005 1.000000
vn -0.000014 0.000005 1.000000
vn -0.000014 0.000005 1.000000
vn -0.000014 0.000005 1.000000
vn -0.000022 0.000017 1.000000
vn -0.000022 0.000017 1.000000
vn -0.000022 0.000017 1.000000
vn -0.000022 0.000017 1.000000
vn -0.000013 0.000002 1.000000
vn -0.000013 0.000000 1.000000
vn -0.000013 0.000000 1.000000
vn -0.000013 0.000002 1.000000
vn -0.000753 0.000532 1.000000
vn -0.000753 0.000532 1.000000
vn -0.000490 0.000290 1.000000
vn -0.000543 0.000339 1.000000
vn -0.002407 0.001094 0.999997
vn -0.002041 0.001593 0.999997
vn -0.002016 0.000844 0.999998
vn -0.002443 0.000639 0.999997
vn -0.001782 -0.000978 0.999998
vn -0.001782 -0.000978 0.999998
vn -0.001782 -0.000978 0.999998
vn -0.001782 -0.000978 0.999998
vn 0.000002 0.000014 1.000000
vn 0.000002 0.000014 1.000000
vn 0.000002 0.000014 1.000000
vn 0.000002 0.000014 1.000000
vn 0.000002 0.000033 1.000000
vn 0.000002 0.000033 1.000000
vn 0.000002 0.000033 1.000000
vn 0.000002 0.000033 1.000000
vn -0.000020 -0.000000 1.000000
vn -0.000020 -0.000000 1.000000
vn -0.000020 -0.000000 1.000000
vn -0.000020 -0.000000 1.000000
vn -0.000000 -0.000000 1.000000
vn -0.000000 -0.000000 1.000000
vn -0.000000 -0.000000 1.000000
vn -0.000000 -0.000000 1.000000
vn -0.000000 0.000000 1.000000
vn -0.000000 0.000000 1.000000
vn -0.000000 0.000000 1.000000
vn -0.000000 0.000000 1.000000
vn -0.000000 0.000000 1.000000
vn -0.000000 0.000000 1.000000
vn -0.000000 0.000000 1.000000
vn -0.000000 0.000000 1.000000
vn -0.000000 -0.000000 1.000000
vn -0.000000 -0.000000 1.000000
vn -0.000000 -0.000000 1.000000
vn -0.000000 -0.000000 1.000000
vn -0.109472 0.921166 0.373455
vn -0.109472 0.921166 0.373455
vn -0.109472 0.921166 0.373454
vn -0.109472 0.921166 0.373454
vn -0.054605 0.514578 0.855703
vn -0.054605 0.514578 0.855703
vn -0.054605 0.514578 0.855703
vn -0.054605 0.514578 0.855703
vn 0.000000 0.000000 1.000000
vn 0.000000 0.000000 1.000000
vn 0.000000 0.000000 1.000000
vn 0.000000 0.000000 1.000000
vn 0.000000 0.000000 1.000000
vn 0.000000 0.000000 1.000000
vn 0.000000 0.000000 1.000000
vn 0.000000 0.000000 1.000000
vn 0.000000 -0.000000 1.000000
vn 0.000000 -0.000000 1.000000
vn 0.000000 -0.000000 1.000000
vn 0.000000 -0.000000 1.000000
vn 0.000000 -0.000000 1.000000
vn 0.000000 -0.000000 1.000000
vn 0.000000 -0.000000 1.000000
vn 0.000000 -0.000000 1.000000
vn -0.087646 -0.515873 0.852169
vn -0.087646 -0.515873 0.852170
vn -0.087646 -0.515873 0.852169
vn -0.087646 -0.515873 0.852170
vn -0.160739 -0.874734 0.457169
vn -0.160739 -0.874734 0.457169
vn -0.160739 -0.874734 0.457169
vn -0.160739 -0.874734 0.457169
vn 0.954719 0.297509 0.000000
vn 0.954719 0.297509 0.000000
vn 0.954719 0.297510 0.000000
vn 0.954719 0.297510 0.000000
vn 0.781490 0.623917 0.000000
vn 0.781490 0.623917 0.000000
vn 0.781490 0.623917 0.000000
vn 0.781490 0.623917 0.000000
vn 0.692345 0.721566 0.000000
vn 0.692345 0.721566 0.000000
vn 0.692345 0.721567 0.000000
vn 0.692345 0.721567 0.000000
vn 0.359869 0.933003 0.000000
vn 0.359869 0.933003 0.000000
vn 0.359869 0.933003 0.000000
vn 0.359869 0.933003 0.000000
vn -0.587866 0.808959 0.000003
vn -0.421185 0.906975 0.000003
vn -0.421233 0.906953 -0.000000
vn -0.587864 0.808960 0.000000
vn -0.892278 0.451486 -0.000000
vn -0.812411 0.583085 -0.000000
vn -0.812411 0.583085 -0.000000
vn -0.892287 0.451469 -0.000000
vn -0.922830 -0.385207 -0.000000
vn -0.922830 -0.385207 -0.000000
vn -0.922831 -0.385205 -0.000000
vn -0.922831 -0.385205 -0.000000
vn -0.771790 -0.635877 -0.000000
vn -0.771790 -0.635877 -0.000000
vn -0.771790 -0.635877 -0.000000
vn -0.771790 -0.635877 -0.000000
vn -0.767463 -0.641094 -0.000000
vn -0.767463 -0.641094 -0.000000
vn -0.767461 -0.641095 -0.000000
vn -0.767461 -0.641095 -0.000000
vn -0.990199 -0.139661 -0.000000
vn -0.990199 -0.139661 -0.000000
vn -0.990202 -0.139641 -0.000000
vn -0.990202 -0.139641 -0.000000
vn -0.000203 1.000000 -0.000000
vn -0.000203 1.000000 -0.000000
vn -0.000203 1.000000 -0.000000
vn -0.000203 1.000000 -0.000000
vn -0.000186 1.000000 -0.000000
vn -0.000186 1.000000 -0.000000
vn -0.000186 1.000000 -0.000000
vn -0.000186 1.000000 -0.000000
vn -0.000189 1.000000 -0.000000
vn -0.000189 1.000000 -0.000000
vn -0.000189 1.000000 -0.000000
vn -0.000189 1.000000 -0.000000
vn -0.228460 0.973553 -0.000000
vn -0.228460 0.973553 -0.000000
vn -0.228460 0.973553 -0.000000
vn -0.228460 0.973553 -0.000000
vn -0.692424 0.721491 -0.000000
vn -0.692424 0.721491 -0.000000
vn -0.692424 0.721491 -0.000000
vn -0.692424 0.721491 -0.000000
vn -0.944796 0.327659 -0.000000
vn -0.944796 0.327659 -0.000000
vn -0.944796 0.327659 -0.000000
vn -0.944796 0.327659 -0.000000
vn -0.965926 -0.258819 -0.000000
vn -0.965926 -0.258819 -0.000000
vn -0.965926 -0.258819 -0.000000
vn -0.965926 -0.258819 -0.000000
vn -0.721962 -0.691933 -0.000000
vn -0.721962 -0.691933 -0.000000
vn -0.721962 -0.691933 -0.000000
vn -0.721962 -0.691933 -0.000000
vn -0.299878 -0.953978 -0.000000
vn -0.299878 -0.953978 -0.000000
vn -0.299878 -0.953978 -0.000000
vn -0.299878 -0.953978 -0.000000
vn -0.054974 -0.998488 -0.000000
vn -0.054974 -0.998488 -0.000000
vn -0.054974 -0.998488 -0.000000
vn -0.054974 -0.998488 -0.000000
vn 0.023059 -0.999734 0.000000
vn 0.023059 -0.999734 0.000000
vn 0.023059 -0.999734 0.000000
vn 0.023059 -0.999734 0.000000
vn 0.075454 -0.997149 0.000000
vn 0.075454 -0.997149 0.000000
vn 0.075454 -0.997149 0.000000
vn 0.075454 -0.997149 0.000000
vn 0.073036 -0.997329 0.000000
vn 0.073036 -0.997329 0.000000
vn 0.073036 -0.997329 0.000000
vn 0.073036 -0.997329 0.000000
vn 0.313340 -0.949641 0.000000
vn 0.313340 -0.949641 0.000000
vn 0.313340 -0.949641 0.000000
vn 0.313340 -0.949641 0.000000
vn 0.770960 -0.636883 0.000000
vn 0.770960 -0.636883 0.000000
vn 0.770960 -0.636883 0.000000
vn 0.770960 -0.636883 0.000000
vn 0.972212 -0.234104 0.000000
vn 0.972212 -0.234104 0.000000
vn 0.972212 -0.234104 0.000000
vn 0.972212 -0.234104 0.000000
vn 0.999698 -0.024585 0.000000
vn 0.999698 -0.024585 0.000000
vn 0.999698 -0.024585 0.000000
vn 0.999698 -0.024585 0.000000
vn 0.973450 0.228900 0.000000
vn 0.973450 0.228900 0.000000
vn 0.973450 0.228900 0.000000
vn 0.973450 0.228900 0.000000
vn 0.905756 0.423799 0.000000
vn 0.905756 0.423799 0.000000
vn 0.905756 0.423799 0.000000
vn 0.905756 0.423799 0.000000
vn 0.636387 0.771370 0.000000
vn 0.636387 0.771370 0.000000
vn 0.636387 0.771370 0.000000
vn 0.636387 0.771370 0.000000
vn -0.122455 0.992474 -0.000000
vn -0.122455 0.992474 -0.000000
vn -0.122455 0.992474 -0.000000
vn -0.122455 0.992474 -0.000000
vn -0.184839 -0.982769 -0.000000
vn -0.184839 -0.982769 -0.000000
vn -0.184839 -0.982769 -0.000000
vn -0.184839 -0.982769 -0.000000
vn -0.000014 -0.000324 1.000000
vn -0.000014 -0.000324 1.000000
vn 0.000019 0.000029 1.000000
vn 0.000019 0.000029 1.000000
vn -0.000003 0.000026 1.000000
vn -0.000003 0.000026 1.000000
vn -0.000044 0.000005 1.000000
vn -0.000080 0.000018 1.000000
vn -0.000074 0.000037 1.000000
vn -0.000040 0.000016 1.000000
vn -0.928516 0.282467 0.240976
vn -0.928516 0.282467 0.240976
vn -0.957296 0.289110 -0.000000
vn -0.957296 0.289110 -0.000000
vn -0.000234 0.000056 1.000000
vn -0.000234 0.000056 1.000000
vn -0.000013 0.000004 1.000000
vn -0.000013 0.000004 1.000000
vn -0.000053 0.000022 1.000000
vn -0.000053 0.000022 1.000000
vn 0.013464 0.506423 0.862180
vn 0.013464 0.506423 0.862180
vn 0.150653 0.480025 0.864222
vn 0.150653 0.480025 0.864222
vn 0.000000 0.000000 1.000000
vn 0.000000 0.000000 1.000000
vn 0.000000 0.000000 1.000000
vn 0.000000 0.000000 1.000000
vn 0.000200 0.000216 1.000000
vn 0.000200 0.000216 1.000000
vn -0.219373 0.975641 0.000003
vn -0.219373 0.975641 -0.000000
vn -0.208162 0.933175 0.293006
vn -0.208162 0.933175 0.293006
vn -0.000022 -0.000217 1.000000
vn -0.000037 -0.000202 1.000000
vn -0.000027 -0.000155 1.000000
vn -0.000017 -0.000168 1.000000
vn -0.000050 -0.000086 1.000000
vn -0.000050 -0.000086 1.000000
vn -0.000033 -0.000051 1.000000
vn -0.000033 -0.000051 1.000000
vn -0.000015 -0.000033 1.000000
vn -0.000015 -0.000033 1.000000
vn -0.002574 0.001126 0.999996
vn -0.002068 0.002403 0.999995
vn 0.002040 0.002447 0.999995
vn 0.002334 0.001473 0.999996
vn 0.002586 0.000639 0.999996
vn -0.002843 0.000447 0.999996
vn -0.000110 -0.000024 1.000000
vn -0.000079 -0.000140 1.000000
vn -0.000096 -0.000013 1.000000
vn 0.000000 -0.000000 -1.000000
vn 0.000000 -0.000000 -1.000000
vn 0.000000 -0.000000 -1.000000
vn 0.000000 -0.000000 -1.000000
vn -0.862598 0.440496 -0.248772
vn -0.862607 0.440479 -0.248772
vn -0.783508 0.569052 -0.249589
vn -0.783508 0.569052 -0.249589
vn -0.216934 0.898721 -0.381105
vn -0.216934 0.898721 -0.381105
vn -0.216934 0.898721 -0.381105
vn -0.216934 0.898721 -0.381105
vn -0.610641 0.632298 -0.476778
vn -0.610641 0.632298 -0.476778
vn -0.610641 0.632298 -0.476777
vn -0.610641 0.632298 -0.476778
vn -0.801162 0.277844 -0.530040
vn -0.801162 0.277844 -0.530040
vn -0.801162 0.277844 -0.530040
vn -0.801162 0.277844 -0.530039
vn -0.813924 -0.218089 -0.538484
vn -0.813924 -0.218089 -0.538484
vn -0.813924 -0.218089 -0.538484
vn -0.813924 -0.218089 -0.538484
vn -0.618045 -0.591682 -0.517622
vn -0.618045 -0.591682 -0.517622
vn -0.618045 -0.591682 -0.517622
vn -0.618045 -0.591682 -0.517622
vn -0.271563 -0.844201 -0.462145
vn -0.271563 -0.844201 -0.462145
vn -0.271563 -0.844201 -0.462145
vn -0.271563 -0.844201 -0.462145
vn 0.073872 -0.891823 -0.446312
vn 0.073872 -0.891823 -0.446312
vn 0.073872 -0.891823 -0.446312
vn 0.073872 -0.891823 -0.446312
vn 0.273303 -0.836965 -0.474125
vn 0.273303 -0.836965 -0.474125
vn 0.273303 -0.836965 -0.474125
vn 0.273303 -0.836965 -0.474125
vn 0.650479 -0.536291 -0.537838
vn 0.650479 -0.536291 -0.537838
vn 0.650479 -0.536291 -0.537838
vn 0.650479 -0.536291 -0.537838
vn 0.816166 -0.195071 -0.543894
vn 0.816166 -0.195071 -0.543894
vn 0.816166 -0.195071 -0.543894
vn 0.816166 -0.195071 -0.543894
vn 0.837883 -0.017853 -0.545558
vn 0.837883 -0.017853 -0.545558
vn 0.837883 -0.017853 -0.545558
vn 0.837883 -0.017853 -0.545558
vn 0.818409 0.192444 -0.541454
vn 0.818409 0.192444 -0.541454
vn 0.818409 0.192444 -0.541454
vn 0.818409 0.192444 -0.541454
vn 0.765389 0.358123 -0.534721
vn 0.765389 0.358123 -0.534721
vn 0.765389 0.358123 -0.534721
vn 0.765390 0.358123 -0.534721
vn 0.551050 0.667929 -0.500215
vn 0.551050 0.667929 -0.500215
vn 0.551050 0.667929 -0.500215
vn 0.551050 0.667929 -0.500215
vn -0.565651 0.775457 -0.280543
vn -0.403452 0.867128 -0.292089
vn -0.406377 0.865799 -0.291976
vn -0.565651 0.775457 -0.280543
vn -0.047587 -0.887186 -0.458952
vn -0.047587 -0.887186 -0.458952
vn -0.047587 -0.887186 -0.458952
vn -0.047587 -0.887186 -0.458952
vn 0.000000 0.000000 -1.000000
vn 0.000000 0.000000 -1.000000
vn 0.000000 0.000000 -1.000000
vn 0.000000 0.000000 -1.000000
vn 0.000023 0.000010 -1.000000
vn 0.000023 0.000010 -1.000000
vn 0.000023 0.000010 -1.000000
vn 0.000023 0.000010 -1.000000
vn -0.000201 0.928034 -0.372494
vn -0.000201 0.928034 -0.372494
vn -0.000201 0.928034 -0.372494
vn -0.000201 0.928034 -0.372494
vn -0.834455 -0.470011 -0.287706
vn -0.834455 -0.470011 -0.287706
vn -0.834455 -0.470011 -0.287706
vn -0.834455 -0.470011 -0.287706
vn -0.000013 -0.000097 -1.000000
vn -0.000013 -0.000130 -1.000000
vn -0.000013 -0.000192 -1.000000
vn -0.000013 -0.000097 -1.000000
vn 0.857147 0.241022 -0.455200
vn 0.857147 0.241022 -0.455200
vn 0.857147 0.241022 -0.455200
vn 0.857147 0.241022 -0.455200
vn -0.000011 -0.000022 -1.000000
vn -0.000012 -0.000026 -1.000000
vn -0.000009 -0.000016 -1.000000
vn -0.000009 -0.000016 -1.000000
vn -0.906965 -0.356031 -0.225069
vn -0.906965 -0.356031 -0.225069
vn -0.906965 -0.356031 -0.225069
vn -0.906965 -0.356031 -0.225069
vn -0.000047 -0.000105 -1.000000
vn -0.000013 -0.000072 -1.000000
vn -0.000045 -0.000023 -1.000000
vn -0.000060 -0.000074 -1.000000
vn 0.343523 0.897639 -0.276110
vn 0.343523 0.897639 -0.276110
vn 0.343523 0.897639 -0.276110
vn 0.343523 0.897639 -0.276110
vn -0.751410 -0.623472 -0.216023
vn -0.751410 -0.623472 -0.216023
vn -0.751410 -0.623472 -0.216023
vn -0.751410 -0.623472 -0.216023
vn 0.000010 0.000011 -1.000000
vn 0.000011 0.000013 -1.000000
vn 0.000012 0.000016 -1.000000
vn 0.000010 0.000011 -1.000000
vn -0.000028 -0.000039 -1.000000
vn -0.000030 -0.000045 -1.000000
vn -0.000025 -0.000033 -1.000000
vn -0.000025 -0.000033 -1.000000
vn 0.722761 0.565222 -0.397669
vn 0.722761 0.565222 -0.397669
vn 0.722761 0.565222 -0.397669
vn 0.722761 0.565222 -0.397669
vn -0.751173 -0.624538 -0.213756
vn -0.751173 -0.624538 -0.213756
vn -0.751173 -0.624538 -0.213756
vn -0.751173 -0.624538 -0.213756
vn 0.000003 0.000009 -1.000000
vn 0.000002 0.000013 -1.000000
vn 0.000001 0.000014 -1.000000
vn 0.000003 0.000009 -1.000000
vn -0.000045 -0.000069 -1.000000
vn -0.000046 -0.000073 -1.000000
vn -0.000040 -0.000055 -1.000000
vn -0.000040 -0.000055 -1.000000
vn 0.660778 0.670558 -0.337230
vn 0.660778 0.670558 -0.337231
vn 0.660778 0.670558 -0.337230
vn 0.660778 0.670558 -0.337230
vn -0.321146 -0.305996 -0.896232
vn -0.321146 -0.305996 -0.896232
vn -0.321146 -0.305996 -0.896232
vn -0.321146 -0.305996 -0.896232
vn -0.394409 -0.105681 -0.912838
vn -0.394409 -0.105681 -0.912838
vn -0.394409 -0.105681 -0.912838
vn -0.394409 -0.105681 -0.912838
vn -0.375402 0.130190 -0.917673
vn -0.375402 0.130190 -0.917673
vn -0.375402 0.130190 -0.917673
vn -0.375402 0.130191 -0.917673
vn -0.301902 0.305880 -0.902935
vn -0.301902 0.305880 -0.902935
vn -0.301902 0.305880 -0.902935
vn -0.301902 0.305880 -0.902935
vn -0.130705 0.490370 -0.861658
vn -0.130705 0.490370 -0.861658
vn -0.130705 0.490370 -0.861658
vn -0.130705 0.490370 -0.861658
vn -0.170027 -0.484358 -0.858189
vn -0.170027 -0.484358 -0.858189
vn -0.170027 -0.484358 -0.858189
vn -0.170027 -0.484358 -0.858189
vn 0.000007 0.000003 -1.000000
vn 0.000007 0.000003 -1.000000
vn 0.000007 0.000003 -1.000000
vn 0.000007 0.000003 -1.000000
vn 0.060887 -0.523959 -0.849564
vn 0.060887 -0.523959 -0.849564
vn 0.060887 -0.523959 -0.849564
vn 0.060887 -0.523959 -0.849564
vn 0.353702 0.165498 -0.920601
vn 0.353702 0.165498 -0.920601
vn 0.353702 0.165498 -0.920601
vn 0.353702 0.165498 -0.920601
vn 0.380259 0.089415 -0.920548
vn 0.380259 0.089415 -0.920548
vn 0.380259 0.089415 -0.920548
vn 0.380259 0.089415 -0.920548
vn 0.082655 0.496753 -0.863947
vn 0.113252 0.489541 -0.864595
vn 0.105288 0.491467 -0.864508
vn 0.082655 0.496753 -0.863947
vn 0.290279 0.321514 -0.901314
vn 0.290279 0.321514 -0.901314
vn 0.290279 0.321514 -0.901314
vn 0.290279 0.321514 -0.901314
vn 0.325732 -0.266725 -0.907059
vn 0.325732 -0.266725 -0.907059
vn 0.325732 -0.266725 -0.907059
vn 0.325732 -0.266725 -0.907059
vn 0.148187 -0.474987 -0.867426
vn 0.148187 -0.474987 -0.867426
vn 0.148187 -0.474987 -0.867426
vn 0.148187 -0.474988 -0.867426
vn 0.395713 -0.003431 -0.918368
vn 0.395713 -0.003431 -0.918368
vn 0.395713 -0.003431 -0.918368
vn 0.395713 -0.003431 -0.918368
vn 0.393645 -0.091683 -0.914679
vn 0.393645 -0.091683 -0.914679
vn 0.393645 -0.091683 -0.914679
vn 0.393645 -0.091683 -0.914679
vn -0.025617 -0.519882 -0.853854
vn -0.025617 -0.519882 -0.853854
vn -0.025617 -0.519881 -0.853854
vn -0.025617 -0.519882 -0.853854
vn -0.000090 0.518218 -0.855248
vn -0.000090 0.518218 -0.855248
vn -0.000090 0.518218 -0.855248
vn -0.000090 0.518218 -0.855248
vn 0.004973 0.499828 -0.866110
vn 0.004035 0.499096 -0.866538
vn 0.000758 0.496530 -0.868019
vn 0.000758 0.496530 -0.868019
vn 0.000001 0.000001 -1.000000
vn 0.000001 0.000001 -1.000000
vn 0.000002 0.000002 -1.000000
vn 0.000002 0.000002 -1.000000
vn 0.000000 -0.000000 -1.000000
vn 0.000000 -0.000000 -1.000000
vn 0.000000 -0.000000 -1.000000
vn 0.000000 -0.000000 -1.000000
vn -0.000000 0.000000 -1.000000
vn -0.000000 0.000000 -1.000000
vn -0.000000 0.000000 -1.000000
vn -0.000000 0.000000 -1.000000
vn -0.000001 0.000000 -1.000000
vn -0.000001 0.000000 -1.000000
vn -0.000001 0.000000 -1.000000
vn -0.000001 0.000000 -1.000000
vn -0.000000 0.000000 -1.000000
vn -0.000000 0.000000 -1.000000
vn -0.000000 0.000000 -1.000000
vn -0.000000 0.000000 -1.000000
vn -0.000000 -0.000000 -1.000000
vn -0.000000 -0.000000 -1.000000
vn -0.000000 -0.000000 -1.000000
vn -0.000000 -0.000000 -1.000000
vn -0.000000 0.000000 -1.000000
vn -0.000000 0.000000 -1.000000
vn -0.000000 0.000000 -1.000000
vn -0.000000 0.000000 -1.000000
vn -0.000000 0.000000 -1.000000
vn -0.000000 0.000000 -1.000000
vn -0.000000 0.000000 -1.000000
vn -0.000000 0.000000 -1.000000
vn -0.000001 -0.000000 -1.000000
vn -0.000001 -0.000000 -1.000000
vn -0.000001 -0.000000 -1.000000
vn -0.000001 -0.000000 -1.000000
vn 0.000053 0.000010 -1.000000
vn 0.000053 0.000010 -1.000000
vn 0.000053 0.000010 -1.000000
vn 0.000053 0.000010 -1.000000
vn 0.001171 -0.002056 -0.999997
vn 0.001171 -0.002056 -0.999997
vn 0.001171 -0.002056 -0.999997
vn 0.001171 -0.002056 -0.999997
vn -0.000207 0.928081 -0.372378
vn -0.000207 0.928081 -0.372378
vn -0.000207 0.928081 -0.372378
vn -0.000207 0.928081 -0.372378
vn -0.000064 0.518117 -0.855310
vn -0.000064 0.518117 -0.855310
vn -0.000064 0.518117 -0.855310
vn -0.000064 0.518117 -0.855310
vn -0.000000 -0.000000 -1.000000
vn -0.000000 -0.000000 -1.000000
vn -0.000000 -0.000000 -1.000000
vn -0.000000 -0.000000 -1.000000
vn 0.041745 -0.555221 -0.830655
vn 0.041745 -0.555221 -0.830655
vn 0.041745 -0.555221 -0.830655
vn 0.041745 -0.555221 -0.830655
vn 0.068192 -0.902592 -0.425062
vn 0.068192 -0.902592 -0.425062
vn 0.068192 -0.902592 -0.425062
vn 0.068192 -0.902592 -0.425062
vn -0.000000 0.000000 -1.000000
vn 0.000000 0.000000 -1.000000
vn -0.000000 0.000000 -1.000000
vn -0.000000 0.000000 -1.000000
vn 0.000349 0.000633 -1.000000
vn 0.000287 0.000459 -1.000000
vn 0.000484 0.001012 -0.999999
vn 0.000484 0.001012 -0.999999
vn 0.001178 0.000516 -0.999999
vn 0.001767 0.000568 -0.999998
vn 0.001902 0.000923 -0.999998
vn 0.001625 0.001519 -0.999997
vn 0.010958 -0.896942 -0.442013
vn 0.010958 -0.896942 -0.442013
vn 0.010958 -0.896942 -0.442013
vn 0.010958 -0.896942 -0.442013
vn -0.011378 -0.538391 -0.842618
vn -0.011378 -0.538391 -0.842619
vn -0.011378 -0.538391 -0.842618
vn -0.011378 -0.538391 -0.842619
vn 0.000000 0.000000 -1.000000
vn 0.000000 0.000000 -1.000000
vn 0.000000 0.000000 -1.000000
vn 0.000000 0.000000 -1.000000
vn -0.000062 0.518175 -0.855275
vn -0.000062 0.518175 -0.855275
vn -0.000062 0.518175 -0.855275
vn -0.000062 0.518175 -0.855275
vn -0.000201 0.928065 -0.372419
vn -0.000201 0.928065 -0.372419
vn -0.000201 0.928065 -0.372419
vn -0.000201 0.928065 -0.372419
vn 0.000000 0.000051 -1.000000
vn 0.000000 0.000051 -1.000000
vn 0.000000 0.000051 -1.000000
vn 0.000000 0.000051 -1.000000
vn -0.000031 0.000003 -1.000000
vn -0.000037 0.000008 -1.000000
vn -0.000044 0.000014 -1.000000
vn -0.000031 0.000003 -1.000000
vn -0.000014 0.000005 -1.000000
vn -0.000014 0.000005 -1.000000
vn -0.000014 0.000005 -1.000000
vn -0.000014 0.000005 -1.000000
vn -0.000022 0.000017 -1.000000
vn -0.000022 0.000017 -1.000000
vn -0.000022 0.000017 -1.000000
vn -0.000022 0.000017 -1.000000
vn -0.000013 0.000002 -1.000000
vn -0.000013 0.000002 -1.000000
vn -0.000013 0.000000 -1.000000
vn -0.000013 0.000000 -1.000000
vn -0.000753 0.000532 -1.000000
vn -0.000543 0.000339 -1.000000
vn -0.000490 0.000290 -1.000000
vn -0.000753 0.000532 -1.000000
vn -0.002407 0.001094 -0.999997
vn -0.002443 0.000639 -0.999997
vn -0.002016 0.000845 -0.999998
vn -0.002041 0.001593 -0.999997
vn -0.001782 -0.000978 -0.999998
vn -0.001782 -0.000978 -0.999998
vn -0.001782 -0.000978 -0.999998
vn -0.001782 -0.000978 -0.999998
vn 0.000002 0.000014 -1.000000
vn 0.000002 0.000014 -1.000000
vn 0.000002 0.000014 -1.000000
vn 0.000002 0.000014 -1.000000
vn 0.000002 0.000032 -1.000000
vn 0.000002 0.000032 -1.000000
vn 0.000002 0.000032 -1.000000
vn 0.000002 0.000032 -1.000000
vn -0.000020 -0.000000 -1.000000
vn -0.000020 -0.000000 -1.000000
vn -0.000020 -0.000000 -1.000000
vn -0.000020 -0.000000 -1.000000
vn -0.000000 -0.000000 -1.000000
vn -0.000000 -0.000000 -1.000000
vn -0.000000 -0.000000 -1.000000
vn -0.000000 -0.000000 -1.000000
vn -0.000000 0.000000 -1.000000
vn -0.000000 0.000000 -1.000000
vn -0.000000 0.000000 -1.000000
vn -0.000000 0.000000 -1.000000
vn -0.000000 0.000000 -1.000000
vn -0.000000 0.000000 -1.000000
vn -0.000000 0.000000 -1.000000
vn -0.000000 0.000000 -1.000000
vn -0.000001 -0.000000 -1.000000
vn -0.000001 -0.000000 -1.000000
vn -0.000001 -0.000000 -1.000000
vn -0.000001 -0.000000 -1.000000
vn -0.109472 0.921166 -0.373454
vn -0.109472 0.921166 -0.373454
vn -0.109472 0.921166 -0.373454
vn -0.109472 0.921166 -0.373454
vn -0.054604 0.514577 -0.855703
vn -0.054604 0.514577 -0.855703
vn -0.054604 0.514577 -0.855703
vn -0.054604 0.514577 -0.855703
vn 0.000000 0.000000 -1.000000
vn 0.000000 0.000000 -1.000000
vn 0.000000 0.000000 -1.000000
vn 0.000000 0.000000 -1.000000
vn 0.000000 0.000000 -1.000000
vn 0.000000 0.000000 -1.000000
vn 0.000000 0.000000 -1.000000
vn 0.000000 0.000000 -1.000000
vn 0.000000 -0.000000 -1.000000
vn 0.000000 -0.000000 -1.000000
vn 0.000000 -0.000000 -1.000000
vn 0.000000 -0.000000 -1.000000
vn 0.000000 -0.000000 -1.000000
vn 0.000000 -0.000000 -1.000000
vn 0.000000 -0.000000 -1.000000
vn 0.000000 -0.000000 -1.000000
vn -0.087646 -0.515874 -0.852169
vn -0.087646 -0.515874 -0.852169
vn -0.087646 -0.515874 -0.852169
vn -0.087646 -0.515874 -0.852169
vn -0.160739 -0.874734 -0.457169
vn -0.160739 -0.874734 -0.457169
vn -0.160739 -0.874734 -0.457169
vn -0.160739 -0.874734 -0.457169
vn 0.954719 0.297510 0.000000
vn 0.954719 0.297510 0.000000
vn 0.781490 0.623918 0.000000
vn 0.781490 0.623918 0.000000
vn 0.692345 0.721567 0.000000
vn 0.692345 0.721567 0.000000
vn 0.359869 0.933003 0.000000
vn 0.359868 0.933003 0.000000
vn -0.587863 0.808961 -0.000003
vn -0.421184 0.906975 -0.000003
vn -0.892278 0.451486 -0.000000
vn -0.812411 0.583085 -0.000000
vn -0.922832 -0.385203 -0.000000
vn -0.922832 -0.385203 -0.000000
vn -0.771790 -0.635877 -0.000000
vn -0.771790 -0.635877 -0.000000
vn -0.767460 -0.641097 -0.000000
vn -0.767460 -0.641097 -0.000000
vn -0.990205 -0.139622 -0.000000
vn -0.990205 -0.139622 -0.000000
vn -0.000203 1.000000 -0.000000
vn -0.000203 1.000000 -0.000000
vn -0.000186 1.000000 -0.000000
vn -0.000186 1.000000 -0.000000
vn -0.000189 1.000000 -0.000000
vn -0.000189 1.000000 -0.000000
vn -0.228460 0.973553 -0.000000
vn -0.228460 0.973553 -0.000000
vn -0.692424 0.721491 -0.000000
vn -0.692424 0.721491 -0.000000
vn -0.944796 0.327659 -0.000000
vn -0.944796 0.327659 -0.000000
vn -0.965926 -0.258819 -0.000000
vn -0.965926 -0.258819 -0.000000
vn -0.721962 -0.691933 -0.000000
vn -0.721962 -0.691933 -0.000000
vn -0.299878 -0.953978 -0.000000
vn -0.299878 -0.953978 -0.000000
vn -0.054974 -0.998488 -0.000000
vn -0.054974 -0.998488 -0.000000
vn 0.023059 -0.999734 0.000000
vn 0.023059 -0.999734 0.000000
vn 0.075454 -0.997149 0.000000
vn 0.075454 -0.997149 0.000000
vn 0.073036 -0.997329 0.000000
vn 0.073036 -0.997329 0.000000
vn 0.313340 -0.949641 0.000000
vn 0.313340 -0.949641 0.000000
vn 0.770960 -0.636883 0.000000
vn 0.770960 -0.636883 0.000000
vn 0.972212 -0.234104 0.000000
vn 0.972212 -0.234104 0.000000
vn 0.999698 -0.024585 0.000000
vn 0.999698 -0.024585 0.000000
vn 0.973450 0.228900 0.000000
vn 0.973450 0.228900 0.000000
vn 0.905756 0.423799 0.000000
vn 0.905756 0.423799 0.000000
vn 0.636387 0.771370 0.000000
vn 0.636387 0.771370 0.000000
vn -0.122455 0.992474 -0.000000
vn -0.122455 0.992474 -0.000000
vn -0.184839 -0.982769 -0.000000
vn -0.184839 -0.982769 -0.000000
vn -0.000014 -0.000325 -1.000000
vn -0.000014 -0.000325 -1.000000
vn 0.000019 0.000029 -1.000000
vn 0.000019 0.000029 -1.000000
vn -0.000003 0.000026 -1.000000
vn -0.000003 0.000026 -1.000000
vn -0.000044 0.000005 -1.000000
vn -0.000040 0.000015 -1.000000
vn -0.000074 0.000036 -1.000000
vn -0.000081 0.000018 -1.000000
vn -0.928516 0.282469 -0.240976
vn -0.928516 0.282469 -0.240976
vn -0.957296 0.289110 -0.000000
vn -0.000234 0.000056 -1.000000
vn -0.000234 0.000056 -1.000000
vn -0.000013 0.000004 -1.000000
vn -0.000013 0.000004 -1.000000
vn -0.000053 0.000022 -1.000000
vn -0.000053 0.000022 -1.000000
vn 0.013464 0.506424 -0.862179
vn 0.013464 0.506424 -0.862179
vn 0.150653 0.480027 -0.864221
vn 0.150653 0.480027 -0.864221
vn 0.000001 0.000001 -1.000000
vn 0.000001 0.000001 -1.000000
vn 0.000001 0.000000 -1.000000
vn 0.000001 0.000000 -1.000000
vn 0.000200 0.000216 -1.000000
vn 0.000200 0.000216 -1.000000
vn -0.219374 0.975641 -0.000003
vn -0.208162 0.933175 -0.293007
vn -0.208162 0.933175 -0.293007
vn -0.000023 -0.000217 -1.000000
vn -0.000018 -0.000168 -1.000000
vn -0.000027 -0.000155 -1.000000
vn -0.000037 -0.000203 -1.000000
vn -0.000050 -0.000086 -1.000000
vn -0.000050 -0.000086 -1.000000
vn -0.000033 -0.000051 -1.000000
vn -0.000033 -0.000051 -1.000000
vn -0.000014 -0.000033 -1.000000
vn -0.000014 -0.000033 -1.000000
vn -0.002574 0.001126 -0.999996
vn -0.002068 0.002403 -0.999995
vn 0.002334 0.001473 -0.999996
vn 0.002040 0.002447 -0.999995
vn 0.002586 0.000639 -0.999996
vn -0.002843 0.000447 -0.999996
vn -0.000110 -0.000023 -1.000000
vn -0.000079 -0.000140 -1.000000
vn -0.000097 -0.000012 -1.000000
s off
g mittens ghost
usemtl initialShadingGroup
f 67/99/1 76/115/2 74/111/3 73/112/4
s 1
f 125/181/5 126/182/6 36/24/7 40/68/8
s off
f 18/28/9 112/161/10 113/163/11 8/27/12
f 19/30/13 18/28/14 8/27/15 7/29/16
f 20/32/17 19/30/18 7/29/19 6/31/20
f 21/34/21 20/32/22 6/31/23 4/33/24
f 22/22/25 21/34/26 4/33/27 5/35/28
f 119/173/29 120/175/30 22/36/31 5/37/32
f 3/39/33 24/42/34 32/59/35 33/61/36
f 24/42/37 3/39/38 15/41/39 25/43/40
f 26/45/41 25/43/42 15/41/43 14/44/44
f 27/48/45 26/45/46 14/44/47 16/46/48
f 2/47/49 28/50/50 27/48/51 16/46/52
f 12/49/53 29/51/54 28/50/55 2/47/56
f 30/53/57 29/51/58 12/49/59 11/52/60
f 31/55/61 30/53/62 11/52/63 13/54/64
s 2
f 36/24/65 136/195/66 137/196/67 40/68/68
s off
f 93/134/69 94/135/70 23/40/71 10/38/72
f 90/130/73 91/131/74 78/117/75 59/5/76
f 84/123/77 89/129/78 90/130/79 59/5/80
f 17/26/81 86/125/82 87/126/83 9/25/84
f 34/62/85 35/64/86 47/75/87 48/76/88
s 3
f 1/56/89 121/176/90 122/178/91 49/77/92
s off
f 31/55/93 13/54/94 50/78/95 51/79/96
s 4
f 140/199/97 131/189/98 1/56/99 49/77/100
s off
f 43/71/101 42/70/102 38/66/103 39/67/104
s 5
f 180/240/105 44/72/106 182/242/107 181/241/108
s off
f 46/74/109 45/73/110 41/69/111 37/65/112
f 48/76/113 47/75/114 52/80/115 53/81/116
s 6
f 49/77/117 122/178/118 123/179/119 54/82/120
s 7
f 139/198/121 140/199/122 49/77/123 54/82/124
s off
f 51/79/125 50/78/126 55/83/127 56/84/128
f 53/81/129 52/80/130 42/70/131 43/71/132
s 8
f 54/82/133 123/179/134 124/180/135 44/72/136
s 9
f 138/197/137 139/198/138 54/82/139 44/72/140
s off
f 56/84/141 55/83/142 45/73/143 46/74/144
f 5/7/145 4/8/146 58/103/147 57/102/148
f 4/8/149 6/18/150 60/101/151 58/103/152
f 6/19/153 7/9/154 61/105/155 60/104/156
f 7/9/157 8/16/158 62/106/159 61/105/160
f 8/10/161 113/162/162 114/165/163 62/98/164
f 118/171/165 119/172/166 5/969/167 57/970/168
f 90/130/169 106/150/170 101/143/171 91/131/172
f 67/109/173 3/12/174 33/971/175 68/972/176
f 11/13/177 12/14/178 69/110/179 70/96/180
f 12/14/181 2/20/182 71/108/183 69/110/184
s 10
f 1/21/185 131/188/186 132/191/187 65/973/188
s off
f 13/15/189 11/1/190 70/974/191 72/975/192
f 14/976/193 15/17/194 73/113/195 74/977/196
f 3/978/197 67/979/198 73/113/199 15/17/200
f 2/57/201 16/2/202 75/85/203 71/94/204
f 16/3/205 14/58/206 74/95/207 75/86/208
f 92/132/209 93/133/210 10/6/211 64/93/212
f 9/4/213 87/127/214 88/128/215 63/92/216
s 11
f 130/186/217 121/177/218 1/980/219 65/981/220
s 12
f 133/192/221 134/193/222 96/137/223 95/136/224
s off
f 76/115/225 67/99/226 68/100/227 77/116/228
f 78/117/229 91/131/230 92/132/231 64/93/232
f 117/169/233 118/170/234 57/87/235 79/118/236
f 57/87/237 58/88/238 80/119/239 79/118/240
f 58/88/241 60/89/242 81/120/243 80/119/244
f 60/89/245 61/90/246 82/121/247 81/120/248
f 61/90/249 62/91/250 83/122/251 82/121/252
f 62/91/253 114/164/254 115/166/255 83/122/256
f 88/128/257 89/129/258 84/123/259 63/92/260
f 76/115/261 85/124/262 75/982/263 74/111/264
f 103/146/265 104/148/266 35/64/267 34/62/268
f 102/144/269 103/147/270 34/63/271 66/97/272
f 100/142/273 101/143/274 77/116/275 68/100/276
f 33/60/277 99/140/278 100/142/279 68/100/280
f 33/61/281 32/59/282 98/139/283 99/141/284
s 13
f 132/190/285 133/192/286 95/136/287 65/983/288
s 14
f 134/193/289 135/194/290 97/138/291 96/137/292
s 15
f 71/984/293 75/982/294 143/202/295 135/194/296
s off
f 99/141/297 98/139/298 94/135/299 93/134/300
f 100/142/301 99/140/302 93/133/303 92/132/304
f 92/132/305 91/131/306 101/143/307 100/142/308
f 88/128/309 87/127/310 103/147/311 102/144/312
f 87/126/313 86/125/314 104/148/315 103/146/316
f 102/145/317 66/985/318 107/151/319 105/149/320
s 16
f 95/136/321 129/185/322 130/187/323 65/983/324
s off
f 105/149/325 107/151/326 109/153/327 106/150/328
f 110/154/329 108/152/330 106/150/331 109/153/332
s 17
f 128/184/333 129/185/334 95/136/335 96/137/336
s 18
f 97/138/337 127/183/338 128/184/339 96/137/340
s 19
f 141/200/341 108/152/342 110/154/343 127/183/344
s off
f 85/124/345 76/115/346 77/116/347 108/152/348
f 89/129/349 105/149/350 106/150/351 90/130/352
f 102/145/353 105/149/354 89/129/355 88/128/356
f 101/143/357 106/150/358 108/152/359 77/116/360
f 80/155/361 81/156/362 111/157/363 79/118/364
f 81/158/365 82/159/366 83/122/367 111/160/368
f 115/166/369 116/167/370 111/160/371 83/122/372
f 116/168/373 117/169/374 79/118/375 111/157/376
f 113/163/377 112/161/378 17/26/379 9/25/380
f 114/165/381 113/162/382 9/11/383 63/107/384
f 115/166/385 114/164/386 63/92/387 84/123/388
f 84/123/389 59/5/390 116/167/391 115/166/392
f 59/5/393 78/117/394 117/169/395 116/168/396
f 64/93/397 118/170/398 117/169/399 78/117/400
f 10/986/401 119/172/402 118/171/403 64/987/404
f 23/40/405 120/175/406 119/173/407 10/38/408
s 20
f 51/79/409 177/237/410 144/203/411 31/55/412
s 21
f 56/84/413 176/236/414 177/237/415 51/79/416
s 22
f 46/74/417 175/235/418 176/236/419 56/84/420
s 23
f 174/234/421 175/235/422 46/74/423 37/65/424
s 24
f 36/24/425 172/232/426 173/233/427 136/195/428
s 25
f 126/182/429 171/231/430 172/232/431 36/24/432
s 26
f 42/70/433 169/229/434 170/230/435 38/66/436
s 27
f 52/80/437 168/228/438 169/229/439 42/70/440
s 28
f 47/75/441 167/227/442 168/228/443 52/80/444
s 29
f 35/64/445 166/226/446 167/227/447 47/75/448
s 30
f 104/148/449 165/225/450 166/226/451 35/64/452
s 31
f 86/125/453 164/224/454 165/225/455 104/148/456
s 32
f 17/26/457 163/223/458 164/224/459 86/125/460
s 33
f 18/28/461 161/221/462 162/222/463 112/161/464
s 34
f 19/30/465 160/220/466 161/221/467 18/28/468
s 35
f 20/32/469 159/219/470 160/220/471 19/30/472
s 36
f 21/34/473 158/218/474 159/219/475 20/32/476
s 37
f 22/22/477 157/217/478 158/218/479 21/34/480
s 38
f 120/174/481 156/215/482 157/216/483 22/23/484
s 39
f 94/135/485 154/213/486 155/214/487 23/40/488
s 40
f 98/139/489 153/212/490 154/213/491 94/135/492
s 41
f 32/59/493 152/211/494 153/212/495 98/139/496
s 42
f 32/59/497 24/42/498 151/210/499 152/211/500
s 43
f 150/209/501 151/210/502 24/42/503 25/43/504
s 44
f 26/45/505 149/208/506 150/209/507 25/43/508
s 45
f 27/48/509 148/207/510 149/208/511 26/45/512
s 46
f 28/50/513 147/206/514 148/207/515 27/48/516
s 47
f 29/51/517 146/205/518 147/206/519 28/50/520
s 48
f 30/53/521 145/204/522 146/205/523 29/51/524
s 49
f 31/55/525 144/203/526 145/204/527 30/53/528
s 50
f 112/161/529 162/222/530 163/223/531 17/26/532
s 51
f 23/40/533 155/214/534 156/215/535 120/174/536
s 3
f 122/178/91 121/176/90 34/62/537 48/76/538
s 6
f 123/179/119 122/178/118 48/76/539 53/81/540
s 8
f 124/180/135 123/179/134 53/81/541 43/71/542
s 5
f 178/238/543 124/180/544 43/71/545 39/67/546
s 1
f 39/67/547 38/66/548 126/182/6 125/181/5
s 25
f 38/66/549 170/230/550 171/231/430 126/182/429
s 18
f 128/184/339 127/183/338 110/154/551 109/153/552
s 17
f 109/153/553 107/151/554 129/185/334 128/184/333
s 16
f 130/187/323 129/185/322 107/151/555 66/985/556
s 11
f 34/988/557 121/177/218 130/186/217 66/114/558
s 10
f 132/191/187 131/188/186 13/15/559 72/975/560
s 13
f 70/989/561 133/192/286 132/190/285 72/990/562
s 12
f 69/991/563 134/193/222 133/192/221 70/989/564
s 14
f 71/984/565 135/194/290 134/193/289 69/991/566
s 24
f 136/195/428 173/233/427 174/234/567 37/65/568
s 2
f 137/196/67 136/195/66 37/65/569 41/69/570
s 5
f 45/73/571 138/197/572 179/239/573 41/69/574
s 9
f 55/83/575 139/198/138 138/197/137 45/73/576
s 7
f 50/78/577 140/199/122 139/198/121 55/83/578
s 4
f 13/54/579 131/189/98 140/199/97 50/78/580
s 19
f 142/201/581 141/200/341 127/183/344 97/138/582
s 15
f 135/194/296 143/202/295 142/201/583 97/138/584
f 75/982/294 85/124/585 142/201/583 143/202/295
s 19
f 141/200/341 142/201/581 85/124/586 108/152/342
s 5
f 40/68/587 137/196/588 180/240/105 181/241/108
f 179/239/573 180/240/105 137/196/588 41/69/574
f 40/68/587 181/241/108 182/242/107 125/181/589
f 125/181/589 182/242/107 178/238/543 39/67/546
f 179/239/573 138/197/572 44/72/106 180/240/105
f 182/242/107 44/72/106 124/180/544 178/238/543
s off
f 249/243/590 255/246/591 256/245/592 258/244/593
s 52
f 307/247/594 222/250/595 218/249/596 308/248/597
s off
f 200/251/598 190/254/599 295/253/600 294/252/601
f 201/255/602 189/256/603 190/254/604 200/251/605
f 202/257/606 188/258/607 189/256/608 201/255/609
f 203/259/610 186/260/611 188/258/612 202/257/613
f 204/261/614 187/262/615 186/260/616 203/259/617
f 301/263/618 187/266/619 204/265/620 302/264/621
f 185/267/622 215/270/623 214/269/624 206/268/625
f 206/268/626 207/272/627 197/271/628 185/267/629
f 208/273/630 196/274/631 197/271/632 207/272/633
f 209/275/634 198/276/635 196/274/636 208/273/637
f 184/277/638 198/276/639 209/275/640 210/278/641
f 194/279/642 184/277/643 210/278/644 211/280/645
f 212/281/646 193/282/647 194/279/648 211/280/649
f 213/283/650 195/284/651 193/282/652 212/281/653
s 53
f 218/249/654 222/250/655 319/286/656 318/285/657
s off
f 275/287/658 192/290/659 205/289/660 276/288/661
f 272/291/662 241/294/663 260/293/664 273/292/665
f 266/295/666 241/294/667 272/291/668 271/296/669
f 199/297/670 191/300/671 269/299/672 268/298/673
f 216/301/674 230/304/675 229/303/676 217/302/677
s 54
f 183/305/678 231/308/679 304/307/680 303/306/681
s off
f 213/283/682 233/310/683 232/309/684 195/284/685
s 55
f 322/311/686 231/308/687 183/305/688 313/312/689
s off
f 225/313/690 221/316/691 220/315/692 224/314/693
s 56
f 328/317/694 329/320/695 330/319/696 226/318/697
s off
f 228/321/698 219/324/699 223/323/700 227/322/701
f 230/304/702 235/326/703 234/325/704 229/303/705
s 57
f 231/308/706 236/328/707 305/327/708 304/307/709
s 58
f 321/329/710 236/328/711 231/308/712 322/311/713
s off
f 233/310/714 238/331/715 237/330/716 232/309/717
f 235/326/718 225/313/719 224/314/720 234/325/721
s 59
f 236/328/722 226/318/723 306/332/724 305/327/725
s 60
f 320/333/726 226/318/727 236/328/728 321/329/729
s off
f 238/331/730 228/321/731 227/322/732 237/330/733
f 187/334/734 239/337/735 240/336/736 186/335/737
f 186/335/738 240/336/739 242/339/740 188/338/741
f 188/340/742 242/343/743 243/342/744 189/341/745
f 189/341/746 243/342/747 244/345/748 190/344/749
f 190/346/750 244/349/751 296/348/752 295/347/753
f 300/350/754 239/992/755 187/993/756 301/351/757
f 272/291/758 273/292/759 283/353/760 288/352/761
f 249/354/762 250/994/763 215/995/764 185/355/765
f 193/356/766 252/359/767 251/358/768 194/357/769
f 194/357/770 251/358/771 253/361/772 184/360/773
s 61
f 183/362/774 247/996/775 314/364/776 313/363/777
s off
f 195/365/778 254/997/779 252/998/780 193/366/781
f 196/999/782 256/1000/783 255/368/784 197/367/785
f 185/1001/786 197/367/787 255/368/788 249/1002/789
f 184/369/790 253/372/791 257/371/792 198/370/793
f 198/373/794 257/376/795 256/375/796 196/374/797
f 274/377/798 246/380/799 192/379/800 275/378/801
f 191/381/802 245/384/803 270/383/804 269/382/805
s 62
f 312/385/806 247/1003/807 183/1004/808 303/386/809
s 63
f 315/387/810 277/390/811 278/389/812 316/388/813
s off
f 258/244/814 259/392/815 250/391/816 249/243/817
f 260/293/818 246/380/819 274/377/820 273/292/821
f 299/393/822 261/396/823 239/395/824 300/394/825
f 239/395/826 261/396/827 262/398/828 240/397/829
f 240/397/830 262/398/831 263/400/832 242/399/833
f 242/399/834 263/400/835 264/402/836 243/401/837
f 243/401/838 264/402/839 265/404/840 244/403/841
f 244/403/842 265/404/843 297/406/844 296/405/845
f 270/383/846 245/384/847 266/295/848 271/296/849
f 258/244/850 256/245/851 257/1005/852 267/407/853
f 285/408/854 216/301/855 217/302/856 286/409/857
f 284/410/858 248/413/859 216/412/860 285/411/861
f 282/414/862 250/391/863 259/392/864 283/353/865
f 215/415/866 250/391/867 282/414/868 281/416/869
f 215/270/870 281/418/871 280/417/872 214/269/873
s 64
f 314/419/874 247/1006/875 277/390/876 315/387/877
s 65
f 316/388/878 278/389/879 279/421/880 317/420/881
s 66
f 253/1007/882 317/420/883 325/422/884 257/1005/885
s off
f 281/418/886 275/287/887 276/288/888 280/417/889
f 282/414/890 274/377/891 275/378/892 281/416/893
f 274/377/894 282/414/895 283/353/896 273/292/897
f 270/383/898 284/410/899 285/411/900 269/382/901
f 269/299/902 285/408/903 286/409/904 268/298/905
f 284/423/906 287/425/907 289/424/908 248/1008/909
s 67
f 277/390/910 247/1006/911 312/427/912 311/426/913
s off
f 287/425/914 288/352/915 291/428/916 289/424/917
f 292/429/918 291/428/919 288/352/920 290/430/921
s 68
f 310/431/922 278/389/923 277/390/924 311/426/925
s 69
f 279/421/926 278/389/927 310/431/928 309/432/929
s 70
f 323/433/930 309/432/931 292/429/932 290/430/933
s off
f 267/407/934 290/430/935 259/392/936 258/244/937
f 271/296/938 272/291/939 288/352/940 287/425/941
f 284/423/942 270/383/943 271/296/944 287/425/945
f 283/353/946 259/392/947 290/430/948 288/352/949
f 262/434/950 261/396/951 293/436/952 263/435/953
f 263/437/954 293/439/955 265/404/956 264/438/957
f 297/406/958 265/404/959 293/439/960 298/440/961
f 298/441/962 293/436/963 261/396/964 299/393/965
f 295/253/966 191/300/967 199/297/968 294/252/969
f 296/348/970 245/443/971 191/442/972 295/347/973
f 297/406/974 266/295/975 245/384/976 296/405/977
f 266/295/978 297/406/979 298/440/980 241/294/981
f 241/294/982 298/441/983 299/393/984 260/293/985
f 246/380/986 260/293/987 299/393/988 300/394/989
f 192/1009/990 246/1010/991 300/350/992 301/351/993
f 205/289/994 192/290/995 301/263/996 302/264/997
s 20
f 233/310/998 213/283/999 144/445/411 177/444/410
s 21
f 238/331/1000 233/310/1001 177/444/415 176/446/414
s 22
f 228/321/1002 238/331/1003 176/446/419 175/447/418
s 23
f 174/448/421 219/324/1004 228/321/1005 175/447/422
s 24
f 218/249/1006 318/285/1007 173/450/427 172/449/426
s 25
f 308/248/1008 218/249/1009 172/449/431 171/451/430
s 26
f 224/314/1010 220/315/1011 170/453/435 169/452/434
s 27
f 234/325/1012 224/314/1013 169/452/439 168/454/438
s 28
f 229/303/1014 234/325/1015 168/454/443 167/455/442
s 29
f 217/302/1016 229/303/1017 167/455/447 166/456/446
s 30
f 286/409/1018 217/302/1019 166/456/451 165/457/450
s 31
f 268/298/1020 286/409/1021 165/457/455 164/458/454
s 32
f 199/297/1022 268/298/1023 164/458/459 163/459/458
s 33
f 200/251/1024 294/252/1025 162/461/463 161/460/462
s 34
f 201/255/1026 200/251/1027 161/460/467 160/462/466
s 35
f 202/257/1028 201/255/1029 160/462/471 159/463/470
s 36
f 203/259/1030 202/257/1031 159/463/475 158/464/474
s 37
f 204/261/1032 203/259/1033 158/464/479 157/465/478
s 38
f 302/466/1034 204/469/1035 157/468/483 156/467/482
s 39
f 276/288/1036 205/289/1037 155/471/487 154/470/486
s 40
f 280/417/1038 276/288/1039 154/470/491 153/472/490
s 41
f 214/269/1040 280/417/1041 153/472/495 152/473/494
s 42
f 214/269/1042 152/473/500 151/474/499 206/268/1043
s 43
f 150/475/501 207/272/1044 206/268/1045 151/474/502
s 44
f 208/273/1046 207/272/1047 150/475/507 149/476/506
s 45
f 209/275/1048 208/273/1049 149/476/511 148/477/510
s 46
f 210/278/1050 209/275/1051 148/477/515 147/478/514
s 47
f 211/280/1052 210/278/1053 147/478/519 146/479/518
s 48
f 212/281/1054 211/280/1055 146/479/523 145/480/522
s 49
f 213/283/1056 212/281/1057 145/480/527 144/445/526
s 50
f 294/252/1058 199/297/1059 163/459/531 162/461/530
s 51
f 205/289/1060 302/466/1061 156/467/535 155/471/534
s 54
f 304/307/680 230/304/1062 216/301/1063 303/306/681
s 57
f 305/327/708 235/326/1064 230/304/1065 304/307/709
s 59
f 306/332/724 225/313/1066 235/326/1067 305/327/725
s 56
f 326/481/1068 221/316/1069 225/313/1070 306/332/1071
s 52
f 221/316/1072 307/247/594 308/248/597 220/315/1073
s 25
f 220/315/1074 308/248/1008 171/451/430 170/453/550
s 69
f 310/431/928 291/428/1075 292/429/1076 309/432/929
s 68
f 291/428/1077 310/431/922 311/426/925 289/424/1078
s 67
f 312/427/912 248/1008/1079 289/424/1080 311/426/913
s 62
f 216/1011/1081 248/482/1082 312/385/806 303/386/809
s 61
f 314/364/776 254/997/1083 195/365/1084 313/363/777
s 64
f 252/1012/1085 254/1013/1086 314/419/874 315/387/877
s 63
f 251/1014/1087 252/1012/1088 315/387/810 316/388/813
s 65
f 253/1007/1089 251/1014/1090 316/388/878 317/420/881
s 24
f 318/285/1007 219/324/1091 174/448/567 173/450/427
s 53
f 319/286/656 223/323/1092 219/324/1093 318/285/657
s 56
f 227/322/1094 223/323/1095 327/483/1096 320/333/1097
s 60
f 237/330/1098 227/322/1099 320/333/726 321/329/729
s 58
f 232/309/1100 237/330/1101 321/329/710 322/311/713
s 55
f 195/284/1102 232/309/1103 322/311/686 313/312/689
s 70
f 324/484/1104 279/421/1105 309/432/931 323/433/930
s 66
f 317/420/883 279/421/1106 324/484/1107 325/422/884
f 257/1005/885 325/422/884 324/484/1107 267/407/1108
s 70
f 323/433/930 290/430/933 267/407/1109 324/484/1104
s 56
f 222/250/1110 329/320/695 328/317/694 319/286/1111
f 327/483/1096 223/323/1095 319/286/1111 328/317/694
f 222/250/1110 307/247/1112 330/319/696 329/320/695
f 307/247/1112 221/316/1069 326/481/1068 330/319/696
f 327/483/1096 328/317/694 226/318/697 320/333/1097
f 330/319/696 326/481/1068 306/332/1071 226/318/697
s off
f 397/485/1113 403/488/1114 404/487/1115 406/486/1116
s 73
f 455/489/1117 370/492/1118 366/491/1119 456/490/1120
s off
f 348/493/1121 338/496/1122 443/495/1123 442/494/1124
f 349/497/1125 337/498/1126 338/496/1127 348/493/1128
f 350/499/1129 336/500/1130 337/498/1131 349/497/1132
f 351/501/1133 334/502/1134 336/500/1135 350/499/1136
f 352/503/1137 335/504/1138 334/502/1139 351/501/1140
f 449/505/1141 335/508/1142 352/507/1143 450/506/1144
f 333/509/1145 363/512/1146 362/511/1147 354/510/1148
f 354/510/1149 355/514/1150 345/513/1151 333/509/1152
f 356/515/1153 344/516/1154 345/513/1155 355/514/1156
f 357/517/1157 346/518/1158 344/516/1159 356/515/1160
f 332/519/1161 346/518/1162 357/517/1163 358/520/1164
f 342/521/1165 332/519/1166 358/520/1167 359/522/1168
f 360/523/1169 341/524/1170 342/521/1171 359/522/1172
f 361/525/1173 343/526/1174 341/524/1175 360/523/1176
s 74
f 366/491/1177 370/492/1178 467/528/1179 466/527/1180
s off
f 423/529/1181 340/532/1182 353/531/1183 424/530/1184
f 420/533/1185 389/536/1186 408/535/1187 421/534/1188
f 414/537/1189 389/536/1190 420/533/1191 419/538/1192
f 347/539/1193 339/542/1194 417/541/1195 416/540/1196
f 364/543/1197 378/546/1198 377/545/1199 365/544/1200
s 75
f 331/547/1201 379/550/1202 452/549/1203 451/548/1204
s off
f 361/525/1205 381/552/1206 380/551/1207 343/526/1208
s 76
f 470/553/1209 379/550/1210 331/547/1211 461/554/1212
s off
f 373/555/1213 369/558/1214 368/557/1215 372/556/1216
s 77
f 510/559/1217 511/562/1218 512/561/1219 374/560/1220
s off
f 376/563/1221 367/566/1222 371/565/1223 375/564/1224
f 378/546/1225 383/568/1226 382/567/1227 377/545/1228
s 78
f 379/550/1229 384/570/1230 453/569/1231 452/549/1232
s 79
f 469/571/1233 384/570/1234 379/550/1235 470/553/1236
s off
f 381/552/1237 386/573/1238 385/572/1239 380/551/1240
f 383/568/1241 373/555/1242 372/556/1243 382/567/1244
s 80
f 384/570/1245 374/560/1246 454/574/1247 453/569/1248
s 81
f 468/575/1249 374/560/1250 384/570/1251 469/571/1252
s off
f 386/573/1253 376/563/1254 375/564/1255 385/572/1256
f 335/576/1257 387/579/1258 388/578/1259 334/577/1260
f 334/577/1261 388/578/1262 390/581/1263 336/580/1264
f 336/582/1265 390/585/1266 391/584/1267 337/583/1268
f 337/583/1269 391/584/1270 392/587/1271 338/586/1272
f 338/588/1273 392/591/1274 444/590/1275 443/589/1276
f 448/592/1277 387/1015/1278 335/1016/1279 449/593/1280
f 420/533/1281 421/534/1282 431/595/1283 436/594/1284
f 397/596/1285 398/1017/1286 363/1018/1287 333/597/1288
f 341/598/1289 400/601/1290 399/600/1291 342/599/1292
f 342/599/1293 399/600/1294 401/603/1295 332/602/1296
s 82
f 331/604/1297 395/1019/1298 462/606/1299 461/605/1300
s off
f 343/607/1301 402/1020/1302 400/1021/1303 341/608/1304
f 344/1022/1305 404/1023/1306 403/610/1307 345/609/1308
f 333/1024/1309 345/609/1310 403/610/1311 397/1025/1312
f 332/611/1313 401/614/1314 405/613/1315 346/612/1316
f 346/615/1317 405/618/1318 404/617/1319 344/616/1320
f 422/619/1321 394/622/1322 340/621/1323 423/620/1324
f 339/623/1325 393/626/1326 418/625/1327 417/624/1328
s 83
f 460/627/1329 395/1026/1330 331/1027/1331 451/628/1332
s 84
f 463/629/1333 425/632/1334 426/631/1335 464/630/1336
s off
f 406/486/1337 407/634/1338 398/633/1339 397/485/1340
f 408/535/1341 394/622/1342 422/619/1343 421/534/1344
f 447/635/1345 409/638/1346 387/637/1347 448/636/1348
f 387/637/1349 409/638/1350 410/640/1351 388/639/1352
f 388/639/1353 410/640/1354 411/642/1355 390/641/1356
f 390/641/1357 411/642/1358 412/644/1359 391/643/1360
f 391/643/1361 412/644/1362 413/646/1363 392/645/1364
f 392/645/1365 413/646/1366 445/648/1367 444/647/1368
f 418/625/1369 393/626/1370 414/537/1371 419/538/1372
f 406/486/1373 404/487/1374 405/1028/1375 415/649/1376
f 433/650/1377 364/543/1378 365/544/1379 434/651/1380
f 432/652/1381 396/655/1382 364/654/1383 433/653/1384
f 430/656/1385 398/633/1386 407/634/1387 431/595/1388
f 363/657/1389 398/633/1390 430/656/1391 429/658/1392
f 363/512/1393 429/660/1394 428/659/1395 362/511/1396
s 85
f 462/661/1397 395/1029/1398 425/632/1399 463/629/1400
s 86
f 464/630/1401 426/631/1402 427/663/1403 465/662/1404
s 87
f 401/1030/1405 465/662/1406 473/664/1407 405/1028/1408
s off
f 429/660/1409 423/529/1410 424/530/1411 428/659/1412
f 430/656/1413 422/619/1414 423/620/1415 429/658/1416
f 422/619/1417 430/656/1418 431/595/1419 421/534/1420
f 418/625/1421 432/652/1422 433/653/1423 417/624/1424
f 417/541/1425 433/650/1426 434/651/1427 416/540/1428
f 432/665/1429 435/667/1430 437/666/1431 396/1031/1432
s 88
f 425/632/1433 395/1029/1434 460/669/1435 459/668/1436
s off
f 435/667/1437 436/594/1438 439/670/1439 437/666/1440
f 440/671/1441 439/670/1442 436/594/1443 438/672/1444
s 89
f 458/673/1445 426/631/1446 425/632/1447 459/668/1448
s 90
f 427/663/1449 426/631/1450 458/673/1451 457/674/1452
s 91
f 471/675/1453 457/674/1454 440/671/1455 438/672/1456
s off
f 415/649/1457 438/672/1458 407/634/1459 406/486/1460
f 419/538/1461 420/533/1462 436/594/1463 435/667/1464
f 432/665/1465 418/625/1466 419/538/1467 435/667/1468
f 431/595/1469 407/634/1470 438/672/1471 436/594/1472
f 410/676/1473 409/638/1474 441/678/1475 411/677/1476
f 411/679/1477 441/681/1478 413/646/1479 412/680/1480
f 445/648/1481 413/646/1482 441/681/1483 446/682/1484
f 446/683/1485 441/678/1486 409/638/1487 447/635/1488
f 443/495/1489 339/542/1490 347/539/1491 442/494/1492
f 444/590/1493 393/685/1494 339/684/1495 443/589/1496
f 445/648/1497 414/537/1498 393/626/1499 444/647/1500
f 414/537/1501 445/648/1502 446/682/1503 389/536/1504
f 389/536/1505 446/683/1506 447/635/1507 408/535/1508
f 394/622/1509 408/535/1510 447/635/1511 448/636/1512
f 340/1032/1513 394/1033/1514 448/592/1515 449/593/1516
f 353/531/1517 340/532/1518 449/505/1519 450/506/1520
s 92
f 381/552/1521 361/525/1522 474/687/1523 507/686/1524
s 93
f 386/573/1525 381/552/1526 507/686/1527 506/688/1528
s 94
f 376/563/1529 386/573/1530 506/688/1531 505/689/1532
s 95
f 504/690/1533 367/566/1534 376/563/1535 505/689/1536
s 96
f 366/491/1537 466/527/1538 503/692/1539 502/691/1540
s 97
f 456/490/1541 366/491/1542 502/691/1543 501/693/1544
s 98
f 372/556/1545 368/557/1546 500/695/1547 499/694/1548
s 99
f 382/567/1549 372/556/1550 499/694/1551 498/696/1552
s 100
f 377/545/1553 382/567/1554 498/696/1555 497/697/1556
s 101
f 365/544/1557 377/545/1558 497/697/1559 496/698/1560
s 102
f 434/651/1561 365/544/1562 496/698/1563 495/699/1564
s 103
f 416/540/1565 434/651/1566 495/699/1567 494/700/1568
s 104
f 347/539/1569 416/540/1570 494/700/1571 493/701/1572
s 105
f 348/493/1573 442/494/1574 492/703/1575 491/702/1576
s 106
f 349/497/1577 348/493/1578 491/702/1579 490/704/1580
s 107
f 350/499/1581 349/497/1582 490/704/1583 489/705/1584
s 108
f 351/501/1585 350/499/1586 489/705/1587 488/706/1588
s 109
f 352/503/1589 351/501/1590 488/706/1591 487/707/1592
s 110
f 450/708/1593 352/711/1594 487/710/1595 486/709/1596
s 111
f 424/530/1597 353/531/1598 485/713/1599 484/712/1600
s 112
f 428/659/1601 424/530/1602 484/712/1603 483/714/1604
s 113
f 362/511/1605 428/659/1606 483/714/1607 482/715/1608
s 114
f 362/511/1609 482/715/1610 481/716/1611 354/510/1612
s 115
f 480/717/1613 355/514/1614 354/510/1615 481/716/1616
s 116
f 356/515/1617 355/514/1618 480/717/1619 479/718/1620
s 117
f 357/517/1621 356/515/1622 479/718/1623 478/719/1624
s 118
f 358/520/1625 357/517/1626 478/719/1627 477/720/1628
s 119
f 359/522/1629 358/520/1630 477/720/1631 476/721/1632
s 120
f 360/523/1633 359/522/1634 476/721/1635 475/722/1636
s 121
f 361/525/1637 360/523/1638 475/722/1639 474/687/1640
s 122
f 442/494/1641 347/539/1642 493/701/1643 492/703/1644
s 123
f 353/531/1645 450/708/1646 486/709/1647 485/713/1648
s 75
f 452/549/1203 378/546/1649 364/543/1650 451/548/1204
s 78
f 453/569/1231 383/568/1651 378/546/1652 452/549/1232
s 80
f 454/574/1247 373/555/1653 383/568/1654 453/569/1248
s 77
f 508/723/1655 369/558/1656 373/555/1657 454/574/1658
s 73
f 369/558/1659 455/489/1117 456/490/1120 368/557/1660
s 97
f 368/557/1661 456/490/1541 501/693/1544 500/695/1662
s 90
f 458/673/1451 439/670/1663 440/671/1664 457/674/1452
s 89
f 439/670/1665 458/673/1445 459/668/1448 437/666/1666
s 88
f 460/669/1435 396/1031/1667 437/666/1668 459/668/1436
s 83
f 364/1034/1669 396/724/1670 460/627/1329 451/628/1332
s 82
f 462/606/1299 402/1020/1671 343/607/1672 461/605/1300
s 85
f 400/1035/1673 402/1036/1674 462/661/1397 463/629/1400
s 84
f 399/1037/1675 400/1035/1676 463/629/1333 464/630/1336
s 86
f 401/1030/1677 399/1037/1678 464/630/1401 465/662/1404
s 96
f 466/527/1538 367/566/1679 504/690/1680 503/692/1539
s 74
f 467/528/1179 371/565/1681 367/566/1682 466/527/1180
s 77
f 375/564/1683 371/565/1684 509/725/1685 468/575/1686
s 81
f 385/572/1687 375/564/1688 468/575/1249 469/571/1252
s 79
f 380/551/1689 385/572/1690 469/571/1233 470/553/1236
s 76
f 343/526/1691 380/551/1692 470/553/1209 461/554/1212
s 91
f 472/726/1693 427/663/1694 457/674/1454 471/675/1453
s 87
f 465/662/1406 427/663/1695 472/726/1696 473/664/1407
f 405/1028/1408 473/664/1407 472/726/1696 415/649/1697
s 91
f 471/675/1453 438/672/1456 415/649/1698 472/726/1693
s 77
f 370/492/1699 511/562/1218 510/559/1217 467/528/1700
f 509/725/1685 371/565/1684 467/528/1700 510/559/1217
f 370/492/1699 455/489/1701 512/561/1219 511/562/1218
f 455/489/1701 369/558/1656 508/723/1655 512/561/1219
f 509/725/1685 510/559/1217 374/560/1220 468/575/1686
f 512/561/1219 508/723/1655 454/574/1658 374/560/1220
s off
f 579/727/1702 588/730/1703 586/729/1704 585/728/1705
s 126
f 637/731/1706 638/734/1707 548/733/1708 552/732/1709
s off
f 530/735/1710 624/738/1711 625/737/1712 520/736/1713
f 531/739/1714 530/735/1715 520/736/1716 519/740/1717
f 532/741/1718 531/739/1719 519/740/1720 518/742/1721
f 533/743/1722 532/741/1723 518/742/1724 516/744/1725
f 534/745/1726 533/743/1727 516/744/1728 517/746/1729
f 631/747/1730 632/750/1731 534/749/1732 517/748/1733
f 515/751/1734 536/754/1735 544/753/1736 545/752/1737
f 536/754/1738 515/751/1739 527/756/1740 537/755/1741
f 538/757/1742 537/755/1743 527/756/1744 526/758/1745
f 539/759/1746 538/757/1747 526/758/1748 528/760/1749
f 514/761/1750 540/762/1751 539/759/1752 528/760/1753
f 524/763/1754 541/764/1755 540/762/1756 514/761/1757
f 542/765/1758 541/764/1759 524/763/1760 523/766/1761
f 543/767/1762 542/765/1763 523/766/1764 525/768/1765
s 127
f 548/733/1766 648/770/1767 649/769/1768 552/732/1769
s off
f 605/771/1770 606/774/1771 535/773/1772 522/772/1773
f 602/775/1774 603/778/1775 590/777/1776 571/776/1777
f 596/779/1778 601/780/1779 602/775/1780 571/776/1781
f 529/781/1782 598/784/1783 599/783/1784 521/782/1785
f 546/785/1786 547/788/1787 559/787/1788 560/786/1789
s 128
f 513/789/1790 633/792/1791 634/791/1792 561/790/1793
s off
f 543/767/1794 525/768/1795 562/794/1796 563/793/1797
s 129
f 652/795/1798 643/796/1799 513/789/1800 561/790/1801
s off
f 555/797/1802 554/800/1803 550/799/1804 551/798/1805
s 130
f 658/801/1806 556/804/1807 660/803/1808 659/802/1809
s off
f 558/805/1810 557/808/1811 553/807/1812 549/806/1813
f 560/786/1814 559/787/1815 564/810/1816 565/809/1817
s 131
f 561/790/1818 634/791/1819 635/812/1820 566/811/1821
s 132
f 651/813/1822 652/795/1823 561/790/1824 566/811/1825
s off
f 563/793/1826 562/794/1827 567/815/1828 568/814/1829
f 565/809/1830 564/810/1831 554/800/1832 555/797/1833
s 133
f 566/811/1834 635/812/1835 636/816/1836 556/804/1837
s 134
f 650/817/1838 651/813/1839 566/811/1840 556/804/1841
s off
f 568/814/1842 567/815/1843 557/808/1844 558/805/1845
f 517/818/1846 516/821/1847 570/820/1848 569/819/1849
f 516/821/1850 518/823/1851 572/822/1852 570/820/1853
f 518/824/1854 519/827/1855 573/826/1856 572/825/1857
f 519/827/1858 520/829/1859 574/828/1860 573/826/1861
f 520/830/1862 625/833/1863 626/832/1864 574/831/1865
f 630/834/1866 631/835/1867 517/1038/1868 569/1039/1869
f 602/775/1870 618/837/1871 613/836/1872 603/778/1873
f 579/838/1874 515/839/1875 545/1040/1876 580/1041/1877
f 523/840/1878 524/843/1879 581/842/1880 582/841/1881
f 524/843/1882 514/845/1883 583/844/1884 581/842/1885
s 135
f 513/846/1886 643/848/1887 644/847/1888 577/1042/1889
s off
f 525/849/1890 523/850/1891 582/1043/1892 584/1044/1893
f 526/1045/1894 527/852/1895 585/851/1896 586/1046/1897
f 515/1047/1898 579/1048/1899 585/851/1900 527/852/1901
f 514/853/1902 528/856/1903 587/855/1904 583/854/1905
f 528/857/1906 526/860/1907 586/859/1908 587/858/1909
f 604/861/1910 605/864/1911 522/863/1912 576/862/1913
f 521/865/1914 599/868/1915 600/867/1916 575/866/1917
s 136
f 642/869/1918 633/870/1919 513/1049/1920 577/1050/1921
s 137
f 645/871/1922 646/874/1923 608/873/1924 607/872/1925
s off
f 588/730/1926 579/727/1927 580/876/1928 589/875/1929
f 590/777/1930 603/778/1931 604/861/1932 576/862/1933
f 629/877/1934 630/880/1935 569/879/1936 591/878/1937
f 569/879/1938 570/882/1939 592/881/1940 591/878/1941
f 570/882/1942 572/884/1943 593/883/1944 592/881/1945
f 572/884/1946 573/886/1947 594/885/1948 593/883/1949
f 573/886/1950 574/888/1951 595/887/1952 594/885/1953
f 574/888/1954 626/890/1955 627/889/1956 595/887/1957
f 600/867/1958 601/780/1959 596/779/1960 575/866/1961
f 588/730/1962 597/891/1963 587/1051/1964 586/729/1965
f 615/892/1966 616/893/1967 547/788/1968 546/785/1969
f 614/894/1970 615/897/1971 546/896/1972 578/895/1973
f 612/898/1974 613/836/1975 589/875/1976 580/876/1977
f 545/899/1978 611/900/1979 612/898/1980 580/876/1981
f 545/752/1982 544/753/1983 610/902/1984 611/901/1985
s 138
f 644/903/1986 645/871/1987 607/872/1988 577/1052/1989
s 139
f 646/874/1990 647/905/1991 609/904/1992 608/873/1993
s 140
f 583/1053/1994 587/1051/1995 655/906/1996 647/905/1997
s off
f 611/901/1998 610/902/1999 606/774/2000 605/771/2001
f 612/898/2002 611/900/2003 605/864/2004 604/861/2005
f 604/861/2006 603/778/2007 613/836/2008 612/898/2009
f 600/867/2010 599/868/2011 615/897/2012 614/894/2013
f 599/783/2014 598/784/2015 616/893/2016 615/892/2017
f 614/907/2018 578/1054/2019 619/909/2020 617/908/2021
s 141
f 607/872/2022 641/911/2023 642/910/2024 577/1052/2025
s off
f 617/908/2026 619/909/2027 621/912/2028 618/837/2029
f 622/913/2030 620/914/2031 618/837/2032 621/912/2033
s 142
f 640/915/2034 641/911/2035 607/872/2036 608/873/2037
s 143
f 609/904/2038 639/916/2039 640/915/2040 608/873/2041
s 144
f 653/917/2042 620/914/2043 622/913/2044 639/916/2045
s off
f 597/891/2046 588/730/2047 589/875/2048 620/914/2049
f 601/780/2050 617/908/2051 618/837/2052 602/775/2053
f 614/907/2054 617/908/2055 601/780/2056 600/867/2057
f 613/836/2058 618/837/2059 620/914/2060 589/875/2061
f 592/918/2062 593/920/2063 623/919/2064 591/878/2065
f 593/921/2066 594/923/2067 595/887/2068 623/922/2069
f 627/889/2070 628/924/2071 623/922/2072 595/887/2073
f 628/925/2074 629/877/2075 591/878/2076 623/919/2077
f 625/737/2078 624/738/2079 529/781/2080 521/782/2081
f 626/832/2082 625/833/2083 521/927/2084 575/926/2085
f 627/889/2086 626/890/2087 575/866/2088 596/779/2089
f 596/779/2090 571/776/2091 628/924/2092 627/889/2093
f 571/776/2094 590/777/2095 629/877/2096 628/925/2097
f 576/862/2098 630/880/2099 629/877/2100 590/777/2101
f 522/1055/2102 631/835/2103 630/834/2104 576/1056/2105
f 535/773/2106 632/750/2107 631/747/2108 522/772/2109
s 92
f 563/793/2110 507/929/1524 474/928/1523 543/767/2111
s 93
f 568/814/2112 506/930/1528 507/929/1527 563/793/2113
s 94
f 558/805/2114 505/931/1532 506/930/1531 568/814/2115
s 95
f 504/932/1533 505/931/1536 558/805/2116 549/806/2117
s 96
f 548/733/2118 502/934/1540 503/933/1539 648/770/2119
s 97
f 638/734/2120 501/935/1544 502/934/1543 548/733/2121
s 98
f 554/800/2122 499/937/1548 500/936/1547 550/799/2123
s 99
f 564/810/2124 498/938/1552 499/937/1551 554/800/2125
s 100
f 559/787/2126 497/939/1556 498/938/1555 564/810/2127
s 101
f 547/788/2128 496/940/1560 497/939/1559 559/787/2129
s 102
f 616/893/2130 495/941/1564 496/940/1563 547/788/2131
s 103
f 598/784/2132 494/942/1568 495/941/1567 616/893/2133
s 104
f 529/781/2134 493/943/1572 494/942/1571 598/784/2135
s 105
f 530/735/2136 491/945/1576 492/944/1575 624/738/2137
s 106
f 531/739/2138 490/946/1580 491/945/1579 530/735/2139
s 107
f 532/741/2140 489/947/1584 490/946/1583 531/739/2141
s 108
f 533/743/2142 488/948/1588 489/947/1587 532/741/2143
s 109
f 534/745/2144 487/949/1592 488/948/1591 533/743/2145
s 110
f 632/950/2146 486/953/1596 487/952/1595 534/951/2147
s 111
f 606/774/2148 484/955/1600 485/954/1599 535/773/2149
s 112
f 610/902/2150 483/956/1604 484/955/1603 606/774/2151
s 113
f 544/753/2152 482/957/1608 483/956/1607 610/902/2153
s 114
f 544/753/2154 536/754/2155 481/958/1611 482/957/1610
s 115
f 480/959/1613 481/958/1616 536/754/2156 537/755/2157
s 116
f 538/757/2158 479/960/1620 480/959/1619 537/755/2159
s 117
f 539/759/2160 478/961/1624 479/960/1623 538/757/2161
s 118
f 540/762/2162 477/962/1628 478/961/1627 539/759/2163
s 119
f 541/764/2164 476/963/1632 477/962/1631 540/762/2165
s 120
f 542/765/2166 475/964/1636 476/963/1635 541/764/2167
s 121
f 543/767/2168 474/928/1640 475/964/1639 542/765/2169
s 122
f 624/738/2170 492/944/1644 493/943/1643 529/781/2171
s 123
f 535/773/2172 485/954/1648 486/953/1647 632/950/2173
s 128
f 634/791/1792 633/792/1791 546/785/2174 560/786/2175
s 131
f 635/812/1820 634/791/1819 560/786/2176 565/809/2177
s 133
f 636/816/1836 635/812/1835 565/809/2178 555/797/2179
s 130
f 656/965/2180 636/816/2181 555/797/2182 551/798/2183
s 126
f 551/798/2184 550/799/2185 638/734/1707 637/731/1706
s 97
f 550/799/2186 500/936/1662 501/935/1544 638/734/2120
s 143
f 640/915/2040 639/916/2039 622/913/2187 621/912/2188
s 142
f 621/912/2189 619/909/2190 641/911/2035 640/915/2034
s 141
f 642/910/2024 641/911/2023 619/909/2191 578/1054/2192
s 136
f 546/1057/2193 633/870/1919 642/869/1918 578/966/2194
s 135
f 644/847/1888 643/848/1887 525/849/2195 584/1044/2196
s 138
f 582/1058/2197 645/871/1987 644/903/1986 584/1059/2198
s 137
f 581/1060/2199 646/874/1923 645/871/1922 582/1058/2200
s 139
f 583/1053/2201 647/905/1991 646/874/1990 581/1060/2202
s 96
f 648/770/2119 503/933/1539 504/932/1680 549/806/2203
s 127
f 649/769/1768 648/770/1767 549/806/2204 553/807/2205
s 130
f 557/808/2206 650/817/2207 657/967/2208 553/807/2209
s 134
f 567/815/2210 651/813/1839 650/817/1838 557/808/2211
s 132
f 562/794/2212 652/795/1823 651/813/1822 567/815/2213
s 129
f 525/768/2214 643/796/1799 652/795/1798 562/794/2215
s 144
f 654/968/2216 653/917/2042 639/916/2045 609/904/2217
s 140
f 647/905/1997 655/906/1996 654/968/2218 609/904/2219
f 587/1051/1995 597/891/2220 654/968/2218 655/906/1996
s 144
f 653/917/2042 654/968/2216 597/891/2221 620/914/2043
s 130
f 552/732/2222 649/769/2223 658/801/1806 659/802/1809
f 657/967/2208 658/801/1806 649/769/2223 553/807/2209
f 552/732/2222 659/802/1809 660/803/1808 637/731/2224
f 637/731/2224 660/803/1808 656/965/2180 551/798/2183
f 657/967/2208 650/817/2207 556/804/1807 658/801/1806
f 660/803/1808 556/804/1807 636/816/2181 656/965/2180
g default
v 0.866025 11.216036 3.557859
v 0.500000 11.582061 3.557859
v 0.000000 11.716036 3.557859
v -0.500000 11.582061 3.557859
v -0.866025 11.216036 3.557859
v -1.000000 10.716036 3.557859
v -0.866025 10.216036 3.557859
v -0.500000 9.850010 3.557859
v 0.000000 9.716036 3.557859
v 0.500000 9.850010 3.557859
v 0.866025 10.216036 3.557859
v 1.000000 10.716036 3.557859
v 0.836516 11.198999 3.768113
v 0.482963 11.552552 3.768113
v 0.000000 11.681962 3.768113
v -0.482963 11.552552 3.768113
v -0.836516 11.198999 3.768113
v -0.965926 10.716036 3.768113
v -0.836516 10.233073 3.768113
v -0.482963 9.879520 3.768113
v 0.000000 9.750110 3.768113
v 0.482963 9.879520 3.768113
v 0.836516 10.233073 3.768113
v 0.965926 10.716036 3.768113
v 0.750000 11.149049 3.964038
v 0.433013 11.466036 3.964038
v 0.000000 11.582061 3.964038
v -0.433013 11.466036 3.964038
v -0.750000 11.149049 3.964038
v -0.866025 10.716036 3.964038
v -0.750000 10.283023 3.964038
v -0.433013 9.966036 3.964038
v 0.000000 9.850010 3.964038
v 0.433013 9.966036 3.964038
v 0.750000 10.283023 3.964038
v 0.866025 10.716036 3.964038
v 0.612372 11.069589 4.132283
v 0.353553 11.328408 4.132283
v 0.000000 11.423143 4.132283
v -0.353553 11.328408 4.132283
v -0.612372 11.069589 4.132283
v -0.707107 10.716036 4.132283
v -0.612372 10.362482 4.132283
v -0.353553 10.103663 4.132283
v 0.000000 10.008929 4.132283
v 0.353553 10.103663 4.132283
v 0.612372 10.362482 4.132283
v 0.707107 10.716036 4.132283
v 0.433013 10.966036 4.261382
v 0.250000 11.149049 4.261382
v 0.000000 11.216036 4.261382
v -0.250000 11.149049 4.261382
v -0.433013 10.966036 4.261382
v -0.500000 10.716036 4.261382
v -0.433013 10.466036 4.261382
v -0.250000 10.283023 4.261382
v 0.000000 10.216036 4.261382
v 0.250000 10.283023 4.261382
v 0.433013 10.466036 4.261382
v 0.500000 10.716036 4.261382
v 0.224144 10.845445 4.342537
v 0.129410 10.940180 4.342537
v 0.000000 10.974855 4.342537
v -0.129410 10.940180 4.342537
v -0.224144 10.845445 4.342537
v -0.258819 10.716036 4.342537
v -0.224144 10.586626 4.342537
v -0.129410 10.491892 4.342537
v 0.000000 10.457217 4.342537
v 0.129410 10.491892 4.342537
v 0.224144 10.586626 4.342537
v 0.258819 10.716036 4.342537
v 0.000000 10.716036 4.370218
vt 0.000000 0.500000
vt 0.083333 0.500000
vt 0.166667 0.500000
vt 0.250000 0.500000
vt 0.333333 0.500000
vt 0.416667 0.500000
vt 0.500000 0.500000
vt 0.583333 0.500000
vt 0.666667 0.500000
vt 0.750000 0.500000
vt 0.833333 0.500000
vt 0.916667 0.500000
vt 1.000000 0.500000
vt 0.000000 0.583333
vt 0.083333 0.583333
vt 0.166667 0.583333
vt 0.250000 0.583333
vt 0.333333 0.583333
vt 0.416667 0.583333
vt 0.500000 0.583333
vt 0.583333 0.583333
vt 0.666667 0.583333
vt 0.750000 0.583333
vt 0.833333 0.583333
vt 0.916667 0.583333
vt 1.000000 0.583333
vt 0.000000 0.666667
vt 0.083333 0.666667
vt 0.166667 0.666667
vt 0.250000 0.666667
vt 0.333333 0.666667
vt 0.416667 0.666667
vt 0.500000 0.666667
vt 0.583333 0.666667
vt 0.666667 0.666667
vt 0.750000 0.666667
vt 0.833333 0.666667
vt 0.916667 0.666667
vt 1.000000 0.666667
vt 0.000000 0.750000
vt 0.083333 0.750000
vt 0.166667 0.750000
vt 0.250000 0.750000
vt 0.333333 0.750000
vt 0.416667 0.750000
vt 0.500000 0.750000
vt 0.583333 0.750000
vt 0.666667 0.750000
vt 0.750000 0.750000
vt 0.833333 0.750000
vt 0.916667 0.750000
vt 1.000000 0.750000
vt 0.000000 0.833333
vt 0.083333 0.833333
vt 0.166667 0.833333
vt 0.250000 0.833333
vt 0.333333 0.833333
vt 0.416667 0.833333
vt 0.500000 0.833333
vt 0.583333 0.833333
vt 0.666667 0.833333
vt 0.750000 0.833333
vt 0.833333 0.833333
vt 0.916667 0.833333
vt 1.000000 0.833333
vt 0.000000 0.916667
vt 0.083333 0.916667
vt 0.166667 0.916667
vt 0.250000 0.916667
vt 0.333333 0.916667
vt 0.416667 0.916667
vt 0.500000 0.916667
vt 0.583333 0.916667
vt 0.666667 0.916667
vt 0.750000 0.916667
vt 0.833333 0.916667
vt 0.916667 0.916667
vt 1.000000 0.916667
vt 0.041667 1.000000
vt 0.125000 1.000000
vt 0.208333 1.000000
vt 0.291667 1.000000
vt 0.375000 1.000000
vt 0.458333 1.000000
vt 0.541667 1.000000
vt 0.625000 1.000000
vt 0.708333 1.000000
vt 0.791667 1.000000
vt 0.875000 1.000000
vt 0.958333 1.000000
vn 0.698599 0.698599 0.154657
vn 0.698599 0.698599 0.154657
vn 0.698599 0.698599 0.154657
vn 0.698599 0.698599 0.154657
vn 0.255705 0.954304 0.154656
vn 0.255705 0.954304 0.154656
vn 0.255705 0.954304 0.154656
vn 0.255705 0.954304 0.154656
vn -0.255705 0.954304 0.154656
vn -0.255705 0.954304 0.154656
vn -0.255705 0.954304 0.154656
vn -0.255705 0.954304 0.154656
vn -0.698599 0.698599 0.154657
vn -0.698599 0.698599 0.154657
vn -0.698599 0.698599 0.154657
vn -0.698599 0.698599 0.154657
vn -0.954304 0.255705 0.154657
vn -0.954304 0.255705 0.154657
vn -0.954304 0.255705 0.154657
vn -0.954304 0.255705 0.154657
vn -0.954304 -0.255705 0.154657
vn -0.954304 -0.255705 0.154657
vn -0.954304 -0.255705 0.154657
vn -0.954304 -0.255705 0.154657
vn -0.698599 -0.698599 0.154657
vn -0.698599 -0.698599 0.154657
vn -0.698599 -0.698599 0.154657
vn -0.698599 -0.698599 0.154657
vn -0.255705 -0.954304 0.154656
vn -0.255705 -0.954304 0.154656
vn -0.255705 -0.954304 0.154656
vn -0.255705 -0.954304 0.154656
vn 0.255705 -0.954304 0.154656
vn 0.255705 -0.954304 0.154656
vn 0.255705 -0.954304 0.154656
vn 0.255705 -0.954304 0.154656
vn 0.698599 -0.698599 0.154657
vn 0.698599 -0.698599 0.154657
vn 0.698599 -0.698599 0.154657
vn 0.698599 -0.698599 0.154657
vn 0.954304 -0.255705 0.154657
vn 0.954304 -0.255705 0.154657
vn 0.954304 -0.255705 0.154657
vn 0.954304 -0.255705 0.154657
vn 0.954304 0.255705 0.154657
vn 0.954304 0.255705 0.154657
vn 0.954304 0.255705 0.154657
vn 0.954304 0.255705 0.154657
vn 0.634343 0.634343 0.441834
vn 0.634343 0.634343 0.441834
vn 0.634343 0.634343 0.441834
vn 0.634343 0.634343 0.441834
vn 0.232186 0.866529 0.441834
vn 0.232186 0.866529 0.441834
vn 0.232186 0.866529 0.441834
vn 0.232186 0.866529 0.441834
vn -0.232186 0.866529 0.441834
vn -0.232186 0.866529 0.441834
vn -0.232186 0.866529 0.441834
vn -0.232186 0.866529 0.441834
vn -0.634343 0.634343 0.441834
vn -0.634343 0.634343 0.441834
vn -0.634343 0.634343 0.441834
vn -0.634343 0.634343 0.441834
vn -0.866529 0.232186 0.441834
vn -0.866529 0.232186 0.441834
vn -0.866529 0.232186 0.441834
vn -0.866529 0.232186 0.441834
vn -0.866529 -0.232186 0.441834
vn -0.866529 -0.232186 0.441834
vn -0.866529 -0.232186 0.441834
vn -0.866529 -0.232186 0.441834
vn -0.634343 -0.634343 0.441834
vn -0.634343 -0.634343 0.441834
vn -0.634343 -0.634343 0.441834
vn -0.634343 -0.634343 0.441834
vn -0.232186 -0.866529 0.441834
vn -0.232186 -0.866529 0.441834
vn -0.232186 -0.866529 0.441834
vn -0.232186 -0.866529 0.441834
vn 0.232186 -0.866529 0.441834
vn 0.232186 -0.866529 0.441834
vn 0.232186 -0.866529 0.441834
vn 0.232186 -0.866529 0.441834
vn 0.634343 -0.634343 0.441834
vn 0.634343 -0.634343 0.441834
vn 0.634343 -0.634343 0.441834
vn 0.634343 -0.634343 0.441834
vn 0.866529 -0.232186 0.441834
vn 0.866529 -0.232186 0.441834
vn 0.866529 -0.232186 0.441834
vn 0.866529 -0.232186 0.441834
vn 0.866529 0.232186 0.441834
vn 0.866529 0.232186 0.441834
vn 0.866529 0.232186 0.441834
vn 0.866529 0.232186 0.441834
vn 0.522360 0.522360 0.674002
vn 0.522360 0.522360 0.674002
vn 0.522360 0.522360 0.674002
vn 0.522360 0.522360 0.674002
vn 0.191197 0.713557 0.674003
vn 0.191197 0.713557 0.674003
vn 0.191197 0.713557 0.674003
vn 0.191197 0.713557 0.674003
vn -0.191197 0.713557 0.674003
vn -0.191197 0.713557 0.674003
vn -0.191197 0.713557 0.674003
vn -0.191197 0.713557 0.674003
vn -0.522360 0.522360 0.674002
vn -0.522360 0.522360 0.674002
vn -0.522360 0.522360 0.674002
vn -0.522360 0.522360 0.674002
vn -0.713557 0.191197 0.674003
vn -0.713557 0.191197 0.674003
vn -0.713557 0.191197 0.674003
vn -0.713557 0.191197 0.674003
vn -0.713557 -0.191197 0.674002
vn -0.713557 -0.191197 0.674003
vn -0.713557 -0.191197 0.674003
vn -0.713557 -0.191197 0.674002
vn -0.522360 -0.522360 0.674002
vn -0.522360 -0.522360 0.674002
vn -0.522360 -0.522360 0.674002
vn -0.522360 -0.522360 0.674002
vn -0.191197 -0.713557 0.674003
vn -0.191197 -0.713557 0.674003
vn -0.191197 -0.713557 0.674003
vn -0.191197 -0.713557 0.674003
vn 0.191197 -0.713557 0.674003
vn 0.191197 -0.713557 0.674003
vn 0.191197 -0.713557 0.674003
vn 0.191197 -0.713557 0.674003
vn 0.522360 -0.522360 0.674002
vn 0.522360 -0.522360 0.674002
vn 0.522360 -0.522360 0.674002
vn 0.522360 -0.522360 0.674002
vn 0.713557 -0.191197 0.674003
vn 0.713557 -0.191197 0.674003
vn 0.713557 -0.191197 0.674003
vn 0.713557 -0.191197 0.674003
vn 0.713557 0.191197 0.674002
vn 0.713557 0.191197 0.674003
vn 0.713557 0.191197 0.674003
vn 0.713557 0.191197 0.674002
vn 0.383414 0.383414 0.840231
vn 0.383414 0.383414 0.840231
vn 0.383414 0.383414 0.840231
vn 0.383414 0.383414 0.840231
vn 0.140339 0.523753 0.840230
vn 0.140339 0.523754 0.840230
vn 0.140339 0.523753 0.840230
vn 0.140339 0.523753 0.840230
vn -0.140339 0.523753 0.840230
vn -0.140339 0.523753 0.840230
vn -0.140339 0.523753 0.840230
vn -0.140339 0.523753 0.840230
vn -0.383414 0.383414 0.840230
vn -0.383414 0.383414 0.840230
vn -0.383414 0.383414 0.840230
vn -0.383414 0.383414 0.840230
vn -0.523753 0.140339 0.840230
vn -0.523753 0.140339 0.840230
vn -0.523753 0.140339 0.840230
vn -0.523753 0.140339 0.840230
vn -0.523753 -0.140339 0.840231
vn -0.523753 -0.140339 0.840230
vn -0.523753 -0.140339 0.840230
vn -0.523753 -0.140339 0.840230
vn -0.383414 -0.383414 0.840231
vn -0.383414 -0.383414 0.840231
vn -0.383414 -0.383414 0.840231
vn -0.383414 -0.383414 0.840231
vn -0.140339 -0.523753 0.840230
vn -0.140339 -0.523754 0.840230
vn -0.140339 -0.523753 0.840230
vn -0.140339 -0.523753 0.840230
vn 0.140339 -0.523753 0.840230
vn 0.140339 -0.523753 0.840230
vn 0.140339 -0.523753 0.840230
vn 0.140339 -0.523753 0.840230
vn 0.383414 -0.383414 0.840230
vn 0.383414 -0.383414 0.840230
vn 0.383414 -0.383414 0.840230
vn 0.383414 -0.383414 0.840230
vn 0.523753 -0.140339 0.840230
vn 0.523753 -0.140339 0.840230
vn 0.523753 -0.140339 0.840230
vn 0.523753 -0.140339 0.840230
vn 0.523753 0.140339 0.840231
vn 0.523753 0.140339 0.840230
vn 0.523753 0.140339 0.840230
vn 0.523753 0.140339 0.840230
vn 0.232617 0.232617 0.944340
vn 0.232617 0.232617 0.944340
vn 0.232617 0.232617 0.944340
vn 0.232617 0.232617 0.944340
vn 0.085144 0.317761 0.944340
vn 0.085144 0.317761 0.944340
vn 0.085144 0.317761 0.944340
vn 0.085144 0.317761 0.944340
vn -0.085144 0.317761 0.944340
vn -0.085144 0.317761 0.944340
vn -0.085144 0.317761 0.944340
vn -0.085144 0.317761 0.944340
vn -0.232617 0.232617 0.944340
vn -0.232617 0.232617 0.944340
vn -0.232617 0.232617 0.944340
vn -0.232617 0.232617 0.944340
vn -0.317761 0.085144 0.944340
vn -0.317761 0.085144 0.944340
vn -0.317761 0.085144 0.944340
vn -0.317761 0.085144 0.944340
vn -0.317761 -0.085144 0.944340
vn -0.317761 -0.085144 0.944340
vn -0.317761 -0.085144 0.944340
vn -0.317761 -0.085144 0.944340
vn -0.232617 -0.232617 0.944340
vn -0.232617 -0.232617 0.944340
vn -0.232617 -0.232617 0.944340
vn -0.232617 -0.232617 0.944340
vn -0.085144 -0.317761 0.944340
vn -0.085144 -0.317761 0.944340
vn -0.085144 -0.317761 0.944340
vn -0.085144 -0.317761 0.944340
vn 0.085144 -0.317761 0.944340
vn 0.085144 -0.317761 0.944340
vn 0.085144 -0.317761 0.944340
vn 0.085144 -0.317761 0.944340
vn 0.232617 -0.232617 0.944340
vn 0.232617 -0.232617 0.944340
vn 0.232617 -0.232617 0.944340
vn 0.232617 -0.232617 0.944340
vn 0.317761 -0.085144 0.944340
vn 0.317761 -0.085144 0.944340
vn 0.317761 -0.085144 0.944340
vn 0.317761 -0.085144 0.944340
vn 0.317761 0.085144 0.944340
vn 0.317761 0.085144 0.944340
vn 0.317761 0.085144 0.944340
vn 0.317761 0.085144 0.944340
vn 0.077817 0.077816 0.993926
vn 0.077817 0.077816 0.993926
vn 0.077817 0.077816 0.993926
vn 0.028483 0.106299 0.993926
vn 0.028483 0.106299 0.993926
vn 0.028483 0.106299 0.993926
vn -0.028483 0.106299 0.993926
vn -0.028483 0.106299 0.993926
vn -0.028483 0.106299 0.993926
vn -0.077817 0.077816 0.993926
vn -0.077817 0.077816 0.993926
vn -0.077817 0.077816 0.993926
vn -0.106300 0.028483 0.993926
vn -0.106300 0.028483 0.993926
vn -0.106300 0.028483 0.993926
vn -0.106300 -0.028483 0.993926
vn -0.106300 -0.028483 0.993926
vn -0.106300 -0.028483 0.993926
vn -0.077817 -0.077816 0.993926
vn -0.077817 -0.077816 0.993926
vn -0.077817 -0.077816 0.993926
vn -0.028483 -0.106299 0.993926
vn -0.028483 -0.106299 0.993926
vn -0.028483 -0.106299 0.993926
vn 0.028483 -0.106299 0.993926
vn 0.028483 -0.106299 0.993926
vn 0.028483 -0.106299 0.993926
vn 0.077817 -0.077816 0.993926
vn 0.077817 -0.077816 0.993926
vn 0.077817 -0.077816 0.993926
vn 0.106300 -0.028483 0.993926
vn 0.106300 -0.028483 0.993926
vn 0.106300 -0.028483 0.993926
vn 0.106300 0.028483 0.993926
vn 0.106300 0.028483 0.993926
vn 0.106300 0.028483 0.993926
s off
g ghost nose
usemtl initialShadingGroup
f 661/1061/2225 662/1062/2226 674/1075/2227 673/1074/2228
f 662/1062/2229 663/1063/2230 675/1076/2231 674/1075/2232
f 663/1063/2233 664/1064/2234 676/1077/2235 675/1076/2236
f 664/1064/2237 665/1065/2238 677/1078/2239 676/1077/2240
f 665/1065/2241 666/1066/2242 678/1079/2243 677/1078/2244
f 666/1066/2245 667/1067/2246 679/1080/2247 678/1079/2248
f 667/1067/2249 668/1068/2250 680/1081/2251 679/1080/2252
f 668/1068/2253 669/1069/2254 681/1082/2255 680/1081/2256
f 669/1069/2257 670/1070/2258 682/1083/2259 681/1082/2260
f 670/1070/2261 671/1071/2262 683/1084/2263 682/1083/2264
f 671/1071/2265 672/1072/2266 684/1085/2267 683/1084/2268
f 672/1072/2269 661/1073/2270 673/1086/2271 684/1085/2272
f 673/1074/2273 674/1075/2274 686/1088/2275 685/1087/2276
f 674/1075/2277 675/1076/2278 687/1089/2279 686/1088/2280
f 675/1076/2281 676/1077/2282 688/1090/2283 687/1089/2284
f 676/1077/2285 677/1078/2286 689/1091/2287 688/1090/2288
f 677/1078/2289 678/1079/2290 690/1092/2291 689/1091/2292
f 678/1079/2293 679/1080/2294 691/1093/2295 690/1092/2296
f 679/1080/2297 680/1081/2298 692/1094/2299 691/1093/2300
f 680/1081/2301 681/1082/2302 693/1095/2303 692/1094/2304
f 681/1082/2305 682/1083/2306 694/1096/2307 693/1095/2308
f 682/1083/2309 683/1084/2310 695/1097/2311 694/1096/2312
f 683/1084/2313 684/1085/2314 696/1098/2315 695/1097/2316
f 684/1085/2317 673/1086/2318 685/1099/2319 696/1098/2320
f 685/1087/2321 686/1088/2322 698/1101/2323 697/1100/2324
f 686/1088/2325 687/1089/2326 699/1102/2327 698/1101/2328
f 687/1089/2329 688/1090/2330 700/1103/2331 699/1102/2332
f 688/1090/2333 689/1091/2334 701/1104/2335 700/1103/2336
f 689/1091/2337 690/1092/2338 702/1105/2339 701/1104/2340
f 690/1092/2341 691/1093/2342 703/1106/2343 702/1105/2344
f 691/1093/2345 692/1094/2346 704/1107/2347 703/1106/2348
f 692/1094/2349 693/1095/2350 705/1108/2351 704/1107/2352
f 693/1095/2353 694/1096/2354 706/1109/2355 705/1108/2356
f 694/1096/2357 695/1097/2358 707/1110/2359 706/1109/2360
f 695/1097/2361 696/1098/2362 708/1111/2363 707/1110/2364
f 696/1098/2365 685/1099/2366 697/1112/2367 708/1111/2368
f 697/1100/2369 698/1101/2370 710/1114/2371 709/1113/2372
f 698/1101/2373 699/1102/2374 711/1115/2375 710/1114/2376
f 699/1102/2377 700/1103/2378 712/1116/2379 711/1115/2380
f 700/1103/2381 701/1104/2382 713/1117/2383 712/1116/2384
f 701/1104/2385 702/1105/2386 714/1118/2387 713/1117/2388
f 702/1105/2389 703/1106/2390 715/1119/2391 714/1118/2392
f 703/1106/2393 704/1107/2394 716/1120/2395 715/1119/2396
f 704/1107/2397 705/1108/2398 717/1121/2399 716/1120/2400
f 705/1108/2401 706/1109/2402 718/1122/2403 717/1121/2404
f 706/1109/2405 707/1110/2406 719/1123/2407 718/1122/2408
f 707/1110/2409 708/1111/2410 720/1124/2411 719/1123/2412
f 708/1111/2413 697/1112/2414 709/1125/2415 720/1124/2416
f 709/1113/2417 710/1114/2418 722/1127/2419 721/1126/2420
f 710/1114/2421 711/1115/2422 723/1128/2423 722/1127/2424
f 711/1115/2425 712/1116/2426 724/1129/2427 723/1128/2428
f 712/1116/2429 713/1117/2430 725/1130/2431 724/1129/2432
f 713/1117/2433 714/1118/2434 726/1131/2435 725/1130/2436
f 714/1118/2437 715/1119/2438 727/1132/2439 726/1131/2440
f 715/1119/2441 716/1120/2442 728/1133/2443 727/1132/2444
f 716/1120/2445 717/1121/2446 729/1134/2447 728/1133/2448
f 717/1121/2449 718/1122/2450 730/1135/2451 729/1134/2452
f 718/1122/2453 719/1123/2454 731/1136/2455 730/1135/2456
f 719/1123/2457 720/1124/2458 732/1137/2459 731/1136/2460
f 720/1124/2461 709/1125/2462 721/1138/2463 732/1137/2464
f 721/1126/2465 722/1127/2466 733/1139/2467
f 722/1127/2468 723/1128/2469 733/1140/2470
f 723/1128/2471 724/1129/2472 733/1141/2473
f 724/1129/2474 725/1130/2475 733/1142/2476
f 725/1130/2477 726/1131/2478 733/1143/2479
f 726/1131/2480 727/1132/2481 733/1144/2482
f 727/1132/2483 728/1133/2484 733/1145/2485
f 728/1133/2486 729/1134/2487 733/1146/2488
f 729/1134/2489 730/1135/2490 733/1147/2491
f 730/1135/2492 731/1136/2493 733/1148/2494
f 731/1136/2495 732/1137/2496 733/1149/2497
f 732/1137/2498 721/1138/2499 733/1150/2500
g default
v 1.922904 12.469682 3.332088
v 3.260402 12.469682 1.883903
v 3.845809 12.469682 0.000760
v 1.857360 13.332191 3.218562
v 3.147612 13.332191 1.818784
v 3.714721 13.332191 0.000760
v 1.665195 14.235655 2.885723
v 2.816929 14.235655 1.627864
v 3.330392 14.235655 0.000760
v 1.359505 15.011477 2.356253
v 2.290888 15.011477 1.324154
v 2.719012 15.011477 0.000760
v 0.961123 15.606784 1.666234
v 1.605338 15.606784 0.928352
v 1.922247 15.606784 0.000760
v 0.497196 15.981011 0.862689
v 0.855417 15.981011 0.495384
v 0.994393 15.981011 0.000760
v 1.922904 3.310632 3.332087
v 3.845809 3.310632 0.000760
v 1.922904 6.925605 3.332087
v 3.845809 6.925605 0.000760
v 1.922904 4.806776 3.332087
v 3.845809 4.806776 0.000760
v 1.922904 3.747360 3.332087
v 3.845809 3.747360 0.000760
v 1.922904 5.866190 3.332087
v 3.845809 5.866190 0.000760
v 1.922904 9.714055 3.332087
v 3.260402 9.714055 1.883903
v 3.845809 9.714055 0.000760
v 1.922904 11.704222 3.332087
v 3.260402 11.704222 1.883903
v 3.845809 11.704222 0.000760
v 1.922904 7.985019 3.332087
v 3.845809 7.985019 0.000760
v 1.922904 8.839456 3.332087
v 3.845809 8.839456 0.000760
v 1.922904 10.709138 3.332087
v 3.260402 10.709138 1.883903
v 3.845809 10.709138 0.000760
v 2.626318 9.714055 2.628394
v 2.626318 10.709138 2.628394
v 2.626318 11.704222 2.628394
v 2.626318 12.469682 2.628395
v 2.536784 13.332191 2.538860
v 2.274282 14.235655 2.276358
v 1.856702 15.011477 1.858778
v 1.312501 15.606784 1.314577
v 0.678766 15.981011 0.680842
v 3.588100 9.714055 0.962541
v 3.588100 10.709138 0.962541
v 3.588100 11.704222 0.962541
v 3.588100 12.469682 0.962541
v 3.465794 13.332191 0.929769
v 3.107210 14.235655 0.833686
v 2.536785 15.011477 0.680842
v 1.793392 15.606784 0.481650
v 0.927694 15.981011 0.249687
v 3.263016 8.300409 1.885413
v 3.263016 8.839457 1.885413
v 3.519520 3.675477 1.218492
v 3.672782 4.042803 0.646507
v 3.472729 5.866191 1.393116
v 3.671147 5.866191 0.652611
v 3.465411 7.985019 1.420425
v 3.655587 7.985019 0.710679
v 3.416276 8.214203 1.603799
v 3.574845 8.839456 1.012014
v 2.813688 3.675477 2.441026
v 2.394966 4.042803 2.859748
v 2.399435 5.866191 2.855279
v 2.941523 5.866191 2.313192
v 2.441944 7.985019 2.812771
v 2.961514 7.985019 2.293200
v 3.095754 8.214203 2.158961
v 2.662536 8.839456 2.592179
v 3.471877 6.925606 1.396297
v 3.663421 6.925606 0.681443
v 2.943851 6.925605 2.310864
v 2.420541 6.925606 2.834173
v 3.473851 4.806776 1.388928
v 3.681098 4.806776 0.615471
v 2.938457 4.806776 2.316258
v 2.372246 4.806776 2.882468
v -3.845809 12.469682 0.000759
v -3.260402 12.469682 1.883903
v -1.922904 12.469682 3.332087
v -3.714721 13.332191 0.000759
v -3.147612 13.332191 1.818784
v -1.857361 13.332191 3.218562
v -3.330392 14.235655 0.000759
v -2.816929 14.235655 1.627864
v -1.665196 14.235655 2.885723
v -2.719012 15.011477 0.000759
v -2.290888 15.011477 1.324154
v -1.359506 15.011477 2.356253
v -1.922247 15.606784 0.000759
v -1.605338 15.606784 0.928352
v -0.961123 15.606784 1.666234
v -0.994393 15.981011 0.000759
v -0.855417 15.981011 0.495384
v -0.497197 15.981011 0.862689
v -3.845809 3.310632 0.000759
v -1.922904 3.310632 3.332087
v -3.845809 6.925605 0.000759
v -1.922904 6.925605 3.332087
v -3.845809 4.806776 0.000759
v -1.922904 4.806776 3.332087
v -3.845809 3.747360 0.000759
v -1.922904 3.747360 3.332087
v -3.845809 5.866190 0.000759
v -1.922904 5.866190 3.332087
v -3.845809 9.714055 0.000759
v -3.260402 9.714055 1.883903
v -1.922904 9.714055 3.332087
v -3.845809 11.704222 0.000759
v -3.260402 11.704222 1.883903
v -1.922904 11.704222 3.332087
v -3.845809 7.985019 0.000759
v -1.922904 7.985019 3.332087
v -3.845809 8.839456 0.000759
v -1.922904 8.839456 3.332087
v -3.845809 10.709138 0.000759
v -3.260402 10.709138 1.883903
v -1.922904 10.709138 3.332087
v -3.588100 9.714055 0.962541
v -3.588100 10.709138 0.962541
v -3.588100 11.704222 0.962541
v -3.588100 12.469682 0.962541
v -3.465794 13.332191 0.929769
v -3.107210 14.235655 0.833686
v -2.536785 15.011477 0.680842
v -1.793392 15.606784 0.481650
v -0.927694 15.981011 0.249687
v -2.626319 9.714055 2.628394
v -2.626319 10.709138 2.628394
v -2.626319 11.704222 2.628394
v -2.626319 12.469682 2.628394
v -2.536785 13.332191 2.538860
v -2.274283 14.235655 2.276358
v -1.856703 15.011477 1.858778
v -1.312502 15.606784 1.314577
v -0.678766 15.981011 0.680842
v -3.263016 8.300409 1.885413
v -3.263016 8.839457 1.885413
v -2.813689 3.675477 2.441026
v -2.394967 4.042803 2.859748
v -2.941523 5.866191 2.313192
v -2.399435 5.866191 2.855279
v -2.961514 7.985019 2.293200
v -2.441944 7.985019 2.812771
v -3.095754 8.214203 2.158961
v -2.662537 8.839456 2.592178
v -3.519520 3.675477 1.218492
v -3.672782 4.042803 0.646507
v -3.671147 5.866191 0.652611
v -3.472729 5.866191 1.393116
v -3.655587 7.985019 0.710679
v -3.465411 7.985019 1.420425
v -3.416276 8.214203 1.603799
v -3.574845 8.839456 1.012014
v -2.943851 6.925606 2.310864
v -2.420542 6.925606 2.834173
v -3.471877 6.925605 1.396297
v -3.663421 6.925606 0.681443
v -2.938457 4.806776 2.316258
v -2.372247 4.806776 2.882468
v -3.473851 4.806776 1.388928
v -3.681098 4.806776 0.615471
v 0.000000 12.469682 3.766297
v 0.000000 13.332191 3.636059
v 0.000000 14.235655 3.254219
v 0.000000 15.011477 2.646799
v 0.000000 15.606784 1.855194
v 0.000000 15.981011 0.989260
v 0.000000 9.714055 3.766297
v 0.000000 11.704222 3.766297
v 0.000000 10.709138 3.766297
v -0.961781 9.714055 3.589416
v -0.961781 10.709138 3.589416
v -0.961781 11.704222 3.589416
v -0.961781 12.469682 3.589416
v -0.929009 13.332191 3.467109
v -0.832927 14.235655 3.108526
v -0.680082 15.011477 2.538100
v -0.480891 15.606784 1.794708
v -0.248927 15.981011 0.929009
v 0.961781 9.714055 3.589416
v 0.961781 10.709138 3.589416
v 0.961781 11.704222 3.589416
v 0.961781 12.469682 3.589416
v 0.929009 13.332191 3.467109
v 0.832927 14.235655 3.108526
v 0.680082 15.011477 2.538100
v 0.480891 15.606784 1.794708
v 0.248927 15.981011 0.929009
v 0.000000 8.300409 3.769316
v 0.000000 8.839457 3.769316
v 0.705831 3.675477 3.657999
v 1.277815 4.042803 3.504736
v 0.531206 5.866191 3.704789
v 1.271711 5.866191 3.506371
v 0.503897 7.985019 3.712106
v 1.213643 7.985019 3.521931
v 0.320523 8.214203 3.761241
v 0.912308 8.839456 3.602673
v -0.705831 3.675477 3.657999
v -1.277815 4.042803 3.504736
v -1.271711 5.866191 3.506371
v -0.531206 5.866191 3.704789
v -1.213643 7.985019 3.521931
v -0.503897 7.985019 3.712106
v -0.320523 8.214203 3.761241
v -0.912309 8.839456 3.602673
v 0.528025 6.925606 3.705641
v 1.242880 6.925606 3.514097
v -0.528026 6.925605 3.705641
v -1.242880 6.925606 3.514097
v 0.535394 4.806776 3.703667
v 1.308851 4.806776 3.496420
v -0.535394 4.806776 3.703667
v -1.308851 4.806776 3.496420
v 1.922904 12.469682 -3.330569
v 3.260402 12.469682 -1.882384
v 1.857360 13.332191 -3.217043
v 3.147612 13.332191 -1.817265
v 1.665195 14.235655 -2.884204
v 2.816929 14.235655 -1.626345
v 1.359505 15.011477 -2.354734
v 2.290888 15.011477 -1.322635
v 0.961123 15.606784 -1.664715
v 1.605338 15.606784 -0.926833
v 0.497196 15.981011 -0.861170
v 0.855417 15.981011 -0.493866
v 1.922904 3.310632 -3.330568
v 1.922904 6.925605 -3.330568
v 1.922904 4.806776 -3.330568
v 1.922904 3.747360 -3.330568
v 1.922904 5.866190 -3.330568
v 1.922904 9.714055 -3.330568
v 3.260402 9.714055 -1.882384
v 1.922904 11.704222 -3.330568
v 3.260402 11.704222 -1.882384
v 1.922904 7.985019 -3.330568
v 1.922904 8.839456 -3.330568
v 1.922904 10.709138 -3.330568
v 3.260402 10.709138 -1.882384
v 2.626318 9.714055 -2.626875
v 2.626318 10.709138 -2.626875
v 2.626318 11.704222 -2.626875
v 2.626318 12.469682 -2.626876
v 2.536784 13.332191 -2.537341
v 2.274282 14.235655 -2.274839
v 1.856702 15.011477 -1.857259
v 1.312501 15.606784 -1.313058
v 0.678766 15.981011 -0.679323
v 3.588100 9.714055 -0.961022
v 3.588100 10.709138 -0.961022
v 3.588100 11.704222 -0.961022
v 3.588100 12.469682 -0.961022
v 3.465794 13.332191 -0.928250
v 3.107210 14.235655 -0.832167
v 2.536785 15.011477 -0.679322
v 1.793392 15.606784 -0.480131
v 0.927694 15.981011 -0.248168
v 3.263016 8.300409 -1.883894
v 3.263016 8.839457 -1.883894
v 3.519520 3.675477 -1.216973
v 3.672782 4.042803 -0.644988
v 3.472729 5.866191 -1.391598
v 3.671147 5.866191 -0.651092
v 3.465411 7.985019 -1.418906
v 3.655587 7.985019 -0.709160
v 3.416276 8.214203 -1.602280
v 3.574845 8.839456 -1.010495
v 2.813688 3.675477 -2.439507
v 2.394966 4.042803 -2.858229
v 2.399435 5.866191 -2.853760
v 2.941523 5.866191 -2.311673
v 2.441944 7.985019 -2.811252
v 2.961514 7.985019 -2.291681
v 3.095754 8.214203 -2.157442
v 2.662536 8.839456 -2.590660
v 3.471877 6.925606 -1.394778
v 3.663421 6.925606 -0.679924
v 2.943851 6.925605 -2.309345
v 2.420541 6.925606 -2.832654
v 3.473851 4.806776 -1.387409
v 3.681098 4.806776 -0.613952
v 2.938457 4.806776 -2.314739
v 2.372246 4.806776 -2.880949
v -3.260402 12.469682 -1.882384
v -1.922904 12.469682 -3.330568
v -3.147612 13.332191 -1.817265
v -1.857361 13.332191 -3.217043
v -2.816929 14.235655 -1.626345
v -1.665196 14.235655 -2.884204
v -2.290888 15.011477 -1.322635
v -1.359506 15.011477 -2.354734
v -1.605338 15.606784 -0.926833
v -0.961123 15.606784 -1.664715
v -0.855417 15.981011 -0.493866
v -0.497197 15.981011 -0.861170
v -1.922904 3.310632 -3.330568
v -1.922904 6.925605 -3.330568
v -1.922904 4.806776 -3.330568
v -1.922904 3.747360 -3.330568
v -1.922904 5.866190 -3.330568
v -3.260402 9.714055 -1.882384
v -1.922904 9.714055 -3.330568
v -3.260402 11.704222 -1.882384
v -1.922904 11.704222 -3.330568
v -1.922904 7.985019 -3.330568
v -1.922904 8.839456 -3.330568
v -3.260402 10.709138 -1.882384
v -1.922904 10.709138 -3.330568
v -3.588100 9.714055 -0.961022
v -3.588100 10.709138 -0.961022
v -3.588100 11.704222 -0.961022
v -3.588100 12.469682 -0.961022
v -3.465794 13.332191 -0.928250
v -3.107210 14.235655 -0.832168
v -2.536785 15.011477 -0.679323
v -1.793392 15.606784 -0.480131
v -0.927694 15.981011 -0.248168
v -2.626319 9.714055 -2.626875
v -2.626319 10.709138 -2.626875
v -2.626319 11.704222 -2.626875
v -2.626319 12.469682 -2.626875
v -2.536785 13.332191 -2.537341
v -2.274283 14.235655 -2.274839
v -1.856703 15.011477 -1.857259
v -1.312502 15.606784 -1.313058
v -0.678766 15.981011 -0.679323
v -3.263016 8.300409 -1.883894
v -3.263016 8.839457 -1.883894
v -2.813689 3.675477 -2.439507
v -2.394967 4.042803 -2.858229
v -2.941523 5.866191 -2.311673
v -2.399435 5.866191 -2.853760
v -2.961514 7.985019 -2.291681
v -2.441944 7.985019 -2.811252
v -3.095754 8.214203 -2.157442
v -2.662537 8.839456 -2.590659
v -3.519520 3.675477 -1.216973
v -3.672782 4.042803 -0.644988
v -3.671147 5.866191 -0.651092
v -3.472729 5.866191 -1.391598
v -3.655587 7.985019 -0.709160
v -3.465411 7.985019 -1.418906
v -3.416276 8.214203 -1.602280
v -3.574845 8.839456 -1.010495
v -2.943851 6.925606 -2.309345
v -2.420542 6.925606 -2.832654
v -3.471877 6.925605 -1.394778
v -3.663421 6.925606 -0.679924
v -2.938457 4.806776 -2.314739
v -2.372247 4.806776 -2.880949
v -3.473851 4.806776 -1.387409
v -3.681098 4.806776 -0.613952
v 0.000000 12.469682 -3.764778
v -0.000000 13.332191 -3.634540
v -0.000000 14.235655 -3.252700
v -0.000000 15.011477 -2.645280
v 0.000000 15.606784 -1.853675
v 0.000000 15.981011 -0.987741
v 0.000000 9.714055 -3.764778
v 0.000000 11.704222 -3.764778
v 0.000000 10.709138 -3.764778
v -0.961781 9.714055 -3.587897
v -0.961781 10.709138 -3.587897
v -0.961781 11.704222 -3.587897
v -0.961781 12.469682 -3.587897
v -0.929009 13.332191 -3.465590
v -0.832927 14.235655 -3.107007
v -0.680082 15.011477 -2.536581
v -0.480891 15.606784 -1.793189
v -0.248927 15.981011 -0.927490
v 0.961781 9.714055 -3.587897
v 0.961781 10.709138 -3.587897
v 0.961781 11.704222 -3.587897
v 0.961781 12.469682 -3.587897
v 0.929009 13.332191 -3.465590
v 0.832927 14.235655 -3.107007
v 0.680082 15.011477 -2.536581
v 0.480891 15.606784 -1.793189
v 0.248927 15.981011 -0.927490
v 0.000000 8.300409 -3.767797
v 0.000000 8.839457 -3.767797
v 0.705831 3.675477 -3.656480
v 1.277815 4.042803 -3.503217
v 0.531206 5.866191 -3.703270
v 1.271711 5.866191 -3.504852
v 0.503897 7.985019 -3.710588
v 1.213643 7.985019 -3.520412
v 0.320523 8.214203 -3.759722
v 0.912308 8.839456 -3.601154
v -0.705831 3.675477 -3.656480
v -1.277815 4.042803 -3.503217
v -1.271711 5.866191 -3.504852
v -0.531206 5.866191 -3.703270
v -1.213643 7.985019 -3.520412
v -0.503897 7.985019 -3.710588
v -0.320523 8.214203 -3.759722
v -0.912309 8.839456 -3.601154
v 0.528025 6.925606 -3.704122
v 1.242880 6.925606 -3.512578
v -0.528026 6.925605 -3.704122
v -1.242880 6.925606 -3.512578
v 0.535394 4.806776 -3.702148
v 1.308851 4.806776 -3.494901
v -0.535394 4.806776 -3.702148
v -1.308851 4.806776 -3.494901
v -0.178353 16.017300 -0.308430
v 0.000000 16.017300 0.000759
v 0.000000 16.017300 -0.353833
v -0.089295 16.017300 -0.332220
v 0.356706 16.017300 0.000759
v 0.332780 16.017300 -0.088535
v 0.306853 16.017300 -0.176671
v -0.306853 16.017300 0.178190
v -0.356706 16.017300 0.000759
v -0.332780 16.017300 0.090054
v 0.178353 16.017300 0.309949
v -0.000000 16.017300 0.355352
v 0.089295 16.017300 0.333739
v 0.178353 16.017300 -0.308430
v 0.089294 16.017300 -0.332220
v 0.243485 16.017300 -0.243198
v -0.306853 16.017300 -0.176671
v -0.332780 16.017300 -0.088535
v -0.243485 16.017300 -0.243198
v -0.178353 16.017300 0.309949
v -0.089295 16.017300 0.333739
v -0.243485 16.017300 0.244717
v 0.306853 16.017300 0.178190
v 0.332780 16.017300 0.090054
v 0.243485 16.017300 0.244717
vt 0.666667 0.500000
vt 0.625000 0.500000
vt 0.625000 0.583333
vt 0.666667 0.583333
vt 0.666667 0.500000
vt 0.708333 0.500000
vt 0.708333 0.583333
vt 0.666667 0.583333
vt 0.625000 0.666667
vt 0.666667 0.666667
vt 0.708333 0.666667
vt 0.666667 0.666667
vt 0.625000 0.750000
vt 0.666667 0.750000
vt 0.708333 0.750000
vt 0.666667 0.750000
vt 0.625000 0.833333
vt 0.666667 0.833333
vt 0.708333 0.833333
vt 0.666667 0.833333
vt 0.625000 0.916667
vt 0.666667 0.916667
vt 0.708333 0.916667
vt 0.666667 0.916667
vt 0.625000 0.500000
vt 0.666667 0.500000
vt 0.708333 0.500000
vt 0.666667 0.500000
vt 0.625000 0.500000
vt 0.666667 0.500000
vt 0.708333 0.500000
vt 0.666667 0.500000
vt 0.625000 0.500000
vt 0.666667 0.500000
vt 0.708333 0.500000
vt 0.666667 0.500000
vt 0.750000 0.500000
vt 0.750000 0.500000
vt 0.750000 0.500000
vt 0.750000 0.500000
vt 0.750000 0.583333
vt 0.750000 0.666667
vt 0.750000 0.750000
vt 0.750000 0.833333
vt 0.750000 0.916667
vt 0.658979 0.462221
vt 0.690086 1.000000
vt 0.351005 0.500000
vt 0.354048 0.419117
vt 0.360410 0.250000
vt 0.639590 0.250000
vt 0.635529 0.129144
vt 0.430205 0.125000
vt 0.500000 0.000000
vt 0.631469 0.008288
vt 0.629397 0.000000
vt 0.623002 1.000000
vt 0.370603 0.956069
vt 0.719116 0.500000
vt 0.697550 0.500000
vt 0.666667 0.500000
vt 0.666667 0.500000
vt 0.639590 0.250000
vt 0.360410 0.250000
vt 0.364471 0.129144
vt 0.632871 0.125000
vt 0.629397 0.956069
vt 0.500000 1.000000
vt 0.635783 0.500000
vt 0.614217 0.500000
vt 0.368531 0.008288
vt 0.626152 -0.000000
vt 0.645952 0.419117
vt 0.341021 0.462221
vt 0.648995 0.500000
vt 0.309914 1.000000
vt 0.750000 0.500000
vt 0.750000 0.500000
vt 0.750000 0.500000
vt 0.750000 0.500000
vt 0.750000 0.500000
vt 0.750000 0.500000
vt 0.750000 0.500000
vt 0.666667 0.500000
vt 0.666667 0.500000
vt 0.666667 0.500000
vt 0.666667 0.500000
vt 0.666667 0.500000
vt 0.666667 0.500000
vt 0.666667 0.500000
vt 0.583333 0.500000
vt 0.625000 0.500000
vt 0.625000 0.583333
vt 0.583333 0.583333
vt 0.666667 0.500000
vt 0.708333 0.500000
vt 0.708333 0.583333
vt 0.666667 0.583333
vt 0.625000 0.666667
vt 0.583333 0.666667
vt 0.708333 0.666667
vt 0.666667 0.666667
vt 0.625000 0.750000
vt 0.583333 0.750000
vt 0.708333 0.750000
vt 0.666667 0.750000
vt 0.625000 0.833333
vt 0.583333 0.833333
vt 0.708333 0.833333
vt 0.666667 0.833333
vt 0.625000 0.916667
vt 0.583333 0.916667
vt 0.708333 0.916667
vt 0.666667 0.916667
vt 0.625000 0.500000
vt 0.583333 0.500000
vt 0.708333 0.500000
vt 0.666667 0.500000
vt 0.625000 0.500000
vt 0.583333 0.500000
vt 0.708333 0.500000
vt 0.666667 0.500000
vt 0.625000 0.500000
vt 0.583333 0.500000
vt 0.708333 0.500000
vt 0.666667 0.500000
vt 0.666667 0.500000
vt 0.666667 0.500000
vt 0.666667 0.500000
vt 0.666667 0.500000
vt 0.666667 0.583333
vt 0.666667 0.666667
vt 0.666667 0.750000
vt 0.666667 0.833333
vt 0.666667 0.916667
vt 0.658979 0.462221
vt 0.690086 1.000000
vt 0.351005 0.500000
vt 0.354048 0.419117
vt 0.360410 0.250000
vt 0.639590 0.250000
vt 0.635529 0.129144
vt 0.430205 0.125000
vt 0.500000 0.000000
vt 0.631469 0.008288
vt 0.629397 0.000000
vt 0.623002 1.000000
vt 0.370603 0.956069
vt 0.719116 0.500000
vt 0.697550 0.500000
vt 0.666667 0.500000
vt 0.666667 0.500000
vt 0.639590 0.250000
vt 0.360410 0.250000
vt 0.364471 0.129144
vt 0.632871 0.125000
vt 0.629397 0.956069
vt 0.500000 1.000000
vt 0.635783 0.500000
vt 0.614217 0.500000
vt 0.368531 0.008288
vt 0.626152 -0.000000
vt 0.645952 0.419117
vt 0.341021 0.462221
vt 0.648995 0.500000
vt 0.309914 1.000000
vt 0.666667 0.500000
vt 0.666667 0.500000
vt 0.666667 0.500000
vt 0.666667 0.500000
vt 0.666667 0.500000
vt 0.666667 0.500000
vt 0.666667 0.500000
vt 0.583333 0.500000
vt 0.583333 0.500000
vt 0.583333 0.500000
vt 0.583333 0.500000
vt 0.583333 0.500000
vt 0.583333 0.500000
vt 0.583333 0.500000
vt 0.625000 0.500000
vt 0.625000 0.583333
vt 0.666667 0.500000
vt 0.708333 0.500000
vt 0.708333 0.583333
vt 0.666667 0.583333
vt 0.625000 0.666667
vt 0.708333 0.666667
vt 0.666667 0.666667
vt 0.625000 0.750000
vt 0.708333 0.750000
vt 0.666667 0.750000
vt 0.625000 0.833333
vt 0.708333 0.833333
vt 0.666667 0.833333
vt 0.625000 0.916667
vt 0.708333 0.916667
vt 0.666667 0.916667
vt 0.625000 0.500000
vt 0.708333 0.500000
vt 0.666667 0.500000
vt 0.625000 0.500000
vt 0.708333 0.500000
vt 0.666667 0.500000
vt 0.625000 0.500000
vt 0.708333 0.500000
vt 0.666667 0.500000
vt 0.658979 0.462221
vt 0.690086 1.000000
vt 0.351005 0.500000
vt 0.354048 0.419117
vt 0.360410 0.250000
vt 0.639590 0.250000
vt 0.635529 0.129144
vt 0.430205 0.125000
vt 0.500000 0.000000
vt 0.631469 0.008288
vt 0.629397 0.000000
vt 0.623002 1.000000
vt 0.370603 0.956069
vt 0.719116 0.500000
vt 0.697550 0.500000
vt 0.666667 0.500000
vt 0.666667 0.500000
vt 0.639590 0.250000
vt 0.360410 0.250000
vt 0.364471 0.129144
vt 0.632871 0.125000
vt 0.629397 0.956069
vt 0.500000 1.000000
vt 0.635783 0.500000
vt 0.614217 0.500000
vt 0.368531 0.008288
vt 0.626152 -0.000000
vt 0.645952 0.419117
vt 0.341021 0.462221
vt 0.648995 0.500000
vt 0.309914 1.000000
vt 0.666667 0.500000
vt 0.625000 0.500000
vt 0.625000 0.583333
vt 0.666667 0.583333
vt 0.666667 0.500000
vt 0.708333 0.500000
vt 0.708333 0.583333
vt 0.666667 0.583333
vt 0.625000 0.666667
vt 0.666667 0.666667
vt 0.708333 0.666667
vt 0.666667 0.666667
vt 0.625000 0.750000
vt 0.666667 0.750000
vt 0.708333 0.750000
vt 0.666667 0.750000
vt 0.625000 0.833333
vt 0.666667 0.833333
vt 0.708333 0.833333
vt 0.666667 0.833333
vt 0.625000 0.916667
vt 0.666667 0.916667
vt 0.708333 0.916667
vt 0.666667 0.916667
vt 0.625000 0.500000
vt 0.666667 0.500000
vt 0.708333 0.500000
vt 0.666667 0.500000
vt 0.625000 0.500000
vt 0.666667 0.500000
vt 0.708333 0.500000
vt 0.666667 0.500000
vt 0.625000 0.500000
vt 0.666667 0.500000
vt 0.708333 0.500000
vt 0.666667 0.500000
vt 0.750000 0.500000
vt 0.750000 0.500000
vt 0.750000 0.500000
vt 0.750000 0.500000
vt 0.750000 0.583333
vt 0.750000 0.666667
vt 0.750000 0.750000
vt 0.750000 0.833333
vt 0.750000 0.916667
vt 0.658979 0.462221
vt 0.690086 1.000000
vt 0.351005 0.500000
vt 0.354048 0.419117
vt 0.360410 0.250000
vt 0.639590 0.250000
vt 0.635529 0.129144
vt 0.430205 0.125000
vt 0.500000 0.000000
vt 0.631469 0.008288
vt 0.629397 0.000000
vt 0.623002 1.000000
vt 0.370603 0.956069
vt 0.719116 0.500000
vt 0.697550 0.500000
vt 0.666667 0.500000
vt 0.666667 0.500000
vt 0.639590 0.250000
vt 0.360410 0.250000
vt 0.364471 0.129144
vt 0.632871 0.125000
vt 0.629397 0.956069
vt 0.500000 1.000000
vt 0.635783 0.500000
vt 0.614217 0.500000
vt 0.368531 0.008288
vt 0.626152 -0.000000
vt 0.645952 0.419117
vt 0.341021 0.462221
vt 0.648995 0.500000
vt 0.309914 1.000000
vt 0.750000 0.500000
vt 0.750000 0.500000
vt 0.750000 0.500000
vt 0.750000 0.500000
vt 0.750000 0.500000
vt 0.750000 0.500000
vt 0.750000 0.500000
vt 0.666667 0.500000
vt 0.666667 0.500000
vt 0.666667 0.500000
vt 0.666667 0.500000
vt 0.666667 0.500000
vt 0.666667 0.500000
vt 0.666667 0.500000
vt 0.583333 0.500000
vt 0.625000 0.500000
vt 0.625000 0.583333
vt 0.583333 0.583333
vt 0.666667 0.500000
vt 0.708333 0.500000
vt 0.708333 0.583333
vt 0.666667 0.583333
vt 0.625000 0.666667
vt 0.583333 0.666667
vt 0.708333 0.666667
vt 0.666667 0.666667
vt 0.625000 0.750000
vt 0.583333 0.750000
vt 0.708333 0.750000
vt 0.666667 0.750000
vt 0.625000 0.833333
vt 0.583333 0.833333
vt 0.708333 0.833333
vt 0.666667 0.833333
vt 0.625000 0.916667
vt 0.583333 0.916667
vt 0.708333 0.916667
vt 0.666667 0.916667
vt 0.625000 0.500000
vt 0.583333 0.500000
vt 0.708333 0.500000
vt 0.666667 0.500000
vt 0.625000 0.500000
vt 0.583333 0.500000
vt 0.708333 0.500000
vt 0.666667 0.500000
vt 0.625000 0.500000
vt 0.583333 0.500000
vt 0.708333 0.500000
vt 0.666667 0.500000
vt 0.666667 0.500000
vt 0.666667 0.500000
vt 0.666667 0.500000
vt 0.666667 0.500000
vt 0.666667 0.583333
vt 0.666667 0.666667
vt 0.666667 0.750000
vt 0.666667 0.833333
vt 0.666667 0.916667
vt 0.658979 0.462221
vt 0.690086 1.000000
vt 0.351005 0.500000
vt 0.354048 0.419117
vt 0.360410 0.250000
vt 0.639590 0.250000
vt 0.635529 0.129144
vt 0.430205 0.125000
vt 0.500000 0.000000
vt 0.631469 0.008288
vt 0.629397 0.000000
vt 0.623002 1.000000
vt 0.370603 0.956069
vt 0.719116 0.500000
vt 0.697550 0.500000
vt 0.666667 0.500000
vt 0.666667 0.500000
vt 0.639590 0.250000
vt 0.360410 0.250000
vt 0.364471 0.129144
vt 0.632871 0.125000
vt 0.629397 0.956069
vt 0.500000 1.000000
vt 0.635783 0.500000
vt 0.614217 0.500000
vt 0.368531 0.008288
vt 0.626152 -0.000000
vt 0.645952 0.419117
vt 0.341021 0.462221
vt 0.648995 0.500000
vt 0.309914 1.000000
vt 0.666667 0.500000
vt 0.666667 0.500000
vt 0.666667 0.500000
vt 0.666667 0.500000
vt 0.666667 0.500000
vt 0.666667 0.500000
vt 0.666667 0.500000
vt 0.583333 0.500000
vt 0.583333 0.500000
vt 0.583333 0.500000
vt 0.583333 0.500000
vt 0.583333 0.500000
vt 0.583333 0.500000
vt 0.583333 0.500000
vt 0.625000 0.500000
vt 0.625000 0.583333
vt 0.666667 0.500000
vt 0.708333 0.500000
vt 0.708333 0.583333
vt 0.666667 0.583333
vt 0.625000 0.666667
vt 0.708333 0.666667
vt 0.666667 0.666667
vt 0.625000 0.750000
vt 0.708333 0.750000
vt 0.666667 0.750000
vt 0.625000 0.833333
vt 0.708333 0.833333
vt 0.666667 0.833333
vt 0.625000 0.916667
vt 0.708333 0.916667
vt 0.666667 0.916667
vt 0.625000 0.500000
vt 0.708333 0.500000
vt 0.666667 0.500000
vt 0.625000 0.500000
vt 0.708333 0.500000
vt 0.666667 0.500000
vt 0.625000 0.500000
vt 0.708333 0.500000
vt 0.666667 0.500000
vt 0.658979 0.462221
vt 0.690086 1.000000
vt 0.351005 0.500000
vt 0.354048 0.419117
vt 0.360410 0.250000
vt 0.639590 0.250000
vt 0.635529 0.129144
vt 0.430205 0.125000
vt 0.500000 0.000000
vt 0.631469 0.008288
vt 0.629397 0.000000
vt 0.623002 1.000000
vt 0.370603 0.956069
vt 0.719116 0.500000
vt 0.697550 0.500000
vt 0.666667 0.500000
vt 0.666667 0.500000
vt 0.639590 0.250000
vt 0.360410 0.250000
vt 0.364471 0.129144
vt 0.632871 0.125000
vt 0.629397 0.956069
vt 0.500000 1.000000
vt 0.635783 0.500000
vt 0.614217 0.500000
vt 0.368531 0.008288
vt 0.626152 -0.000000
vt 0.645952 0.419117
vt 0.341021 0.462221
vt 0.648995 0.500000
vt 0.309914 1.000000
vt 0.666667 0.916667
vt 0.666667 0.916667
vt 0.625000 0.916667
vt 0.666667 0.916667
vt 0.750000 0.916667
vt 0.708333 0.916667
vt 0.666667 0.916667
vt 0.583333 0.916667
vt 0.625000 0.916667
vt 0.666667 0.916667
vt 0.666667 0.916667
vt 0.708333 0.916667
vt 0.666667 0.916667
vt 0.666667 0.916667
vt 0.708333 0.916667
vt 0.625000 0.916667
vt 0.666667 0.916667
vt 0.625000 0.916667
vt 0.708333 0.916667
vt 0.666667 0.916667
vt 0.625000 0.916667
vt 0.708333 0.916667
vt 0.666667 0.916667
vt 0.708333 0.916667
vt 0.625000 0.916667
vn 0.699749 0.145245 0.699468
vn 0.727011 0.145661 0.670998
vn 0.727213 0.145664 0.670778
vn 0.699749 0.145245 0.699468
vn 0.931782 0.145854 0.332428
vn 0.944641 0.145664 0.293999
vn 0.944552 0.145666 0.294285
vn 0.931782 0.145854 0.332428
vn 0.654189 0.380057 0.653906
vn 0.680525 0.381067 0.625839
vn 0.681069 0.381082 0.625238
vn 0.654189 0.380057 0.653906
vn 0.869306 0.381517 0.314248
vn 0.882288 0.381073 0.276319
vn 0.882039 0.381088 0.277090
vn 0.869306 0.381517 0.314248
vn 0.562797 0.605670 0.562515
vn 0.587406 0.607021 0.535238
vn 0.588326 0.607057 0.534187
vn 0.562797 0.605670 0.562515
vn 0.744193 0.607558 0.277580
vn 0.757263 0.607030 0.240973
vn 0.756813 0.607065 0.242295
vn 0.744193 0.607558 0.277580
vn 0.432787 0.790972 0.432504
vn 0.455131 0.792260 0.406424
vn 0.456507 0.792309 0.404781
vn 0.432787 0.790972 0.432504
vn 0.566498 0.792601 0.225530
vn 0.579567 0.792269 0.190820
vn 0.578833 0.792318 0.192834
vn 0.566498 0.792601 0.225530
vn 0.272616 0.922776 0.272331
vn 0.287587 0.921245 0.261920
vn 0.288370 0.921156 0.261371
vn 0.272616 0.922776 0.272332
vn 0.368741 0.919135 0.138641
vn 0.370642 0.921253 0.117974
vn 0.370559 0.921164 0.118924
vn 0.368741 0.919135 0.138641
vn 0.734623 -0.000000 0.678475
vn 0.734623 -0.000000 0.678475
vn 0.707247 -0.000000 0.706967
vn 0.707247 -0.000000 0.706967
vn 0.954923 0.000000 0.296854
vn 0.954923 0.000000 0.296854
vn 0.942181 0.000000 0.335103
vn 0.942181 0.000000 0.335103
vn 0.734623 0.000000 0.678475
vn 0.707247 0.000000 0.706967
vn 0.954923 0.000000 0.296854
vn 0.942181 0.000000 0.335103
vn 0.734623 0.000000 0.678475
vn 0.707247 0.000000 0.706967
vn 0.954923 0.000000 0.296854
vn 0.942181 0.000000 0.335103
vn 0.761300 0.000000 0.648400
vn 0.761300 0.000000 0.648400
vn 0.761300 0.000000 0.648399
vn 0.761300 0.000000 0.648399
vn 0.753784 0.145853 0.640731
vn 0.753784 0.145853 0.640731
vn 0.706801 0.381517 0.595715
vn 0.706801 0.381517 0.595715
vn 0.612489 0.607558 0.505698
vn 0.612489 0.607558 0.505698
vn 0.478566 0.792601 0.377834
vn 0.478566 0.792601 0.377834
vn 0.304438 0.919136 0.250013
vn 0.304438 0.919136 0.250013
vn 1.000000 0.000000 -0.000000
vn 1.000000 0.000000 -0.000000
vn 1.000000 0.000000 0.000000
vn 1.000000 0.000000 0.000000
vn 0.988647 0.150259 -0.000000
vn 0.988647 0.150259 -0.000000
vn 0.920200 0.391449 -0.000000
vn 0.920200 0.391449 -0.000000
vn 0.785430 0.618951 -0.000000
vn 0.785430 0.618951 -0.000000
vn 0.598540 0.801093 0.000000
vn 0.598540 0.801093 0.000000
vn 0.374048 0.927409 0.000000
vn 0.374048 0.927409 0.000000
vn 0.965926 0.000000 0.258819
vn 0.965926 -0.000000 0.258819
vn 0.965926 -0.000000 0.258819
vn 0.965926 0.000000 0.258819
vn 0.965926 0.000000 0.258819
vn 0.965926 0.000000 0.258819
vn 0.965926 0.000000 0.258819
vn 0.965926 0.000000 0.258819
vn 0.965926 -0.000000 0.258819
vn 0.965926 -0.000000 0.258819
vn 0.948328 0.031329 0.315742
vn 0.956987 0.005390 0.290080
vn 0.937918 0.021842 0.346167
vn 0.927456 0.061186 0.368893
vn 0.707106 -0.000000 0.707107
vn 0.707106 -0.000000 0.707107
vn 0.707107 0.000000 0.707107
vn 0.707107 0.000000 0.707107
vn 0.707107 0.000000 0.707107
vn 0.707107 0.000000 0.707107
vn 0.747606 0.031331 0.663403
vn 0.729792 0.005386 0.683648
vn 0.783200 0.061190 0.618752
vn 0.768751 0.021843 0.639175
vn 0.707106 -0.000000 0.707107
vn 0.707106 -0.000000 0.707107
vn 0.707106 -0.000000 0.707107
vn 0.707106 -0.000000 0.707107
vn 1.000000 -0.000001 0.000000
vn 1.000000 -0.000001 0.000000
vn 0.965926 -0.000001 0.258818
vn 0.965926 -0.000001 0.258818
vn 1.000000 0.000000 -0.000000
vn 1.000000 0.000000 -0.000000
vn 0.965926 0.000000 0.258817
vn 0.965926 0.000000 0.258817
vn 1.000000 0.000000 0.000000
vn 1.000000 0.000000 0.000000
vn 0.965926 0.000000 0.258817
vn 0.965926 0.000000 0.258817
vn 1.000000 0.000000 -0.000000
vn 1.000000 0.000000 0.000000
vn 0.965926 0.000000 0.258818
vn 0.965926 0.000000 0.258818
vn 1.000000 0.000000 -0.000000
vn 1.000000 0.000000 -0.000000
vn 0.965926 0.000000 0.258818
vn 0.965926 0.000000 0.258818
vn 1.000000 0.000000 -0.000000
vn 1.000000 0.000000 -0.000000
vn 0.965926 0.000000 0.258818
vn 0.707252 -0.000015 0.706962
vn 0.707262 -0.000040 0.706951
vn 0.707262 -0.000040 0.706951
vn 0.707299 -0.000004 0.706914
vn 0.707299 -0.000004 0.706914
vn 0.707299 -0.000004 0.706914
vn 0.707299 -0.000004 0.706914
vn 0.707308 -0.000004 0.706906
vn 0.707308 -0.000004 0.706906
vn 0.707308 -0.000004 0.706906
vn 0.707308 -0.000004 0.706906
vn 0.707318 -0.000005 0.706896
vn 0.707318 -0.000005 0.706896
vn 0.707318 -0.000005 0.706896
vn 0.707318 -0.000005 0.706896
vn 0.707318 0.000005 0.706895
vn 0.707318 0.000005 0.706895
vn 0.707318 0.000005 0.706895
vn 0.707318 0.000005 0.706895
vn 0.707221 0.000120 0.706992
vn 0.707221 0.000120 0.706992
vn 0.707221 0.000120 0.706992
vn 0.707221 0.000120 0.706992
vn 1.000000 0.000001 0.000000
vn 0.955584 0.001882 0.294714
vn 0.941976 0.004053 0.335655
vn 0.761675 0.004053 0.647946
vn 0.733103 0.001886 0.680116
vn 0.707243 0.000006 0.706971
vn -0.988647 0.150259 -0.000000
vn -0.944641 0.145664 0.293999
vn -0.944552 0.145666 0.294284
vn -0.988647 0.150259 -0.000000
vn -0.753784 0.145854 0.640731
vn -0.727011 0.145661 0.670998
vn -0.727214 0.145664 0.670777
vn -0.753784 0.145854 0.640731
vn -0.920200 0.391449 0.000000
vn -0.882288 0.381072 0.276319
vn -0.882039 0.381088 0.277090
vn -0.920200 0.391449 0.000000
vn -0.706802 0.381517 0.595715
vn -0.680525 0.381066 0.625839
vn -0.681069 0.381082 0.625238
vn -0.706802 0.381517 0.595715
vn -0.785430 0.618951 -0.000000
vn -0.757263 0.607030 0.240974
vn -0.756813 0.607065 0.242295
vn -0.785430 0.618951 -0.000000
vn -0.612490 0.607558 0.505697
vn -0.587406 0.607022 0.535237
vn -0.588326 0.607057 0.534186
vn -0.612490 0.607558 0.505697
vn -0.598540 0.801093 -0.000000
vn -0.579567 0.792269 0.190820
vn -0.578833 0.792318 0.192833
vn -0.598540 0.801093 -0.000000
vn -0.478567 0.792601 0.377832
vn -0.455131 0.792260 0.406423
vn -0.456507 0.792310 0.404780
vn -0.478567 0.792602 0.377832
vn -0.374048 0.927409 0.000000
vn -0.370642 0.921253 0.117973
vn -0.370559 0.921164 0.118924
vn -0.374048 0.927409 0.000000
vn -0.304439 0.919136 0.250014
vn -0.287587 0.921245 0.261920
vn -0.288370 0.921156 0.261372
vn -0.304439 0.919135 0.250014
vn -0.954923 0.000000 0.296854
vn -0.954923 0.000000 0.296854
vn -1.000000 0.000000 0.000000
vn -1.000000 0.000000 0.000000
vn -0.734623 0.000000 0.678475
vn -0.734624 0.000000 0.678475
vn -0.761301 0.000000 0.648399
vn -0.761301 0.000000 0.648399
vn -0.954923 0.000000 0.296854
vn -1.000000 0.000000 -0.000000
vn -0.734623 0.000000 0.678475
vn -0.761301 0.000000 0.648399
vn -0.954923 0.000000 0.296854
vn -1.000000 0.000000 -0.000000
vn -0.734623 0.000000 0.678475
vn -0.761301 0.000000 0.648399
vn -0.942181 0.000000 0.335103
vn -0.942181 0.000000 0.335103
vn -0.942181 0.000000 0.335103
vn -0.942181 0.000000 0.335103
vn -0.931782 0.145854 0.332428
vn -0.931782 0.145854 0.332428
vn -0.869306 0.381517 0.314248
vn -0.869306 0.381517 0.314248
vn -0.744193 0.607558 0.277580
vn -0.744193 0.607558 0.277580
vn -0.566498 0.792601 0.225530
vn -0.566498 0.792601 0.225530
vn -0.368741 0.919135 0.138641
vn -0.368741 0.919135 0.138641
vn -0.707246 0.000000 0.706967
vn -0.707246 0.000000 0.706967
vn -0.707246 0.000000 0.706967
vn -0.707247 0.000000 0.706967
vn -0.699750 0.145245 0.699467
vn -0.699749 0.145245 0.699467
vn -0.654189 0.380057 0.653907
vn -0.654189 0.380057 0.653907
vn -0.562797 0.605670 0.562515
vn -0.562797 0.605670 0.562515
vn -0.432787 0.790972 0.432504
vn -0.432787 0.790972 0.432504
vn -0.272616 0.922776 0.272332
vn -0.272616 0.922776 0.272332
vn -0.707107 0.000000 0.707107
vn -0.707107 0.000000 0.707107
vn -0.707107 0.000000 0.707107
vn -0.707107 0.000000 0.707107
vn -0.707107 -0.000000 0.707107
vn -0.707107 -0.000000 0.707107
vn -0.707107 0.000000 0.707106
vn -0.707107 0.000000 0.707107
vn -0.707107 0.000000 0.707106
vn -0.707107 -0.000000 0.707107
vn -0.747606 0.031331 0.663403
vn -0.729792 0.005386 0.683648
vn -0.768751 0.021843 0.639175
vn -0.783200 0.061189 0.618751
vn -0.965926 0.000000 0.258819
vn -0.965926 0.000000 0.258819
vn -0.965926 -0.000000 0.258819
vn -0.965926 -0.000000 0.258819
vn -0.965926 -0.000000 0.258819
vn -0.965926 -0.000001 0.258819
vn -0.948328 0.031329 0.315742
vn -0.956987 0.005390 0.290080
vn -0.927456 0.061187 0.368893
vn -0.937918 0.021842 0.346168
vn -0.965926 0.000000 0.258819
vn -0.965926 0.000000 0.258819
vn -0.965926 -0.000000 0.258819
vn -0.965926 -0.000000 0.258819
vn -0.707221 0.000119 0.706992
vn -0.707221 0.000119 0.706992
vn -0.707221 0.000119 0.706992
vn -0.707221 0.000119 0.706992
vn -0.707318 0.000005 0.706896
vn -0.707318 0.000005 0.706896
vn -0.707318 0.000005 0.706896
vn -0.707318 0.000005 0.706896
vn -0.707318 -0.000005 0.706896
vn -0.707318 -0.000005 0.706895
vn -0.707318 -0.000005 0.706895
vn -0.707318 -0.000005 0.706895
vn -0.707308 -0.000004 0.706906
vn -0.707308 -0.000004 0.706906
vn -0.707308 -0.000004 0.706906
vn -0.707308 -0.000004 0.706906
vn -0.707299 -0.000004 0.706915
vn -0.707299 -0.000004 0.706915
vn -0.707299 -0.000004 0.706915
vn -0.707299 -0.000004 0.706915
vn -0.707262 -0.000040 0.706951
vn -0.707252 -0.000015 0.706962
vn -0.707262 -0.000040 0.706951
vn -1.000000 0.000000 0.000000
vn -1.000000 0.000000 0.000000
vn -0.965926 0.000000 0.258818
vn -1.000000 0.000000 -0.000000
vn -1.000000 0.000000 -0.000000
vn -0.965926 0.000000 0.258818
vn -0.965926 0.000000 0.258818
vn -1.000000 0.000000 0.000000
vn -1.000000 0.000000 0.000000
vn -0.965926 0.000000 0.258817
vn -0.965926 0.000000 0.258817
vn -1.000000 0.000000 0.000000
vn -1.000000 0.000000 0.000000
vn -0.965926 0.000000 0.258817
vn -0.965926 0.000000 0.258817
vn -1.000000 0.000000 -0.000000
vn -1.000000 0.000000 -0.000000
vn -0.965926 0.000000 0.258817
vn -0.965926 0.000000 0.258817
vn -1.000000 -0.000001 -0.000000
vn -1.000000 -0.000001 -0.000000
vn -0.965926 -0.000001 0.258818
vn -0.965926 -0.000001 0.258818
vn -0.707243 0.000006 0.706971
vn -0.733103 0.001886 0.680115
vn -0.761676 0.004053 0.647946
vn -0.941976 0.004053 0.335655
vn -0.955584 0.001883 0.294714
vn -1.000000 0.000001 0.000000
vn -0.255882 0.145245 0.955734
vn -0.217594 0.145661 0.965109
vn -0.217302 0.145664 0.965174
vn -0.255882 0.145245 0.955735
vn 0.177994 0.145854 0.973162
vn 0.217594 0.145661 0.965109
vn 0.217302 0.145664 0.965175
vn 0.177994 0.145854 0.973162
vn -0.239205 0.380057 0.893498
vn -0.201728 0.381067 0.902272
vn -0.200936 0.381082 0.902442
vn -0.239205 0.380057 0.893497
vn 0.162500 0.381517 0.909966
vn 0.201728 0.381067 0.902272
vn 0.200936 0.381082 0.902442
vn 0.162500 0.381517 0.909966
vn -0.205753 0.605671 0.768654
vn -0.169824 0.607022 0.776327
vn -0.168455 0.607057 0.776598
vn -0.205753 0.605671 0.768654
vn 0.131699 0.607558 0.783281
vn 0.169825 0.607022 0.776327
vn 0.168455 0.607057 0.776598
vn 0.131699 0.607558 0.783281
vn -0.158166 0.790971 0.591057
vn -0.124407 0.792260 0.597367
vn -0.122295 0.792309 0.597738
vn -0.158166 0.790971 0.591057
vn 0.087927 0.792601 0.603368
vn 0.124407 0.792260 0.597367
vn 0.122295 0.792309 0.597737
vn 0.087927 0.792601 0.603368
vn -0.099538 0.922777 0.372257
vn -0.083035 0.921245 0.380018
vn -0.082169 0.921156 0.380422
vn -0.099538 0.922777 0.372257
vn 0.064298 0.919135 0.388660
vn 0.083035 0.921244 0.380019
vn 0.082169 0.921155 0.380422
vn 0.064298 0.919135 0.388660
vn -0.220263 0.000000 0.975440
vn -0.220263 0.000000 0.975440
vn -0.258628 0.000000 0.965977
vn -0.258628 0.000000 0.965977
vn 0.220264 -0.000000 0.975440
vn 0.220263 -0.000000 0.975440
vn 0.180876 0.000000 0.983506
vn 0.180876 0.000000 0.983506
vn -0.220263 0.000000 0.975440
vn -0.258628 0.000000 0.965977
vn 0.220264 0.000000 0.975440
vn 0.180876 0.000000 0.983506
vn -0.220263 0.000000 0.975441
vn -0.258628 0.000000 0.965977
vn 0.220263 0.000000 0.975441
vn 0.180876 0.000000 0.983506
vn -0.180876 0.000000 0.983506
vn -0.180876 0.000000 0.983506
vn -0.180876 0.000000 0.983506
vn -0.180876 0.000000 0.983506
vn -0.177994 0.145854 0.973162
vn -0.177994 0.145854 0.973162
vn -0.162500 0.381517 0.909966
vn -0.162500 0.381517 0.909966
vn -0.131699 0.607558 0.783281
vn -0.131699 0.607558 0.783281
vn -0.087927 0.792601 0.603368
vn -0.087927 0.792601 0.603368
vn -0.064298 0.919135 0.388660
vn -0.064298 0.919135 0.388660
vn 0.258628 0.000000 0.965977
vn 0.258628 0.000000 0.965977
vn 0.258628 -0.000000 0.965977
vn 0.258628 -0.000000 0.965977
vn 0.255882 0.145245 0.955734
vn 0.255882 0.145245 0.955734
vn 0.239206 0.380057 0.893497
vn 0.239206 0.380057 0.893497
vn 0.205754 0.605671 0.768654
vn 0.205754 0.605671 0.768654
vn 0.158166 0.790972 0.591056
vn 0.158166 0.790972 0.591056
vn 0.099538 0.922776 0.372258
vn 0.099538 0.922776 0.372259
vn 0.258819 0.000000 0.965926
vn 0.258819 -0.000000 0.965926
vn 0.258819 -0.000000 0.965926
vn 0.258819 0.000000 0.965926
vn 0.258819 0.000000 0.965926
vn 0.258819 0.000000 0.965926
vn 0.258819 -0.000000 0.965926
vn 0.258819 -0.000000 0.965926
vn 0.258819 -0.000000 0.965926
vn 0.258819 -0.000000 0.965926
vn 0.200718 0.031332 0.979148
vn 0.227159 0.005386 0.973843
vn 0.169162 0.021844 0.985346
vn 0.144248 0.061192 0.987648
vn -0.258819 0.000000 0.965926
vn -0.258819 0.000000 0.965926
vn -0.258819 -0.000000 0.965926
vn -0.258819 -0.000000 0.965926
vn -0.258819 -0.000000 0.965926
vn -0.258819 -0.000000 0.965926
vn -0.200718 0.031332 0.979148
vn -0.227159 0.005386 0.973843
vn -0.144248 0.061192 0.987648
vn -0.169162 0.021844 0.985346
vn -0.258819 0.000000 0.965926
vn -0.258819 0.000000 0.965926
vn -0.258819 -0.000000 0.965926
vn -0.258819 -0.000000 0.965926
vn 0.258663 0.000119 0.965968
vn 0.258663 0.000119 0.965968
vn 0.258663 0.000119 0.965968
vn 0.258663 0.000119 0.965968
vn 0.258531 0.000005 0.966003
vn 0.258531 0.000005 0.966003
vn 0.258531 0.000005 0.966003
vn 0.258531 0.000005 0.966003
vn 0.258531 -0.000005 0.966003
vn 0.258531 -0.000005 0.966003
vn 0.258531 -0.000005 0.966003
vn 0.258531 -0.000005 0.966003
vn 0.258545 -0.000004 0.965999
vn 0.258545 -0.000004 0.965999
vn 0.258545 -0.000004 0.965999
vn 0.258545 -0.000004 0.965999
vn 0.258557 -0.000004 0.965996
vn 0.258557 -0.000004 0.965996
vn 0.258557 -0.000004 0.965996
vn 0.258557 -0.000004 0.965996
vn 0.258607 -0.000040 0.965983
vn 0.258621 -0.000015 0.965979
vn 0.258607 -0.000040 0.965983
vn -0.258621 -0.000015 0.965979
vn -0.258607 -0.000040 0.965983
vn -0.258607 -0.000040 0.965983
vn -0.258557 -0.000004 0.965996
vn -0.258557 -0.000004 0.965996
vn -0.258557 -0.000004 0.965996
vn -0.258557 -0.000004 0.965996
vn -0.258545 -0.000004 0.965999
vn -0.258545 -0.000004 0.965999
vn -0.258545 -0.000004 0.965999
vn -0.258545 -0.000004 0.965999
vn -0.258531 -0.000005 0.966003
vn -0.258531 -0.000005 0.966003
vn -0.258531 -0.000005 0.966003
vn -0.258531 -0.000005 0.966003
vn -0.258530 0.000005 0.966003
vn -0.258530 0.000005 0.966003
vn -0.258530 0.000005 0.966003
vn -0.258530 0.000005 0.966003
vn -0.258663 0.000119 0.965968
vn -0.258663 0.000119 0.965968
vn -0.258663 0.000119 0.965968
vn -0.258663 0.000119 0.965968
vn 0.258633 0.000006 0.965976
vn 0.222445 0.001886 0.974944
vn 0.180296 0.004053 0.983604
vn -0.180296 0.004053 0.983604
vn -0.222445 0.001886 0.974944
vn -0.258634 0.000006 0.965976
vn 0.699748 0.145244 -0.699469
vn 0.699748 0.145244 -0.699469
vn 0.727213 0.145663 -0.670778
vn 0.727010 0.145661 -0.670998
vn 0.931782 0.145854 -0.332428
vn 0.931782 0.145854 -0.332428
vn 0.944552 0.145666 -0.294285
vn 0.944641 0.145664 -0.293999
vn 0.654189 0.380057 -0.653906
vn 0.654189 0.380057 -0.653906
vn 0.681069 0.381082 -0.625238
vn 0.680525 0.381067 -0.625839
vn 0.869306 0.381517 -0.314248
vn 0.869306 0.381517 -0.314248
vn 0.882039 0.381088 -0.277091
vn 0.882288 0.381072 -0.276319
vn 0.562798 0.605670 -0.562514
vn 0.562798 0.605670 -0.562514
vn 0.588326 0.607057 -0.534186
vn 0.587406 0.607021 -0.535237
vn 0.744193 0.607558 -0.277581
vn 0.744193 0.607558 -0.277581
vn 0.756813 0.607065 -0.242295
vn 0.757262 0.607030 -0.240974
vn 0.432787 0.790972 -0.432504
vn 0.432787 0.790972 -0.432504
vn 0.456507 0.792309 -0.404781
vn 0.455130 0.792260 -0.406424
vn 0.566498 0.792601 -0.225531
vn 0.566498 0.792601 -0.225531
vn 0.578833 0.792318 -0.192834
vn 0.579567 0.792269 -0.190820
vn 0.272616 0.922776 -0.272333
vn 0.272616 0.922776 -0.272333
vn 0.288370 0.921155 -0.261373
vn 0.287587 0.921244 -0.261922
vn 0.368741 0.919135 -0.138641
vn 0.368741 0.919135 -0.138641
vn 0.370559 0.921164 -0.118924
vn 0.370642 0.921253 -0.117974
vn 0.734623 -0.000000 -0.678475
vn 0.707247 -0.000000 -0.706967
vn 0.707246 -0.000000 -0.706967
vn 0.734623 -0.000000 -0.678475
vn 0.954923 0.000000 -0.296854
vn 0.942181 0.000000 -0.335103
vn 0.942181 0.000000 -0.335103
vn 0.954923 0.000000 -0.296854
vn 0.734623 0.000000 -0.678475
vn 0.707247 0.000000 -0.706967
vn 0.954923 0.000000 -0.296854
vn 0.942181 0.000000 -0.335103
vn 0.734623 0.000000 -0.678475
vn 0.707247 0.000000 -0.706967
vn 0.954923 0.000000 -0.296854
vn 0.942181 0.000000 -0.335103
vn 0.761300 0.000000 -0.648400
vn 0.761300 0.000000 -0.648400
vn 0.761300 0.000000 -0.648399
vn 0.761300 0.000000 -0.648399
vn 0.753784 0.145853 -0.640731
vn 0.753784 0.145853 -0.640731
vn 0.706801 0.381517 -0.595715
vn 0.706801 0.381517 -0.595715
vn 0.612490 0.607558 -0.505698
vn 0.612490 0.607558 -0.505698
vn 0.478566 0.792601 -0.377834
vn 0.478566 0.792601 -0.377834
vn 0.304438 0.919135 -0.250017
vn 0.304438 0.919135 -0.250017
vn 0.965926 0.000000 -0.258819
vn 0.965926 0.000000 -0.258819
vn 0.965926 -0.000000 -0.258819
vn 0.965926 -0.000000 -0.258819
vn 0.965926 0.000000 -0.258819
vn 0.965926 0.000000 -0.258819
vn 0.965926 0.000000 -0.258819
vn 0.965926 -0.000000 -0.258819
vn 0.965926 -0.000000 -0.258819
vn 0.965926 0.000000 -0.258819
vn 0.948328 0.031329 -0.315742
vn 0.956987 0.005390 -0.290080
vn 0.927456 0.061186 -0.368893
vn 0.937918 0.021842 -0.346167
vn 0.707106 0.000000 -0.707107
vn 0.707107 0.000000 -0.707107
vn 0.707107 0.000000 -0.707107
vn 0.707106 0.000000 -0.707107
vn 0.707107 0.000000 -0.707107
vn 0.729792 0.005386 -0.683648
vn 0.747606 0.031331 -0.663403
vn 0.707107 0.000000 -0.707107
vn 0.768751 0.021843 -0.639175
vn 0.783200 0.061189 -0.618752
vn 0.707106 -0.000000 -0.707107
vn 0.707106 -0.000000 -0.707107
vn 0.707106 -0.000000 -0.707107
vn 0.707106 -0.000000 -0.707107
vn 0.965926 -0.000000 -0.258818
vn 0.965926 -0.000000 -0.258818
vn 0.965926 0.000000 -0.258817
vn 0.965926 0.000000 -0.258817
vn 0.965926 0.000000 -0.258817
vn 0.965926 0.000000 -0.258817
vn 0.965926 0.000000 -0.258818
vn 0.965926 0.000000 -0.258818
vn 0.965926 0.000000 -0.258818
vn 0.965926 0.000000 -0.258818
vn 0.965926 0.000000 -0.258818
vn 0.707252 -0.000015 -0.706962
vn 0.707262 -0.000040 -0.706952
vn 0.707262 -0.000040 -0.706952
vn 0.707299 -0.000004 -0.706915
vn 0.707299 -0.000004 -0.706915
vn 0.707299 -0.000004 -0.706914
vn 0.707299 -0.000004 -0.706915
vn 0.707308 -0.000004 -0.706906
vn 0.707307 -0.000004 -0.706906
vn 0.707308 -0.000004 -0.706906
vn 0.707308 -0.000004 -0.706906
vn 0.707318 -0.000005 -0.706895
vn 0.707318 -0.000005 -0.706895
vn 0.707318 -0.000005 -0.706895
vn 0.707318 -0.000005 -0.706895
vn 0.707318 0.000005 -0.706895
vn 0.707318 0.000005 -0.706895
vn 0.707318 0.000005 -0.706895
vn 0.707318 0.000005 -0.706895
vn 0.707221 0.000120 -0.706992
vn 0.707221 0.000120 -0.706992
vn 0.707221 0.000120 -0.706992
vn 0.707221 0.000120 -0.706992
vn 0.955584 0.001883 -0.294714
vn 0.941976 0.004053 -0.335655
vn 0.761675 0.004053 -0.647946
vn 0.733103 0.001886 -0.680116
vn 0.707243 0.000006 -0.706971
vn -0.944552 0.145666 -0.294285
vn -0.944641 0.145664 -0.293999
vn -0.753784 0.145854 -0.640731
vn -0.753784 0.145854 -0.640731
vn -0.727213 0.145664 -0.670778
vn -0.727011 0.145661 -0.670998
vn -0.882039 0.381088 -0.277091
vn -0.882288 0.381073 -0.276319
vn -0.706802 0.381517 -0.595715
vn -0.706802 0.381517 -0.595715
vn -0.681069 0.381082 -0.625238
vn -0.680525 0.381066 -0.625839
vn -0.756813 0.607065 -0.242295
vn -0.757263 0.607030 -0.240974
vn -0.612490 0.607558 -0.505697
vn -0.612490 0.607558 -0.505698
vn -0.588326 0.607057 -0.534186
vn -0.587406 0.607022 -0.535237
vn -0.578833 0.792318 -0.192834
vn -0.579567 0.792269 -0.190820
vn -0.478566 0.792601 -0.377834
vn -0.478566 0.792601 -0.377834
vn -0.456507 0.792309 -0.404781
vn -0.455131 0.792260 -0.406424
vn -0.370559 0.921164 -0.118924
vn -0.370642 0.921253 -0.117973
vn -0.304439 0.919135 -0.250016
vn -0.304439 0.919135 -0.250016
vn -0.288370 0.921155 -0.261373
vn -0.287587 0.921244 -0.261922
vn -0.954923 0.000000 -0.296854
vn -0.954923 0.000000 -0.296854
vn -0.734623 0.000000 -0.678475
vn -0.761301 0.000000 -0.648399
vn -0.761301 0.000000 -0.648399
vn -0.734624 0.000000 -0.678475
vn -0.954923 0.000000 -0.296854
vn -0.734623 0.000000 -0.678475
vn -0.761301 0.000000 -0.648399
vn -0.954923 0.000000 -0.296854
vn -0.734623 0.000000 -0.678475
vn -0.761301 0.000000 -0.648399
vn -0.942181 0.000000 -0.335103
vn -0.942181 0.000000 -0.335103
vn -0.942181 0.000000 -0.335103
vn -0.942181 0.000000 -0.335103
vn -0.931782 0.145854 -0.332428
vn -0.931782 0.145854 -0.332428
vn -0.869306 0.381517 -0.314248
vn -0.869306 0.381517 -0.314248
vn -0.744193 0.607558 -0.277580
vn -0.744193 0.607558 -0.277580
vn -0.566498 0.792601 -0.225530
vn -0.566498 0.792601 -0.225530
vn -0.368741 0.919135 -0.138641
vn -0.368741 0.919135 -0.138641
vn -0.707246 0.000000 -0.706967
vn -0.707246 0.000000 -0.706967
vn -0.707246 0.000000 -0.706967
vn -0.707246 0.000000 -0.706967
vn -0.699749 0.145245 -0.699468
vn -0.699749 0.145245 -0.699468
vn -0.654188 0.380057 -0.653907
vn -0.654188 0.380057 -0.653907
vn -0.562797 0.605670 -0.562515
vn -0.562797 0.605670 -0.562515
vn -0.432787 0.790972 -0.432504
vn -0.432787 0.790972 -0.432504
vn -0.272616 0.922776 -0.272334
vn -0.272616 0.922776 -0.272334
vn -0.707107 0.000000 -0.707107
vn -0.707107 0.000000 -0.707107
vn -0.707107 0.000000 -0.707107
vn -0.707107 0.000000 -0.707107
vn -0.707107 -0.000000 -0.707107
vn -0.707107 -0.000000 -0.707107
vn -0.707107 0.000000 -0.707106
vn -0.707107 -0.000000 -0.707106
vn -0.707107 0.000000 -0.707106
vn -0.707107 0.000000 -0.707106
vn -0.747606 0.031331 -0.663403
vn -0.729792 0.005386 -0.683648
vn -0.783200 0.061189 -0.618751
vn -0.768751 0.021843 -0.639175
vn -0.965926 0.000000 -0.258819
vn -0.965926 0.000000 -0.258819
vn -0.965926 0.000000 -0.258819
vn -0.965926 0.000000 -0.258819
vn -0.965926 -0.000000 -0.258819
vn -0.956987 0.005390 -0.290080
vn -0.948328 0.031329 -0.315742
vn -0.965926 -0.000000 -0.258819
vn -0.937918 0.021842 -0.346167
vn -0.927456 0.061187 -0.368893
vn -0.965926 0.000000 -0.258819
vn -0.965926 0.000000 -0.258819
vn -0.965926 -0.000000 -0.258819
vn -0.965926 -0.000000 -0.258819
vn -0.707221 0.000119 -0.706992
vn -0.707221 0.000119 -0.706992
vn -0.707221 0.000119 -0.706992
vn -0.707221 0.000119 -0.706992
vn -0.707318 0.000005 -0.706895
vn -0.707318 0.000005 -0.706895
vn -0.707318 0.000005 -0.706895
vn -0.707318 0.000005 -0.706895
vn -0.707318 -0.000005 -0.706895
vn -0.707318 -0.000005 -0.706895
vn -0.707318 -0.000005 -0.706895
vn -0.707318 -0.000005 -0.706895
vn -0.707308 -0.000004 -0.706906
vn -0.707308 -0.000004 -0.706906
vn -0.707308 -0.000004 -0.706906
vn -0.707308 -0.000004 -0.706906
vn -0.707299 -0.000004 -0.706914
vn -0.707299 -0.000004 -0.706914
vn -0.707299 -0.000004 -0.706914
vn -0.707299 -0.000004 -0.706914
vn -0.707262 -0.000040 -0.706952
vn -0.707262 -0.000040 -0.706952
vn -0.707251 -0.000015 -0.706962
vn -0.965926 0.000000 -0.258818
vn -0.965926 0.000000 -0.258818
vn -0.965926 0.000000 -0.258818
vn -0.965926 0.000000 -0.258817
vn -0.965926 0.000000 -0.258817
vn -0.965926 0.000000 -0.258817
vn -0.965926 0.000000 -0.258817
vn -0.965926 0.000000 -0.258817
vn -0.965926 0.000000 -0.258817
vn -0.965926 -0.000001 -0.258818
vn -0.965926 -0.000001 -0.258818
vn -0.707243 0.000006 -0.706971
vn -0.733103 0.001886 -0.680115
vn -0.761676 0.004053 -0.647946
vn -0.941976 0.004052 -0.335655
vn -0.955584 0.001882 -0.294713
vn -0.255882 0.145245 -0.955734
vn -0.255882 0.145245 -0.955734
vn -0.217302 0.145664 -0.965175
vn -0.217594 0.145661 -0.965109
vn 0.177994 0.145854 -0.973162
vn 0.177994 0.145854 -0.973162
vn 0.217302 0.145664 -0.965175
vn 0.217594 0.145661 -0.965109
vn -0.239205 0.380057 -0.893497
vn -0.239205 0.380057 -0.893497
vn -0.200936 0.381082 -0.902442
vn -0.201728 0.381067 -0.902272
vn 0.162500 0.381517 -0.909966
vn 0.162500 0.381517 -0.909966
vn 0.200936 0.381082 -0.902442
vn 0.201728 0.381067 -0.902272
vn -0.205754 0.605671 -0.768653
vn -0.205754 0.605671 -0.768653
vn -0.168454 0.607057 -0.776598
vn -0.169824 0.607022 -0.776327
vn 0.131698 0.607559 -0.783280
vn 0.131698 0.607559 -0.783280
vn 0.168454 0.607057 -0.776598
vn 0.169824 0.607022 -0.776327
vn -0.158165 0.790971 -0.591057
vn -0.158165 0.790971 -0.591057
vn -0.122295 0.792309 -0.597738
vn -0.124407 0.792260 -0.597367
vn 0.087927 0.792601 -0.603368
vn 0.087927 0.792601 -0.603368
vn 0.122295 0.792309 -0.597737
vn 0.124407 0.792260 -0.597367
vn -0.099538 0.922777 -0.372257
vn -0.099538 0.922777 -0.372257
vn -0.082168 0.921156 -0.380422
vn -0.083035 0.921245 -0.380018
vn 0.064298 0.919135 -0.388660
vn 0.064298 0.919135 -0.388660
vn 0.082168 0.921155 -0.380422
vn 0.083035 0.921244 -0.380018
vn -0.220263 0.000000 -0.975440
vn -0.258628 0.000000 -0.965977
vn -0.258628 0.000000 -0.965977
vn -0.220264 0.000000 -0.975440
vn 0.220264 -0.000000 -0.975440
vn 0.180876 0.000000 -0.983506
vn 0.180876 0.000000 -0.983506
vn 0.220264 -0.000000 -0.975440
vn -0.220263 0.000000 -0.975440
vn -0.258628 0.000000 -0.965977
vn 0.220264 0.000000 -0.975440
vn 0.180876 0.000000 -0.983506
vn -0.220263 0.000000 -0.975441
vn -0.258628 0.000000 -0.965977
vn 0.220263 0.000000 -0.975441
vn 0.180876 0.000000 -0.983506
vn -0.180876 0.000000 -0.983506
vn -0.180876 0.000000 -0.983506
vn -0.180876 0.000000 -0.983506
vn -0.180876 0.000000 -0.983506
vn -0.177994 0.145854 -0.973162
vn -0.177994 0.145854 -0.973162
vn -0.162500 0.381517 -0.909966
vn -0.162500 0.381517 -0.909966
vn -0.131698 0.607558 -0.783281
vn -0.131698 0.607558 -0.783281
vn -0.087927 0.792601 -0.603368
vn -0.087927 0.792601 -0.603368
vn -0.064298 0.919135 -0.388660
vn -0.064298 0.919135 -0.388660
vn 0.258628 0.000000 -0.965977
vn 0.258628 0.000000 -0.965977
vn 0.258629 -0.000000 -0.965977
vn 0.258628 -0.000000 -0.965977
vn 0.255882 0.145245 -0.955734
vn 0.255882 0.145245 -0.955734
vn 0.239206 0.380057 -0.893497
vn 0.239206 0.380057 -0.893497
vn 0.205754 0.605670 -0.768654
vn 0.205754 0.605670 -0.768654
vn 0.158166 0.790972 -0.591056
vn 0.158166 0.790972 -0.591056
vn 0.099538 0.922776 -0.372258
vn 0.099538 0.922776 -0.372258
vn 0.258819 0.000000 -0.965926
vn 0.258819 0.000000 -0.965926
vn 0.258819 -0.000000 -0.965926
vn 0.258819 -0.000000 -0.965926
vn 0.258819 0.000000 -0.965926
vn 0.258819 0.000000 -0.965926
vn 0.258819 -0.000000 -0.965926
vn 0.258819 -0.000000 -0.965926
vn 0.258819 -0.000000 -0.965926
vn 0.258819 -0.000000 -0.965926
vn 0.200718 0.031332 -0.979148
vn 0.227159 0.005386 -0.973843
vn 0.144248 0.061192 -0.987648
vn 0.169162 0.021844 -0.985346
vn -0.258819 0.000000 -0.965926
vn -0.258819 -0.000000 -0.965926
vn -0.258819 -0.000000 -0.965926
vn -0.258819 0.000000 -0.965926
vn -0.258819 -0.000000 -0.965926
vn -0.227159 0.005386 -0.973843
vn -0.200718 0.031332 -0.979148
vn -0.258819 -0.000000 -0.965926
vn -0.169162 0.021844 -0.985346
vn -0.144248 0.061192 -0.987648
vn -0.258819 0.000000 -0.965926
vn -0.258819 0.000000 -0.965926
vn -0.258819 -0.000000 -0.965926
vn -0.258819 -0.000000 -0.965926
vn 0.258663 0.000119 -0.965968
vn 0.258663 0.000119 -0.965968
vn 0.258663 0.000119 -0.965968
vn 0.258663 0.000119 -0.965968
vn 0.258530 0.000005 -0.966003
vn 0.258530 0.000005 -0.966003
vn 0.258530 0.000005 -0.966003
vn 0.258530 0.000005 -0.966003
vn 0.258530 -0.000005 -0.966003
vn 0.258530 -0.000005 -0.966003
vn 0.258530 -0.000005 -0.966003
vn 0.258530 -0.000005 -0.966003
vn 0.258545 -0.000004 -0.965999
vn 0.258545 -0.000004 -0.965999
vn 0.258545 -0.000004 -0.965999
vn 0.258545 -0.000004 -0.965999
vn 0.258557 -0.000004 -0.965996
vn 0.258557 -0.000004 -0.965996
vn 0.258557 -0.000004 -0.965996
vn 0.258556 -0.000004 -0.965996
vn 0.258607 -0.000040 -0.965983
vn 0.258607 -0.000040 -0.965983
vn 0.258621 -0.000015 -0.965979
vn -0.258621 -0.000015 -0.965979
vn -0.258607 -0.000040 -0.965983
vn -0.258607 -0.000040 -0.965983
vn -0.258556 -0.000004 -0.965996
vn -0.258556 -0.000004 -0.965996
vn -0.258556 -0.000004 -0.965996
vn -0.258556 -0.000004 -0.965996
vn -0.258545 -0.000004 -0.965999
vn -0.258545 -0.000004 -0.965999
vn -0.258545 -0.000004 -0.965999
vn -0.258545 -0.000004 -0.965999
vn -0.258530 -0.000005 -0.966003
vn -0.258530 -0.000005 -0.966003
vn -0.258530 -0.000005 -0.966003
vn -0.258530 -0.000005 -0.966003
vn -0.258530 0.000005 -0.966003
vn -0.258530 0.000005 -0.966003
vn -0.258530 0.000005 -0.966003
vn -0.258530 0.000005 -0.966003
vn -0.258663 0.000119 -0.965968
vn -0.258663 0.000119 -0.965968
vn -0.258663 0.000119 -0.965968
vn -0.258663 0.000119 -0.965968
vn 0.258633 0.000006 -0.965976
vn 0.222444 0.001886 -0.974944
vn 0.180296 0.004053 -0.983604
vn -0.180296 0.004053 -0.983604
vn -0.222444 0.001886 -0.974944
vn -0.258633 0.000006 -0.965976
vn 0.000000 1.000000 -0.000002
vn 0.000000 1.000000 0.000000
vn 0.000000 1.000000 0.000000
vn 0.000000 1.000000 0.000004
vn 0.000000 1.000000 0.000000
vn 0.000000 1.000000 0.000015
vn 0.000000 1.000000 0.000004
vn 0.000000 1.000000 -0.000001
vn 0.000000 1.000000 0.000000
vn 0.000000 1.000000 -0.000010
vn 0.000000 1.000000 0.000004
vn 0.000000 1.000000 0.000000
vn 0.000000 1.000000 0.000000
vn 0.000000 1.000000 -0.000006
vn 0.000000 1.000000 -0.000004
vn 0.000000 1.000000 -0.000008
vn 0.000000 1.000000 0.000001
vn 0.000000 1.000000 0.000010
vn 0.000000 1.000000 -0.000008
vn 0.000000 1.000000 0.000004
vn 0.000000 1.000000 0.000000
vn 0.000000 1.000000 0.000008
vn 0.000000 1.000000 -0.000004
vn 0.000000 1.000000 -0.000015
vn 0.000000 1.000000 0.000008
vn -0.013832 0.998270 -0.057146
vn -0.013832 0.998270 -0.057146
vn -0.013832 0.998270 -0.057146
vn -0.013832 0.998270 -0.057146
vn -0.015170 0.998271 -0.056787
vn -0.015170 0.998271 -0.056787
vn -0.015170 0.998271 -0.056787
vn -0.015170 0.998271 -0.056787
vn 0.056808 0.998269 -0.015220
vn 0.056808 0.998269 -0.015220
vn 0.056808 0.998269 -0.015220
vn 0.056808 0.998269 -0.015220
vn 0.056437 0.998268 -0.016599
vn 0.056437 0.998268 -0.016599
vn 0.056437 0.998268 -0.016599
vn 0.056437 0.998268 -0.016599
vn -0.056808 0.998269 0.015220
vn -0.056808 0.998269 0.015220
vn -0.056808 0.998269 0.015220
vn -0.056808 0.998269 0.015220
vn -0.056437 0.998268 0.016599
vn -0.056437 0.998268 0.016599
vn -0.056437 0.998268 0.016599
vn -0.056437 0.998268 0.016599
vn 0.013832 0.998270 0.057146
vn 0.013832 0.998270 0.057146
vn 0.013832 0.998270 0.057146
vn 0.013832 0.998270 0.057146
vn 0.015170 0.998271 0.056787
vn 0.015170 0.998271 0.056787
vn 0.015170 0.998271 0.056787
vn 0.015170 0.998271 0.056787
vn 0.015170 0.998271 -0.056785
vn 0.015170 0.998271 -0.056785
vn 0.015170 0.998271 -0.056785
vn 0.015170 0.998271 -0.056785
vn 0.013832 0.998270 -0.057143
vn 0.013832 0.998270 -0.057143
vn 0.013832 0.998270 -0.057143
vn 0.013832 0.998270 -0.057143
vn 0.042583 0.998269 -0.040557
vn 0.042583 0.998269 -0.040557
vn 0.042583 0.998269 -0.040557
vn 0.042583 0.998269 -0.040557
vn 0.041603 0.998270 -0.041538
vn 0.041603 0.998270 -0.041538
vn 0.041603 0.998270 -0.041538
vn 0.041603 0.998270 -0.041538
vn -0.056437 0.998268 -0.016599
vn -0.056437 0.998268 -0.016599
vn -0.056437 0.998268 -0.016599
vn -0.056437 0.998268 -0.016599
vn -0.056808 0.998269 -0.015220
vn -0.056808 0.998269 -0.015220
vn -0.056808 0.998269 -0.015220
vn -0.056808 0.998269 -0.015220
vn -0.041603 0.998270 -0.041543
vn -0.041603 0.998270 -0.041543
vn -0.041603 0.998270 -0.041543
vn -0.041603 0.998270 -0.041543
vn -0.042583 0.998269 -0.040557
vn -0.042583 0.998269 -0.040557
vn -0.042583 0.998269 -0.040557
vn -0.042583 0.998269 -0.040557
vn -0.015170 0.998271 0.056785
vn -0.015170 0.998271 0.056785
vn -0.015170 0.998271 0.056785
vn -0.015170 0.998271 0.056785
vn -0.013832 0.998270 0.057146
vn -0.013832 0.998270 0.057146
vn -0.013832 0.998270 0.057146
vn -0.013832 0.998270 0.057146
vn -0.042583 0.998269 0.040566
vn -0.042583 0.998269 0.040566
vn -0.042583 0.998269 0.040566
vn -0.042583 0.998269 0.040566
vn -0.041603 0.998270 0.041543
vn -0.041603 0.998270 0.041543
vn -0.041603 0.998270 0.041543
vn -0.041603 0.998270 0.041543
vn 0.056437 0.998268 0.016599
vn 0.056437 0.998268 0.016599
vn 0.056437 0.998268 0.016599
vn 0.056437 0.998268 0.016599
vn 0.056808 0.998269 0.015220
vn 0.056808 0.998269 0.015220
vn 0.056808 0.998269 0.015220
vn 0.056808 0.998269 0.015220
vn 0.042583 0.998269 0.040557
vn 0.042583 0.998269 0.040557
vn 0.042583 0.998269 0.040557
vn 0.042583 0.998269 0.040557
vn 0.041603 0.998270 0.041538
vn 0.041603 0.998270 0.041538
vn 0.041603 0.998270 0.041538
vn 0.041603 0.998270 0.041538
s 1
g pSphere4
usemtl initialShadingGroup
f 734/1151/2501 778/1152/2502 779/1153/2503 737/1154/2504
s 2
f 735/1155/2505 787/1156/2506 788/1157/2507 738/1158/2508
s 3
f 737/1154/2509 779/1153/2510 780/1159/2511 740/1160/2512
s 4
f 738/1158/2513 788/1157/2514 789/1161/2515 741/1162/2516
s 5
f 740/1160/2517 780/1159/2518 781/1163/2519 743/1164/2520
s 6
f 741/1162/2521 789/1161/2522 790/1165/2523 744/1166/2524
s 7
f 743/1164/2525 781/1163/2526 782/1167/2527 746/1168/2528
s 8
f 744/1166/2529 790/1165/2530 791/1169/2531 747/1170/2532
s 9
f 746/1168/2533 782/1167/2534 783/1171/2535 749/1172/2536
s 10
f 747/1170/2537 791/1169/2538 792/1173/2539 750/1174/2540
s 11
f 777/1175/2541 778/1152/2542 734/1151/2543 765/1176/2544
s 12
f 786/1177/2545 787/1156/2546 735/1155/2547 766/1178/2548
s 11
f 776/1179/2549 777/1175/2541 765/1176/2544 772/1180/2550
s 12
f 785/1181/2551 786/1177/2545 766/1178/2548 773/1182/2552
s 11
f 775/1183/2553 776/1179/2549 772/1180/2550 762/1184/2554
s 12
f 784/1185/2555 785/1181/2551 773/1182/2552 763/1186/2556
s 11
f 773/1182/2557 776/1179/2549 775/1183/2553 763/1186/2558
f 766/1178/2559 777/1175/2541 776/1179/2549 773/1182/2557
f 735/1155/2560 778/1152/2542 777/1175/2541 766/1178/2559
s 1
f 779/1153/2503 778/1152/2502 735/1155/2561 738/1158/2562
s 3
f 780/1159/2511 779/1153/2510 738/1158/2563 741/1162/2564
s 5
f 781/1163/2519 780/1159/2518 741/1162/2565 744/1166/2566
s 7
f 782/1167/2527 781/1163/2526 744/1166/2567 747/1170/2568
s 9
f 783/1171/2535 782/1167/2534 747/1170/2569 750/1174/2570
s 12
f 774/1187/2571 785/1181/2551 784/1185/2555 764/1188/2572
f 767/1189/2573 786/1177/2545 785/1181/2551 774/1187/2571
f 736/1190/2574 787/1156/2546 786/1177/2545 767/1189/2573
s 2
f 788/1157/2507 787/1156/2506 736/1190/2575 739/1191/2576
s 4
f 789/1161/2515 788/1157/2514 739/1191/2577 742/1192/2578
s 6
f 790/1165/2523 789/1161/2522 742/1192/2579 745/1193/2580
s 8
f 791/1169/2531 790/1165/2530 745/1193/2581 748/1194/2582
s 10
f 792/1173/2539 791/1169/2538 748/1194/2583 751/1195/2584
s 13
f 815/1196/2585 795/1197/2586 796/1198/2587 816/1199/2588
f 815/1196/2585 816/1199/2588 798/1200/2589 797/1201/2590
f 811/1202/2591 812/1203/2592 800/1204/2593 799/1205/2594
f 801/1206/2595 799/1207/2594 800/1208/2593 802/1209/2596
f 801/1210/2595 802/1209/2596 794/1211/2597 793/1212/2598
s 14
f 805/1213/2599 806/1214/2600 813/1215/2601 814/1216/2602
f 807/1217/2603 808/1218/2604 809/1219/2605 810/1220/2606
f 810/1220/2606 809/1219/2605 793/1212/2607 794/1211/2608
s 13
f 797/1201/2590 798/1200/2589 812/1203/2592 811/1202/2591
s 14
f 814/1216/2602 813/1215/2601 808/1221/2604 807/1222/2603
f 818/1223/2609 817/1224/2610 806/1214/2600 805/1213/2599
f 804/1225/2611 803/1226/2612 817/1224/2610 818/1223/2609
s 15
f 753/1227/2613 759/1228/2614 796/1198/2615 795/1197/2616
s 16
f 759/1228/2617 757/1229/2618 816/1199/2619 796/1198/2620
s 17
f 757/1229/2621 761/1230/2622 798/1200/2623 816/1199/2624
s 18
f 761/1230/2625 755/1231/2626 812/1203/2627 798/1200/2628
s 19
f 755/1231/2629 769/1232/2630 800/1204/2631 812/1203/2632
s 13
f 769/1232/2633 771/1233/2634 802/1209/2596 800/1208/2635
s 14
f 770/1234/2636 768/1235/2637 807/1217/2638 810/1220/2606
s off
f 768/1235/2639 754/1236/2640 814/1216/2641 807/1222/2642
f 754/1236/2643 760/1237/2644 805/1213/2645 814/1216/2646
f 760/1237/2647 756/1238/2648 818/1223/2649 805/1213/2650
f 756/1238/2651 758/1239/2652 804/1225/2653 818/1223/2654
f 758/1239/2655 752/1240/2656 803/1226/2657 804/1225/2658
s 13
f 764/1188/2659 784/1185/2660 802/1209/2596 771/1233/2634
f 784/1185/2660 763/1186/2661 794/1211/2597 802/1209/2596
s 14
f 763/1186/2662 775/1183/2663 810/1220/2606 794/1211/2608
f 775/1183/2663 762/1184/2664 770/1234/2636 810/1220/2606
s 22
f 819/1241/2665 863/1242/2666 864/1243/2667 822/1244/2668
s 23
f 820/1245/2669 872/1246/2670 873/1247/2671 823/1248/2672
s 24
f 822/1244/2673 864/1243/2674 865/1249/2675 825/1250/2676
s 25
f 823/1248/2677 873/1247/2678 874/1251/2679 826/1252/2680
s 26
f 825/1250/2681 865/1249/2682 866/1253/2683 828/1254/2684
s 27
f 826/1252/2685 874/1251/2686 875/1255/2687 829/1256/2688
s 28
f 828/1254/2689 866/1253/2690 867/1257/2691 831/1258/2692
s 29
f 829/1256/2693 875/1255/2694 876/1259/2695 832/1260/2696
s 30
f 831/1258/2697 867/1257/2698 868/1261/2699 834/1262/2700
s 31
f 832/1260/2701 876/1259/2702 877/1263/2703 835/1264/2704
s 32
f 862/1265/2705 863/1242/2706 819/1241/2707 850/1266/2708
s 33
f 871/1267/2709 872/1246/2710 820/1245/2711 851/1268/2712
s 32
f 861/1269/2713 862/1265/2705 850/1266/2708 857/1270/2714
s 33
f 870/1271/2715 871/1267/2709 851/1268/2712 858/1272/2716
s 32
f 860/1273/2717 861/1269/2713 857/1270/2714 847/1274/2718
s 33
f 869/1275/2719 870/1271/2715 858/1272/2716 848/1276/2720
s 32
f 858/1272/2721 861/1269/2713 860/1273/2717 848/1276/2722
f 851/1268/2723 862/1265/2705 861/1269/2713 858/1272/2721
f 820/1245/2724 863/1242/2706 862/1265/2705 851/1268/2723
s 22
f 864/1243/2667 863/1242/2666 820/1245/2725 823/1248/2726
s 24
f 865/1249/2675 864/1243/2674 823/1248/2727 826/1252/2728
s 26
f 866/1253/2683 865/1249/2682 826/1252/2729 829/1256/2730
s 28
f 867/1257/2691 866/1253/2690 829/1256/2731 832/1260/2732
s 30
f 868/1261/2699 867/1257/2698 832/1260/2733 835/1264/2734
s 33
f 859/1277/2735 870/1271/2715 869/1275/2719 849/1278/2736
f 852/1279/2737 871/1267/2709 870/1271/2715 859/1277/2735
f 821/1280/2738 872/1246/2710 871/1267/2709 852/1279/2737
s 23
f 873/1247/2671 872/1246/2670 821/1280/2739 824/1281/2740
s 25
f 874/1251/2679 873/1247/2678 824/1281/2741 827/1282/2742
s 27
f 875/1255/2687 874/1251/2686 827/1282/2743 830/1283/2744
s 29
f 876/1259/2695 875/1255/2694 830/1283/2745 833/1284/2746
s 31
f 877/1263/2703 876/1259/2702 833/1284/2747 836/1285/2748
s 34
f 900/1286/2749 880/1287/2750 881/1288/2751 901/1289/2752
f 900/1286/2749 901/1289/2752 883/1290/2753 882/1291/2754
f 896/1292/2755 897/1293/2756 885/1294/2757 884/1295/2758
f 886/1296/2759 884/1297/2758 885/1298/2757 887/1299/2760
f 886/1300/2759 887/1299/2760 879/1301/2761 878/1302/2762
s 35
f 890/1303/2763 891/1304/2764 898/1305/2765 899/1306/2766
f 892/1307/2767 893/1308/2768 894/1309/2769 895/1310/2770
f 895/1310/2770 894/1309/2769 878/1302/2771 879/1301/2772
s 34
f 882/1291/2754 883/1290/2753 897/1293/2756 896/1292/2755
s 35
f 899/1306/2766 898/1305/2765 893/1311/2768 892/1312/2767
f 903/1313/2773 902/1314/2774 891/1304/2764 890/1303/2763
f 889/1315/2775 888/1316/2776 902/1314/2774 903/1313/2773
s off
f 838/1317/2777 844/1318/2778 881/1288/2779 880/1287/2780
f 844/1318/2781 842/1319/2782 901/1289/2783 881/1288/2784
f 842/1319/2785 846/1320/2786 883/1290/2787 901/1289/2788
f 846/1320/2789 840/1321/2790 897/1293/2791 883/1290/2792
f 840/1321/2793 854/1322/2794 885/1294/2795 897/1293/2796
s 34
f 854/1322/2797 856/1323/2798 887/1299/2760 885/1298/2799
s 35
f 855/1324/2800 853/1325/2801 892/1307/2802 895/1310/2770
s 38
f 853/1325/2803 839/1326/2804 899/1306/2805 892/1312/2806
s 39
f 839/1326/2807 845/1327/2808 890/1303/2809 899/1306/2810
s 40
f 845/1327/2811 841/1328/2812 903/1313/2813 890/1303/2814
s 41
f 841/1328/2815 843/1329/2816 889/1315/2817 903/1313/2818
s 42
f 843/1329/2819 837/1330/2820 888/1316/2821 889/1315/2822
s 34
f 849/1278/2823 869/1275/2824 887/1299/2760 856/1323/2798
f 869/1275/2824 848/1276/2825 879/1301/2761 887/1299/2760
s 35
f 848/1276/2826 860/1273/2827 895/1310/2770 879/1301/2772
f 860/1273/2827 847/1274/2828 855/1324/2800 895/1310/2770
s 43
f 821/1280/2829 916/1331/2830 917/1332/2831 824/1281/2832
s 44
f 904/1333/2833 925/1334/2834 926/1335/2835 905/1336/2836
s 45
f 824/1281/2837 917/1332/2838 918/1337/2839 827/1282/2840
s 46
f 905/1336/2841 926/1335/2842 927/1338/2843 906/1339/2844
s 47
f 827/1282/2845 918/1337/2846 919/1340/2847 830/1283/2848
s 48
f 906/1339/2849 927/1338/2850 928/1341/2851 907/1342/2852
s 49
f 830/1283/2853 919/1340/2854 920/1343/2855 833/1284/2856
s 50
f 907/1342/2857 928/1341/2858 929/1344/2859 908/1345/2860
s 51
f 833/1284/2861 920/1343/2862 921/1346/2863 836/1285/2864
s 52
f 908/1345/2865 929/1344/2866 930/1347/2867 909/1348/2868
s 53
f 915/1349/2869 916/1331/2870 821/1280/2871 852/1279/2872
s 54
f 924/1350/2873 925/1334/2874 904/1333/2875 911/1351/2876
s 53
f 914/1352/2877 915/1349/2869 852/1279/2872 859/1277/2878
s 54
f 923/1353/2879 924/1350/2873 911/1351/2876 912/1354/2880
s 53
f 913/1355/2881 914/1352/2877 859/1277/2878 849/1278/2882
s 54
f 922/1356/2883 923/1353/2879 912/1354/2880 910/1357/2884
s 53
f 912/1354/2885 914/1352/2877 913/1355/2881 910/1357/2886
f 911/1351/2887 915/1349/2869 914/1352/2877 912/1354/2885
f 904/1333/2888 916/1331/2870 915/1349/2869 911/1351/2887
s 43
f 917/1332/2831 916/1331/2830 904/1333/2889 905/1336/2890
s 45
f 918/1337/2839 917/1332/2838 905/1336/2891 906/1339/2892
s 47
f 919/1340/2847 918/1337/2846 906/1339/2893 907/1342/2894
s 49
f 920/1343/2855 919/1340/2854 907/1342/2895 908/1345/2896
s 51
f 921/1346/2863 920/1343/2862 908/1345/2897 909/1348/2898
s 54
f 772/1180/2899 923/1353/2879 922/1356/2883 762/1184/2900
f 765/1176/2901 924/1350/2873 923/1353/2879 772/1180/2899
f 734/1151/2902 925/1334/2874 924/1350/2873 765/1176/2901
s 44
f 926/1335/2835 925/1334/2834 734/1151/2903 737/1154/2904
s 46
f 927/1338/2843 926/1335/2842 737/1154/2905 740/1160/2906
s 48
f 928/1341/2851 927/1338/2850 740/1160/2907 743/1164/2908
s 50
f 929/1344/2859 928/1341/2858 743/1164/2909 746/1168/2910
s 52
f 930/1347/2867 929/1344/2866 746/1168/2911 749/1172/2912
s 55
f 953/1358/2913 933/1359/2914 934/1360/2915 954/1361/2916
f 953/1358/2913 954/1361/2916 936/1362/2917 935/1363/2918
f 949/1364/2919 950/1365/2920 938/1366/2921 937/1367/2922
f 939/1368/2923 937/1369/2922 938/1370/2921 940/1371/2924
f 939/1372/2923 940/1371/2924 932/1373/2925 931/1374/2926
s 56
f 943/1375/2927 944/1376/2928 951/1377/2929 952/1378/2930
f 945/1379/2931 946/1380/2932 947/1381/2933 948/1382/2934
f 948/1382/2934 947/1381/2933 931/1374/2935 932/1373/2936
s 55
f 935/1363/2918 936/1362/2917 950/1365/2920 949/1364/2919
s 56
f 952/1378/2930 951/1377/2929 946/1383/2932 945/1384/2931
f 956/1385/2937 955/1386/2938 944/1376/2928 943/1375/2927
f 942/1387/2939 941/1388/2940 955/1386/2938 956/1385/2937
s off
f 752/1240/2941 758/1239/2942 934/1360/2943 933/1359/2944
f 758/1239/2945 756/1238/2946 954/1361/2947 934/1360/2948
f 756/1238/2949 760/1237/2950 936/1362/2951 954/1361/2952
f 760/1237/2953 754/1236/2954 950/1365/2955 936/1362/2956
f 754/1236/2957 768/1235/2958 938/1366/2959 950/1365/2960
s 55
f 768/1235/2961 770/1234/2962 940/1371/2924 938/1370/2963
s 56
f 856/1323/2964 854/1322/2965 945/1379/2966 948/1382/2934
s off
f 854/1322/2967 840/1321/2968 952/1378/2969 945/1384/2970
f 840/1321/2971 846/1320/2972 943/1375/2973 952/1378/2974
f 846/1320/2975 842/1319/2976 956/1385/2977 943/1375/2978
f 842/1319/2979 844/1318/2980 942/1387/2981 956/1385/2982
f 844/1318/2983 838/1317/2984 941/1388/2985 942/1387/2986
s 55
f 762/1184/2987 922/1356/2988 940/1371/2924 770/1234/2962
f 922/1356/2988 910/1357/2989 932/1373/2925 940/1371/2924
s 56
f 910/1357/2990 913/1355/2991 948/1382/2934 932/1373/2936
f 913/1355/2991 849/1278/2992 856/1323/2964 948/1382/2934
s 59
f 957/1389/2993 959/1392/2994 986/1391/2995 985/1390/2996
s 2
f 958/1393/2997 960/1396/2998 995/1395/2999 994/1394/3000
s 60
f 959/1392/3001 961/1398/3002 987/1397/3003 986/1391/3004
s 4
f 960/1396/3005 962/1400/3006 996/1399/3007 995/1395/3008
s 61
f 961/1398/3009 963/1402/3010 988/1401/3011 987/1397/3012
s 6
f 962/1400/3013 964/1404/3014 997/1403/3015 996/1399/3016
s 62
f 963/1402/3017 965/1406/3018 989/1405/3019 988/1401/3020
s 8
f 964/1404/3021 966/1408/3022 998/1407/3023 997/1403/3024
s 63
f 965/1406/3025 967/1410/3026 990/1409/3027 989/1405/3028
s 10
f 966/1408/3029 968/1412/3030 999/1411/3031 998/1407/3032
s 64
f 984/1413/3033 976/1414/3034 957/1389/3035 985/1390/3036
s 12
f 993/1415/3037 977/1416/3038 958/1393/3039 994/1394/3040
s 64
f 983/1417/3041 980/1418/3042 976/1414/3034 984/1413/3033
s 12
f 992/1419/3043 981/1420/3044 977/1416/3038 993/1415/3037
s 64
f 982/1421/3045 974/1422/3046 980/1418/3042 983/1417/3041
s 12
f 991/1423/3047 975/1424/3048 981/1420/3044 992/1419/3043
s 64
f 981/1420/3049 975/1424/3050 982/1421/3045 983/1417/3041
f 977/1416/3051 981/1420/3049 983/1417/3041 984/1413/3033
f 958/1393/3052 977/1416/3051 984/1413/3033 985/1390/3036
s 59
f 986/1391/2995 960/1396/3053 958/1393/3054 985/1390/2996
s 60
f 987/1397/3003 962/1400/3055 960/1396/3056 986/1391/3004
s 61
f 988/1401/3011 964/1404/3057 962/1400/3058 987/1397/3012
s 62
f 989/1405/3019 966/1408/3059 964/1404/3060 988/1401/3020
s 63
f 990/1409/3027 968/1412/3061 966/1408/3062 989/1405/3028
s 12
f 774/1425/2571 764/1426/2572 991/1423/3047 992/1419/3043
f 767/1427/2573 774/1425/2571 992/1419/3043 993/1415/3037
f 736/1428/2574 767/1427/2573 993/1415/3037 994/1394/3040
s 2
f 995/1395/2999 739/1429/2576 736/1428/2575 994/1394/3000
s 4
f 996/1399/3007 742/1430/2578 739/1429/2577 995/1395/3008
s 6
f 997/1403/3015 745/1431/2580 742/1430/2579 996/1399/3016
s 8
f 998/1407/3023 748/1432/2582 745/1431/2581 997/1403/3024
s 10
f 999/1411/3031 751/1433/2584 748/1432/2583 998/1407/3032
s 13
f 1022/1434/3063 1023/1437/3064 1003/1436/3065 1002/1435/3066
f 1022/1434/3063 1004/1439/3067 1005/1438/3068 1023/1437/3064
f 1018/1440/3069 1006/1443/3070 1007/1442/3071 1019/1441/3072
f 1008/1444/3073 1009/1447/3074 1007/1446/3071 1006/1445/3070
f 1008/1448/3073 1000/1450/3075 1001/1449/3076 1009/1447/3074
s 68
f 1012/1451/3077 1021/1454/3078 1020/1453/3079 1013/1452/3080
f 1014/1455/3081 1017/1458/3082 1016/1457/3083 1015/1456/3084
f 1017/1458/3082 1001/1449/3085 1000/1450/3086 1016/1457/3083
s 13
f 1004/1439/3067 1018/1440/3069 1019/1441/3072 1005/1438/3068
s 68
f 1021/1454/3078 1014/1460/3081 1015/1459/3084 1020/1453/3079
f 1025/1461/3087 1012/1451/3077 1013/1452/3080 1024/1462/3088
f 1011/1463/3089 1025/1461/3087 1024/1462/3088 1010/1464/3090
s 15
f 753/1465/2613 1002/1435/3091 1003/1436/3092 759/1466/2614
s 16
f 759/1466/2617 1003/1436/3093 1023/1437/3094 757/1467/2618
s 17
f 757/1467/2621 1023/1437/3095 1005/1438/3096 761/1468/2622
s 18
f 761/1468/2625 1005/1438/3097 1019/1441/3098 755/1469/2626
s 19
f 755/1469/2629 1019/1441/3099 1007/1442/3100 769/1470/2630
s 13
f 769/1470/2633 1007/1446/3101 1009/1447/3074 771/1471/2634
s 68
f 979/1472/3102 1017/1458/3082 1014/1455/3103 978/1473/3104
s off
f 978/1473/3105 1014/1460/3106 1021/1454/3107 970/1474/3108
f 970/1474/3109 1021/1454/3110 1012/1451/3111 973/1475/3112
f 973/1475/3113 1012/1451/3114 1025/1461/3115 971/1476/3116
f 971/1476/3117 1025/1461/3118 1011/1463/3119 972/1477/3120
f 972/1477/3121 1011/1463/3122 1010/1464/3123 969/1478/3124
s 13
f 764/1426/2659 771/1471/2634 1009/1447/3074 991/1423/3125
f 991/1423/3125 1009/1447/3074 1001/1449/3076 975/1424/3126
s 68
f 975/1424/3127 1001/1449/3085 1017/1458/3082 982/1421/3128
f 982/1421/3128 1017/1458/3082 979/1472/3102 974/1422/3129
s 22
f 819/1479/2665 822/1482/2668 1055/1481/3130 1054/1480/3131
s 71
f 1026/1483/3132 1028/1486/3133 1064/1485/3134 1063/1484/3135
s 24
f 822/1482/2673 825/1488/2676 1056/1487/3136 1055/1481/3137
s 72
f 1028/1486/3138 1030/1490/3139 1065/1489/3140 1064/1485/3141
s 26
f 825/1488/2681 828/1492/2684 1057/1491/3142 1056/1487/3143
s 73
f 1030/1490/3144 1032/1494/3145 1066/1493/3146 1065/1489/3147
s 28
f 828/1492/2689 831/1496/2692 1058/1495/3148 1057/1491/3149
s 74
f 1032/1494/3150 1034/1498/3151 1067/1497/3152 1066/1493/3153
s 30
f 831/1496/2697 834/1500/2700 1059/1499/3154 1058/1495/3155
s 75
f 1034/1498/3156 1036/1502/3157 1068/1501/3158 1067/1497/3159
s 32
f 1053/1503/3160 850/1504/2708 819/1479/2707 1054/1480/3161
s 76
f 1062/1505/3162 1045/1506/3163 1026/1483/3164 1063/1484/3165
s 32
f 1052/1507/3166 857/1508/2714 850/1504/2708 1053/1503/3160
s 76
f 1061/1509/3167 1049/1510/3168 1045/1506/3163 1062/1505/3162
s 32
f 1051/1511/3169 847/1512/2718 857/1508/2714 1052/1507/3166
s 76
f 1060/1513/3170 1043/1514/3171 1049/1510/3168 1061/1509/3167
s 32
f 1049/1510/3172 1043/1514/3173 1051/1511/3169 1052/1507/3166
f 1045/1506/3174 1049/1510/3172 1052/1507/3166 1053/1503/3160
f 1026/1483/3175 1045/1506/3174 1053/1503/3160 1054/1480/3161
s 22
f 1055/1481/3130 1028/1486/3176 1026/1483/3177 1054/1480/3131
s 24
f 1056/1487/3136 1030/1490/3178 1028/1486/3179 1055/1481/3137
s 26
f 1057/1491/3142 1032/1494/3180 1030/1490/3181 1056/1487/3143
s 28
f 1058/1495/3148 1034/1498/3182 1032/1494/3183 1057/1491/3149
s 30
f 1059/1499/3154 1036/1502/3184 1034/1498/3185 1058/1495/3155
s 76
f 1050/1515/3186 1044/1516/3187 1060/1513/3170 1061/1509/3167
f 1046/1517/3188 1050/1515/3186 1061/1509/3167 1062/1505/3162
f 1027/1518/3189 1046/1517/3188 1062/1505/3162 1063/1484/3165
s 71
f 1064/1485/3134 1029/1519/3190 1027/1518/3191 1063/1484/3135
s 72
f 1065/1489/3140 1031/1520/3192 1029/1519/3193 1064/1485/3141
s 73
f 1066/1493/3146 1033/1521/3194 1031/1520/3195 1065/1489/3147
s 74
f 1067/1497/3152 1035/1522/3196 1033/1521/3197 1066/1493/3153
s 75
f 1068/1501/3158 1037/1523/3198 1035/1522/3199 1067/1497/3159
s 77
f 1091/1524/3200 1092/1527/3201 1072/1526/3202 1071/1525/3203
f 1091/1524/3200 1073/1529/3204 1074/1528/3205 1092/1527/3201
f 1087/1530/3206 1075/1533/3207 1076/1532/3208 1088/1531/3209
f 1077/1534/3210 1078/1537/3211 1076/1536/3208 1075/1535/3207
f 1077/1538/3210 1069/1540/3212 1070/1539/3213 1078/1537/3211
s 35
f 1081/1541/3214 1090/1544/3215 1089/1543/3216 1082/1542/3217
f 1083/1545/3218 1086/1548/3219 1085/1547/3220 1084/1546/3221
f 1086/1548/3219 1070/1539/3222 1069/1540/3223 1085/1547/3220
s 77
f 1073/1529/3204 1087/1530/3206 1088/1531/3209 1074/1528/3205
s 35
f 1090/1544/3215 1083/1550/3218 1084/1549/3221 1089/1543/3216
f 1094/1551/3224 1081/1541/3214 1082/1542/3217 1093/1552/3225
f 1080/1553/3226 1094/1551/3224 1093/1552/3225 1079/1554/3227
s off
f 1038/1555/3228 1071/1525/3229 1072/1526/3230 1041/1556/3231
f 1041/1556/3232 1072/1526/3233 1092/1527/3234 1040/1557/3235
f 1040/1557/3236 1092/1527/3237 1074/1528/3238 1042/1558/3239
f 1042/1558/3240 1074/1528/3241 1088/1531/3242 1039/1559/3243
f 1039/1559/3244 1088/1531/3245 1076/1532/3246 1047/1560/3247
s 77
f 1047/1560/3248 1076/1536/3249 1078/1537/3211 1048/1561/3250
s 35
f 855/1562/2800 1086/1548/3219 1083/1545/3251 853/1563/2801
s 38
f 853/1563/2803 1083/1550/3252 1090/1544/3253 839/1564/2804
s 39
f 839/1564/2807 1090/1544/3254 1081/1541/3255 845/1565/2808
s 40
f 845/1565/2811 1081/1541/3256 1094/1551/3257 841/1566/2812
s 41
f 841/1566/2815 1094/1551/3258 1080/1553/3259 843/1567/2816
s 42
f 843/1567/2819 1080/1553/3260 1079/1554/3261 837/1568/2820
s 77
f 1044/1516/3262 1048/1561/3250 1078/1537/3211 1060/1513/3263
f 1060/1513/3263 1078/1537/3211 1070/1539/3213 1043/1514/3264
s 35
f 1043/1514/3265 1070/1539/3222 1086/1548/3219 1051/1511/3266
f 1051/1511/3266 1086/1548/3219 855/1562/2800 847/1512/2828
s 82
f 1027/1518/3267 1029/1519/3268 1108/1570/3269 1107/1569/3270
s 83
f 1095/1571/3271 1096/1574/3272 1117/1573/3273 1116/1572/3274
s 84
f 1029/1519/3275 1031/1520/3276 1109/1575/3277 1108/1570/3278
s 85
f 1096/1574/3279 1097/1577/3280 1118/1576/3281 1117/1573/3282
s 86
f 1031/1520/3283 1033/1521/3284 1110/1578/3285 1109/1575/3286
s 87
f 1097/1577/3287 1098/1580/3288 1119/1579/3289 1118/1576/3290
s 88
f 1033/1521/3291 1035/1522/3292 1111/1581/3293 1110/1578/3294
s 89
f 1098/1580/3295 1099/1583/3296 1120/1582/3297 1119/1579/3298
s 90
f 1035/1522/3299 1037/1523/3300 1112/1584/3301 1111/1581/3302
s 91
f 1099/1583/3303 1100/1586/3304 1121/1585/3305 1120/1582/3306
s 92
f 1106/1587/3307 1046/1517/3308 1027/1518/3309 1107/1569/3310
s 93
f 1115/1588/3311 1102/1589/3312 1095/1571/3313 1116/1572/3314
s 92
f 1105/1590/3315 1050/1515/3316 1046/1517/3308 1106/1587/3307
s 93
f 1114/1591/3317 1103/1592/3318 1102/1589/3312 1115/1588/3311
s 92
f 1104/1593/3319 1044/1516/3320 1050/1515/3316 1105/1590/3315
s 93
f 1113/1594/3321 1101/1595/3322 1103/1592/3318 1114/1591/3317
s 92
f 1103/1592/3323 1101/1595/3324 1104/1593/3319 1105/1590/3315
f 1102/1589/3325 1103/1592/3323 1105/1590/3315 1106/1587/3307
f 1095/1571/3326 1102/1589/3325 1106/1587/3307 1107/1569/3310
s 82
f 1108/1570/3269 1096/1574/3327 1095/1571/3328 1107/1569/3270
s 84
f 1109/1575/3277 1097/1577/3329 1096/1574/3330 1108/1570/3278
s 86
f 1110/1578/3285 1098/1580/3331 1097/1577/3332 1109/1575/3286
s 88
f 1111/1581/3293 1099/1583/3333 1098/1580/3334 1110/1578/3294
s 90
f 1112/1584/3301 1100/1586/3335 1099/1583/3336 1111/1581/3302
s 93
f 980/1418/3337 974/1422/3338 1113/1594/3321 1114/1591/3317
f 976/1414/3339 980/1418/3337 1114/1591/3317 1115/1588/3311
f 957/1389/3340 976/1414/3339 1115/1588/3311 1116/1572/3314
s 83
f 1117/1573/3273 959/1392/3341 957/1389/3342 1116/1572/3274
s 85
f 1118/1576/3281 961/1398/3343 959/1392/3344 1117/1573/3282
s 87
f 1119/1579/3289 963/1402/3345 961/1398/3346 1118/1576/3290
s 89
f 1120/1582/3297 965/1406/3347 963/1402/3348 1119/1579/3298
s 91
f 1121/1585/3305 967/1410/3349 965/1406/3350 1120/1582/3306
s 94
f 1144/1596/3351 1145/1599/3352 1125/1598/3353 1124/1597/3354
f 1144/1596/3351 1126/1601/3355 1127/1600/3356 1145/1599/3352
f 1140/1602/3357 1128/1605/3358 1129/1604/3359 1141/1603/3360
f 1130/1606/3361 1131/1609/3362 1129/1608/3359 1128/1607/3358
f 1130/1610/3361 1122/1612/3363 1123/1611/3364 1131/1609/3362
s 96
f 1134/1613/3365 1143/1616/3366 1142/1615/3367 1135/1614/3368
f 1136/1617/3369 1139/1620/3370 1138/1619/3371 1137/1618/3372
f 1139/1620/3370 1123/1611/3373 1122/1612/3374 1138/1619/3371
s 94
f 1126/1601/3355 1140/1602/3357 1141/1603/3360 1127/1600/3356
s 96
f 1143/1616/3366 1136/1622/3369 1137/1621/3372 1142/1615/3367
f 1147/1623/3375 1134/1613/3365 1135/1614/3368 1146/1624/3376
f 1133/1625/3377 1147/1623/3375 1146/1624/3376 1132/1626/3378
s off
f 969/1478/3379 1124/1597/3380 1125/1598/3381 972/1477/3382
f 972/1477/3383 1125/1598/3384 1145/1599/3385 971/1476/3386
f 971/1476/3387 1145/1599/3388 1127/1600/3389 973/1475/3390
f 973/1475/3391 1127/1600/3392 1141/1603/3393 970/1474/3394
f 970/1474/3395 1141/1603/3396 1129/1604/3397 978/1473/3398
s 94
f 978/1473/3399 1129/1608/3400 1131/1609/3362 979/1472/3401
s 96
f 1048/1561/3402 1139/1620/3370 1136/1617/3403 1047/1560/3404
s off
f 1047/1560/3405 1136/1622/3406 1143/1616/3407 1039/1559/3408
f 1039/1559/3409 1143/1616/3410 1134/1613/3411 1042/1558/3412
f 1042/1558/3413 1134/1613/3414 1147/1623/3415 1040/1557/3416
f 1040/1557/3417 1147/1623/3418 1133/1625/3419 1041/1556/3420
f 1041/1556/3421 1133/1625/3422 1132/1626/3423 1038/1555/3424
s 94
f 974/1422/3425 979/1472/3401 1131/1609/3362 1113/1594/3426
f 1113/1594/3426 1131/1609/3362 1123/1611/3364 1101/1595/3427
s 96
f 1101/1595/3428 1123/1611/3373 1139/1620/3370 1104/1593/3429
f 1104/1593/3429 1139/1620/3370 1048/1561/3402 1044/1516/3430
s 100
f 1148/1630/3431 1149/1627/3432 1150/1628/3433 1151/1629/3434
f 1149/1627/3432 1152/1631/3435 1153/1632/3436 1154/1633/3437
f 1155/1636/3438 1149/1627/3432 1156/1634/3439 1157/1635/3440
f 1158/1639/3441 1149/1627/3432 1159/1637/3442 1160/1638/3443
f 1149/1627/3432 1161/1640/3444 1162/1641/3445 1150/1628/3433
f 1149/1627/3432 1154/1633/3437 1163/1642/3446 1161/1640/3444
f 1156/1634/3439 1149/1627/3432 1164/1643/3447 1165/1644/3448
f 1164/1643/3447 1149/1627/3432 1148/1630/3431 1166/1645/3449
f 1159/1637/3442 1149/1627/3432 1167/1646/3450 1168/1647/3451
f 1167/1646/3450 1149/1627/3432 1155/1636/3438 1169/1648/3452
f 1149/1627/3432 1170/1649/3453 1171/1650/3454 1152/1631/3435
f 1172/1651/3455 1170/1649/3453 1149/1627/3432 1158/1639/3441
s off
f 1100/1586/3456 1112/1584/3457 1151/1629/3458 1150/1628/3459
f 1112/1584/3460 1037/1523/3461 1148/1630/3462 1151/1629/3463
f 751/1433/3464 999/1411/3465 1153/1632/3466 1152/1631/3467
f 999/1411/3468 968/1412/3469 1154/1633/3470 1153/1632/3471
f 834/1262/3472 868/1261/3473 1157/1635/3474 1156/1634/3475
f 868/1261/3476 835/1264/3477 1155/1636/3478 1157/1635/3479
f 909/1348/3480 930/1347/3481 1160/1638/3482 1159/1637/3483
f 930/1347/3484 749/1172/3485 1158/1639/3486 1160/1638/3487
f 967/1410/3488 1121/1585/3489 1162/1641/3490 1161/1640/3491
f 1121/1585/3492 1100/1586/3493 1150/1628/3494 1162/1641/3495
f 968/1412/3496 990/1409/3497 1163/1642/3498 1154/1633/3499
f 990/1409/3500 967/1410/3501 1161/1640/3502 1163/1642/3503
f 1036/1502/3504 1059/1499/3505 1165/1644/3506 1164/1643/3507
f 1059/1499/3508 834/1262/3509 1156/1634/3510 1165/1644/3511
f 1037/1523/3512 1068/1501/3513 1166/1645/3514 1148/1630/3515
f 1068/1501/3516 1036/1502/3517 1164/1643/3518 1166/1645/3519
f 836/1285/3520 921/1346/3521 1168/1647/3522 1167/1646/3523
f 921/1346/3524 909/1348/3525 1159/1637/3526 1168/1647/3527
f 835/1264/3528 877/1263/3529 1169/1648/3530 1155/1636/3531
f 877/1263/3532 836/1285/3533 1167/1646/3534 1169/1648/3535
f 750/1174/3536 792/1173/3537 1171/1650/3538 1170/1649/3539
f 792/1173/3540 751/1433/3541 1152/1631/3542 1171/1650/3543
f 783/1171/3544 750/1174/3545 1170/1649/3546 1172/1651/3547
f 749/1172/3548 783/1171/3549 1172/1651/3550 1158/1639/3551
g default
v -2.674495 13.231638 2.460145
v -2.628180 13.262217 2.417155
v -2.586407 13.316400 2.401419
v -2.560370 13.379669 2.417154
v -2.557044 13.435068 2.460145
v -2.577322 13.467757 2.518870
v -2.615770 13.468974 2.577596
v -2.662085 13.438394 2.620586
v -2.703858 13.384211 2.636321
v -2.729896 13.320943 2.620586
v -2.733221 13.265543 2.577596
v -2.712943 13.232854 2.518870
v -2.584920 13.053543 2.483379
v -2.495446 13.112620 2.400329
v -2.414747 13.217291 2.369930
v -2.364446 13.339518 2.400329
v -2.358022 13.446541 2.483379
v -2.397196 13.509690 2.596828
v -2.471472 13.512042 2.710277
v -2.560945 13.452967 2.793328
v -2.641645 13.348292 2.823726
v -2.691945 13.226069 2.793328
v -2.698370 13.119043 2.710277
v -2.659195 13.055895 2.596828
v -2.422398 12.851186 2.560400
v -2.295861 12.934732 2.442948
v -2.181735 13.082763 2.399958
v -2.110600 13.255615 2.442948
v -2.101515 13.406970 2.560400
v -2.156916 13.496276 2.720841
v -2.261957 13.499603 2.881282
v -2.388493 13.416055 2.998733
v -2.502618 13.268025 3.041724
v -2.573754 13.095173 2.998733
v -2.582838 12.943816 2.881283
v -2.527438 12.854512 2.720841
v -2.198002 12.638358 2.685958
v -2.043027 12.740681 2.542111
v -1.903252 12.921981 2.489458
v -1.816129 13.133680 2.542110
v -1.805002 13.319052 2.685957
v -1.872854 13.428429 2.882458
v -2.001501 13.432501 3.078958
v -2.156476 13.330179 3.222805
v -2.296252 13.148879 3.275457
v -2.383375 12.937180 3.222805
v -2.394501 12.751807 3.078957
v -2.326650 12.642431 2.882458
v -1.927025 12.429563 2.851497
v -1.754174 12.543688 2.691057
v -1.598275 12.745903 2.632331
v -1.501102 12.982022 2.691056
v -1.488692 13.188779 2.851498
v -1.564370 13.310772 3.070664
v -1.707858 13.315314 3.289831
v -1.880710 13.201189 3.450272
v -2.036609 12.998974 3.508997
v -2.133782 12.762855 3.450272
v -2.146192 12.556098 3.289831
v -2.070514 12.434105 3.070664
v -1.627935 12.239027 3.045737
v -1.448987 12.357180 2.879636
v -1.287588 12.566527 2.818838
v -1.186987 12.810976 2.879635
v -1.174139 13.025026 3.045737
v -1.252487 13.151323 3.272635
v -1.401037 13.156026 3.499533
v -1.579986 13.037874 3.665634
v -1.741385 12.828525 3.726431
v -1.841986 12.584078 3.665634
v -1.854834 12.370027 3.499533
v -1.776486 12.243730 3.272635
v -1.321114 12.079739 3.255438
v -1.148262 12.193864 3.094998
v -0.992363 12.396079 3.036272
v -0.895190 12.632198 3.094997
v -0.882780 12.838954 3.255438
v -0.958458 12.960949 3.474605
v -1.101947 12.965492 3.693772
v -1.274798 12.851364 3.854213
v -1.430697 12.649151 3.912938
v -1.527870 12.413030 3.854213
v -1.540281 12.206275 3.693772
v -1.464602 12.084282 3.474605
v -1.027470 11.962553 3.466312
v -0.872496 12.064874 3.322464
v -0.732721 12.246175 3.269813
v -0.645598 12.457873 3.322465
v -0.634471 12.643247 3.466312
v -0.702323 12.752622 3.662812
v -0.830970 12.756696 3.859311
v -0.985944 12.654373 4.003159
v -1.125720 12.473073 4.055811
v -1.212843 12.261373 4.003159
v -1.223969 12.076002 3.859311
v -1.156119 11.966624 3.662812
v -0.767016 11.895451 3.663988
v -0.640480 11.978997 3.546536
v -0.526354 12.127028 3.503546
v -0.455219 12.299879 3.546536
v -0.446134 12.451236 3.663988
v -0.501534 12.540541 3.824429
v -0.606575 12.543867 3.984870
v -0.733111 12.460320 4.102321
v -0.847237 12.312290 4.145311
v -0.918372 12.139438 4.102321
v -0.927457 11.988083 3.984870
v -0.872057 11.898776 3.824429
v -0.557501 11.883012 3.834992
v -0.468026 11.942087 3.751941
v -0.387327 12.046761 3.721543
v -0.337026 12.168985 3.751941
v -0.330602 12.276010 3.834992
v -0.369776 12.339159 3.948442
v -0.444052 12.341510 4.061890
v -0.533526 12.282434 4.144941
v -0.614226 12.177761 4.175339
v -0.664526 12.055536 4.144941
v -0.670950 11.948512 4.061890
v -0.631776 11.885363 3.948441
v -0.413203 11.926080 3.967673
v -0.366888 11.956658 3.924683
v -0.325114 12.010841 3.908948
v -0.299077 12.074111 3.924683
v -0.295751 12.129511 3.967673
v -0.316030 12.162198 4.026399
v -0.354477 12.163416 4.085125
v -0.400793 12.132835 4.128115
v -0.442565 12.078653 4.143850
v -0.468603 12.015384 4.128114
v -0.471928 11.959985 4.085125
v -0.451650 11.927297 4.026399
v -2.685017 13.373334 2.492280
v -0.343954 12.021720 4.052989
v 2.674495 13.231637 2.460145
v 2.628179 13.262217 2.417155
v 2.586407 13.316400 2.401420
v 2.560369 13.379668 2.417155
v 2.557044 13.435069 2.460145
v 2.577322 13.467757 2.518870
v 2.615768 13.468973 2.577596
v 2.662084 13.438394 2.620586
v 2.703857 13.384211 2.636321
v 2.729895 13.320943 2.620586
v 2.733220 13.265542 2.577596
v 2.712942 13.232855 2.518871
v 2.584920 13.053543 2.483379
v 2.495446 13.112619 2.400328
v 2.414746 13.217292 2.369930
v 2.364446 13.339517 2.400329
v 2.358023 13.446542 2.483380
v 2.397196 13.509690 2.596828
v 2.471471 13.512042 2.710277
v 2.560945 13.452966 2.793327
v 2.641644 13.348292 2.823726
v 2.691945 13.226068 2.793328
v 2.698369 13.119043 2.710277
v 2.659195 13.055894 2.596828
v 2.422397 12.851186 2.560400
v 2.295861 12.934732 2.442948
v 2.181735 13.082764 2.399958
v 2.110599 13.255615 2.442948
v 2.101514 13.406970 2.560400
v 2.156914 13.496277 2.720841
v 2.261955 13.499602 2.881282
v 2.388492 13.416055 2.998733
v 2.502617 13.268024 3.041723
v 2.573753 13.095174 2.998733
v 2.582838 12.943817 2.881282
v 2.527437 12.854512 2.720841
v 2.198001 12.638358 2.685958
v 2.043027 12.740681 2.542110
v 1.903252 12.921981 2.489458
v 1.816128 13.133680 2.542110
v 1.805002 13.319052 2.685958
v 1.872852 13.428429 2.882458
v 2.001501 13.432501 3.078957
v 2.156476 13.330179 3.222805
v 2.296251 13.148879 3.275457
v 2.383374 12.937180 3.222805
v 2.394501 12.751807 3.078957
v 2.326650 12.642431 2.882458
v 1.927025 12.429562 2.851498
v 1.754173 12.543688 2.691056
v 1.598274 12.745903 2.632330
v 1.501102 12.982022 2.691056
v 1.488691 13.188778 2.851497
v 1.564369 13.310771 3.070664
v 1.707858 13.315313 3.289831
v 1.880710 13.201189 3.450272
v 2.036608 12.998974 3.508997
v 2.133781 12.762855 3.450272
v 2.146192 12.556098 3.289831
v 2.070514 12.434105 3.070664
v 1.627935 12.239028 3.045736
v 1.448986 12.357180 2.879635
v 1.287587 12.566527 2.818838
v 1.186987 12.810976 2.879635
v 1.174138 13.025026 3.045736
v 1.252486 13.151323 3.272635
v 1.401037 13.156026 3.499533
v 1.579986 13.037874 3.665634
v 1.741384 12.828526 3.726431
v 1.841985 12.584078 3.665634
v 1.854832 12.370027 3.499533
v 1.776485 12.243731 3.272635
v 1.321113 12.079739 3.255438
v 1.148262 12.193865 3.094998
v 0.992363 12.396078 3.036272
v 0.895190 12.632198 3.094997
v 0.882779 12.838954 3.255439
v 0.958458 12.960948 3.474605
v 1.101947 12.965491 3.693772
v 1.274798 12.851365 3.854213
v 1.430696 12.649151 3.912939
v 1.527870 12.413031 3.854213
v 1.540280 12.206274 3.693772
v 1.464602 12.084282 3.474605
v 1.027470 11.962552 3.466312
v 0.872495 12.064874 3.322465
v 0.732720 12.246174 3.269813
v 0.645597 12.457873 3.322465
v 0.634470 12.643246 3.466312
v 0.702322 12.752622 3.662812
v 0.830970 12.756695 3.859311
v 0.985944 12.654373 4.003159
v 1.125720 12.473072 4.055811
v 1.212842 12.261373 4.003159
v 1.223969 12.076001 3.859312
v 1.156118 11.966624 3.662812
v 0.767016 11.895452 3.663987
v 0.640480 11.978998 3.546536
v 0.526354 12.127028 3.503546
v 0.455218 12.299880 3.546536
v 0.446133 12.451236 3.663988
v 0.501533 12.540541 3.824429
v 0.606575 12.543867 3.984870
v 0.733110 12.460321 4.102321
v 0.847236 12.312290 4.145311
v 0.918372 12.139438 4.102321
v 0.927457 11.988082 3.984869
v 0.872057 11.898776 3.824429
v 0.557500 11.883012 3.834992
v 0.468026 11.942087 3.751941
v 0.387326 12.046761 3.721543
v 0.337026 12.168985 3.751942
v 0.330602 12.276010 3.834992
v 0.369776 12.339159 3.948441
v 0.444051 12.341510 4.061890
v 0.533525 12.282434 4.144941
v 0.614225 12.177761 4.175339
v 0.664525 12.055536 4.144941
v 0.670949 11.948512 4.061890
v 0.631775 11.885363 3.948441
v 0.413202 11.926079 3.967673
v 0.366887 11.956659 3.924683
v 0.325114 12.010842 3.908948
v 0.299076 12.074111 3.924683
v 0.295751 12.129510 3.967674
v 0.316029 12.162199 4.026399
v 0.354476 12.163416 4.085125
v 0.400792 12.132836 4.128114
v 0.442565 12.078653 4.143851
v 0.468602 12.015385 4.128114
v 0.471927 11.959984 4.085125
v 0.451649 11.927296 4.026399
v 2.685016 13.373334 2.492280
v 0.343955 12.021719 4.052989
vt 0.000000 0.083333
vt 0.083333 0.083333
vt 0.166667 0.083333
vt 0.250000 0.083333
vt 0.333333 0.083333
vt 0.416667 0.083333
vt 0.500000 0.083333
vt 0.583333 0.083333
vt 0.666667 0.083333
vt 0.750000 0.083333
vt 0.833333 0.083333
vt 0.916667 0.083333
vt 1.000000 0.083333
vt 0.000000 0.166667
vt 0.083333 0.166667
vt 0.166667 0.166667
vt 0.250000 0.166667
vt 0.333333 0.166667
vt 0.416667 0.166667
vt 0.500000 0.166667
vt 0.583333 0.166667
vt 0.666667 0.166667
vt 0.750000 0.166667
vt 0.833333 0.166667
vt 0.916667 0.166667
vt 1.000000 0.166667
vt 0.000000 0.250000
vt 0.083333 0.250000
vt 0.166667 0.250000
vt 0.250000 0.250000
vt 0.333333 0.250000
vt 0.416667 0.250000
vt 0.500000 0.250000
vt 0.583333 0.250000
vt 0.666667 0.250000
vt 0.750000 0.250000
vt 0.833333 0.250000
vt 0.916667 0.250000
vt 1.000000 0.250000
vt 0.000000 0.333333
vt 0.083333 0.333333
vt 0.166667 0.333333
vt 0.250000 0.333333
vt 0.333333 0.333333
vt 0.416667 0.333333
vt 0.500000 0.333333
vt 0.583333 0.333333
vt 0.666667 0.333333
vt 0.750000 0.333333
vt 0.833333 0.333333
vt 0.916667 0.333333
vt 1.000000 0.333333
vt 0.000000 0.416667
vt 0.083333 0.416667
vt 0.166667 0.416667
vt 0.250000 0.416667
vt 0.333333 0.416667
vt 0.416667 0.416667
vt 0.500000 0.416667
vt 0.583333 0.416667
vt 0.666667 0.416667
vt 0.750000 0.416667
vt 0.833333 0.416667
vt 0.916667 0.416667
vt 1.000000 0.416667
vt 0.000000 0.500000
vt 0.083333 0.500000
vt 0.166667 0.500000
vt 0.250000 0.500000
vt 0.333333 0.500000
vt 0.416667 0.500000
vt 0.500000 0.500000
vt 0.583333 0.500000
vt 0.666667 0.500000
vt 0.750000 0.500000
vt 0.833333 0.500000
vt 0.916667 0.500000
vt 1.000000 0.500000
vt 0.000000 0.583333
vt 0.083333 0.583333
vt 0.166667 0.583333
vt 0.250000 0.583333
vt 0.333333 0.583333
vt 0.416667 0.583333
vt 0.500000 0.583333
vt 0.583333 0.583333
vt 0.666667 0.583333
vt 0.750000 0.583333
vt 0.833333 0.583333
vt 0.916667 0.583333
vt 1.000000 0.583333
vt 0.000000 0.666667
vt 0.083333 0.666667
vt 0.166667 0.666667
vt 0.250000 0.666667
vt 0.333333 0.666667
vt 0.416667 0.666667
vt 0.500000 0.666667
vt 0.583333 0.666667
vt 0.666667 0.666667
vt 0.750000 0.666667
vt 0.833333 0.666667
vt 0.916667 0.666667
vt 1.000000 0.666667
vt 0.000000 0.750000
vt 0.083333 0.750000
vt 0.166667 0.750000
vt 0.250000 0.750000
vt 0.333333 0.750000
vt 0.416667 0.750000
vt 0.500000 0.750000
vt 0.583333 0.750000
vt 0.666667 0.750000
vt 0.750000 0.750000
vt 0.833333 0.750000
vt 0.916667 0.750000
vt 1.000000 0.750000
vt 0.000000 0.833333
vt 0.083333 0.833333
vt 0.166667 0.833333
vt 0.250000 0.833333
vt 0.333333 0.833333
vt 0.416667 0.833333
vt 0.500000 0.833333
vt 0.583333 0.833333
vt 0.666667 0.833333
vt 0.750000 0.833333
vt 0.833333 0.833333
vt 0.916667 0.833333
vt 1.000000 0.833333
vt 0.000000 0.916667
vt 0.083333 0.916667
vt 0.166667 0.916667
vt 0.250000 0.916667
vt 0.333333 0.916667
vt 0.416667 0.916667
vt 0.500000 0.916667
vt 0.583333 0.916667
vt 0.666667 0.916667
vt 0.750000 0.916667
vt 0.833333 0.916667
vt 0.916667 0.916667
vt 1.000000 0.916667
vt 0.041667 0.000000
vt 0.125000 0.000000
vt 0.208333 0.000000
vt 0.291667 0.000000
vt 0.375000 0.000000
vt 0.458333 0.000000
vt 0.541667 0.000000
vt 0.625000 0.000000
vt 0.708333 0.000000
vt 0.791667 0.000000
vt 0.875000 0.000000
vt 0.958333 0.000000
vt 0.041667 1.000000
vt 0.125000 1.000000
vt 0.208333 1.000000
vt 0.291667 1.000000
vt 0.375000 1.000000
vt 0.458333 1.000000
vt 0.541667 1.000000
vt 0.625000 1.000000
vt 0.708333 1.000000
vt 0.791667 1.000000
vt 0.875000 1.000000
vt 0.958333 1.000000
vt 0.000000 0.083333
vt 0.083333 0.083333
vt 0.083333 0.166667
vt 0.000000 0.166667
vt 0.166667 0.083333
vt 0.166667 0.166667
vt 0.250000 0.083333
vt 0.250000 0.166667
vt 0.333333 0.083333
vt 0.333333 0.166667
vt 0.416667 0.083333
vt 0.416667 0.166667
vt 0.500000 0.083333
vt 0.500000 0.166667
vt 0.583333 0.083333
vt 0.583333 0.166667
vt 0.666667 0.083333
vt 0.666667 0.166667
vt 0.750000 0.083333
vt 0.750000 0.166667
vt 0.833333 0.083333
vt 0.833333 0.166667
vt 0.916667 0.083333
vt 0.916667 0.166667
vt 1.000000 0.083333
vt 1.000000 0.166667
vt 0.083333 0.250000
vt 0.000000 0.250000
vt 0.166667 0.250000
vt 0.250000 0.250000
vt 0.333333 0.250000
vt 0.416667 0.250000
vt 0.500000 0.250000
vt 0.583333 0.250000
vt 0.666667 0.250000
vt 0.750000 0.250000
vt 0.833333 0.250000
vt 0.916667 0.250000
vt 1.000000 0.250000
vt 0.083333 0.333333
vt 0.000000 0.333333
vt 0.166667 0.333333
vt 0.250000 0.333333
vt 0.333333 0.333333
vt 0.416667 0.333333
vt 0.500000 0.333333
vt 0.583333 0.333333
vt 0.666667 0.333333
vt 0.750000 0.333333
vt 0.833333 0.333333
vt 0.916667 0.333333
vt 1.000000 0.333333
vt 0.083333 0.416667
vt 0.000000 0.416667
vt 0.166667 0.416667
vt 0.250000 0.416667
vt 0.333333 0.416667
vt 0.416667 0.416667
vt 0.500000 0.416667
vt 0.583333 0.416667
vt 0.666667 0.416667
vt 0.750000 0.416667
vt 0.833333 0.416667
vt 0.916667 0.416667
vt 1.000000 0.416667
vt 0.083333 0.500000
vt 0.000000 0.500000
vt 0.166667 0.500000
vt 0.250000 0.500000
vt 0.333333 0.500000
vt 0.416667 0.500000
vt 0.500000 0.500000
vt 0.583333 0.500000
vt 0.666667 0.500000
vt 0.750000 0.500000
vt 0.833333 0.500000
vt 0.916667 0.500000
vt 1.000000 0.500000
vt 0.083333 0.583333
vt 0.000000 0.583333
vt 0.166667 0.583333
vt 0.250000 0.583333
vt 0.333333 0.583333
vt 0.416667 0.583333
vt 0.500000 0.583333
vt 0.583333 0.583333
vt 0.666667 0.583333
vt 0.750000 0.583333
vt 0.833333 0.583333
vt 0.916667 0.583333
vt 1.000000 0.583333
vt 0.083333 0.666667
vt 0.000000 0.666667
vt 0.166667 0.666667
vt 0.250000 0.666667
vt 0.333333 0.666667
vt 0.416667 0.666667
vt 0.500000 0.666667
vt 0.583333 0.666667
vt 0.666667 0.666667
vt 0.750000 0.666667
vt 0.833333 0.666667
vt 0.916667 0.666667
vt 1.000000 0.666667
vt 0.083333 0.750000
vt 0.000000 0.750000
vt 0.166667 0.750000
vt 0.250000 0.750000
vt 0.333333 0.750000
vt 0.416667 0.750000
vt 0.500000 0.750000
vt 0.583333 0.750000
vt 0.666667 0.750000
vt 0.750000 0.750000
vt 0.833333 0.750000
vt 0.916667 0.750000
vt 1.000000 0.750000
vt 0.083333 0.833333
vt 0.000000 0.833333
vt 0.166667 0.833333
vt 0.250000 0.833333
vt 0.333333 0.833333
vt 0.416667 0.833333
vt 0.500000 0.833333
vt 0.583333 0.833333
vt 0.666667 0.833333
vt 0.750000 0.833333
vt 0.833333 0.833333
vt 0.916667 0.833333
vt 1.000000 0.833333
vt 0.083333 0.916667
vt 0.000000 0.916667
vt 0.166667 0.916667
vt 0.250000 0.916667
vt 0.333333 0.916667
vt 0.416667 0.916667
vt 0.500000 0.916667
vt 0.583333 0.916667
vt 0.666667 0.916667
vt 0.750000 0.916667
vt 0.833333 0.916667
vt 0.916667 0.916667
vt 1.000000 0.916667
vt 0.041667 0.000000
vt 0.125000 0.000000
vt 0.208333 0.000000
vt 0.291667 0.000000
vt 0.375000 0.000000
vt 0.458333 0.000000
vt 0.541667 0.000000
vt 0.625000 0.000000
vt 0.708333 0.000000
vt 0.791667 0.000000
vt 0.875000 0.000000
vt 0.958333 0.000000
vt 0.041667 1.000000
vt 0.125000 1.000000
vt 0.208333 1.000000
vt 0.291667 1.000000
vt 0.375000 1.000000
vt 0.458333 1.000000
vt 0.541667 1.000000
vt 0.625000 1.000000
vt 0.708333 1.000000
vt 0.791667 1.000000
vt 0.875000 1.000000
vt 0.958333 1.000000
vn -0.499649 -0.354423 -0.790402
vn -0.499649 -0.354423 -0.790402
vn -0.499649 -0.354423 -0.790402
vn -0.499649 -0.354423 -0.790402
vn -0.234919 -0.099687 -0.966890
vn -0.234919 -0.099687 -0.966890
vn -0.234919 -0.099687 -0.966890
vn -0.234919 -0.099687 -0.966890
vn -0.031130 0.253283 -0.966891
vn -0.031129 0.253283 -0.966891
vn -0.031130 0.253283 -0.966891
vn -0.031130 0.253283 -0.966891
vn 0.057112 0.609927 -0.790397
vn 0.057112 0.609927 -0.790397
vn 0.057113 0.609927 -0.790397
vn 0.057113 0.609927 -0.790397
vn 0.006168 0.874643 -0.484728
vn 0.006168 0.874643 -0.484728
vn 0.006168 0.874643 -0.484728
vn 0.006168 0.874643 -0.484728
vn -0.170319 0.976542 -0.131748
vn -0.170319 0.976542 -0.131748
vn -0.170319 0.976542 -0.131748
vn -0.170319 0.976542 -0.131748
vn -0.425055 0.888299 0.173933
vn -0.425055 0.888299 0.173933
vn -0.425055 0.888299 0.173933
vn -0.425055 0.888299 0.173933
vn -0.689786 0.633562 0.350420
vn -0.689786 0.633562 0.350420
vn -0.689786 0.633563 0.350420
vn -0.689786 0.633562 0.350420
vn -0.893575 0.280589 0.350420
vn -0.893575 0.280589 0.350420
vn -0.893575 0.280589 0.350420
vn -0.893575 0.280589 0.350420
vn -0.981817 -0.076037 0.173938
vn -0.981817 -0.076037 0.173938
vn -0.981817 -0.076037 0.173938
vn -0.981817 -0.076037 0.173938
vn -0.930868 -0.340774 -0.131751
vn -0.930868 -0.340774 -0.131751
vn -0.930868 -0.340774 -0.131751
vn -0.930868 -0.340774 -0.131751
vn -0.754382 -0.442666 -0.484722
vn -0.754382 -0.442666 -0.484722
vn -0.754382 -0.442666 -0.484722
vn -0.754382 -0.442666 -0.484722
vn -0.335607 -0.558319 -0.758714
vn -0.335607 -0.558319 -0.758714
vn -0.335607 -0.558319 -0.758714
vn -0.335607 -0.558319 -0.758714
vn -0.025915 -0.260321 -0.965174
vn -0.025915 -0.260321 -0.965174
vn -0.025915 -0.260321 -0.965174
vn -0.025915 -0.260321 -0.965174
vn 0.212486 0.152601 -0.965175
vn 0.212486 0.152601 -0.965175
vn 0.212486 0.152601 -0.965175
vn 0.212486 0.152601 -0.965175
vn 0.315720 0.569808 -0.758709
vn 0.315720 0.569808 -0.758709
vn 0.315720 0.569808 -0.758709
vn 0.315720 0.569808 -0.758709
vn 0.256120 0.879495 -0.401112
vn 0.256120 0.879495 -0.401112
vn 0.256120 0.879495 -0.401112
vn 0.256120 0.879495 -0.401112
vn 0.049658 0.998696 0.011808
vn 0.049658 0.998696 0.011808
vn 0.049658 0.998696 0.011808
vn 0.049658 0.998696 0.011808
vn -0.248345 0.895465 0.369415
vn -0.248345 0.895465 0.369415
vn -0.248345 0.895465 0.369415
vn -0.248345 0.895465 0.369415
vn -0.558035 0.597465 0.575875
vn -0.558035 0.597465 0.575875
vn -0.558035 0.597465 0.575875
vn -0.558035 0.597465 0.575875
vn -0.796438 0.184540 0.575874
vn -0.796438 0.184540 0.575874
vn -0.796438 0.184540 0.575874
vn -0.796438 0.184540 0.575874
vn -0.899669 -0.232658 0.369414
vn -0.899669 -0.232657 0.369414
vn -0.899669 -0.232657 0.369414
vn -0.899669 -0.232657 0.369414
vn -0.840067 -0.542354 0.011806
vn -0.840067 -0.542354 0.011806
vn -0.840067 -0.542354 0.011806
vn -0.840067 -0.542354 0.011806
vn -0.633611 -0.661551 -0.401108
vn -0.633611 -0.661551 -0.401108
vn -0.633611 -0.661551 -0.401108
vn -0.633611 -0.661551 -0.401108
vn -0.227076 -0.661231 -0.714990
vn -0.227076 -0.661231 -0.714990
vn -0.227076 -0.661231 -0.714990
vn -0.227076 -0.661231 -0.714990
vn 0.099188 -0.347282 -0.932500
vn 0.099188 -0.347282 -0.932500
vn 0.099188 -0.347282 -0.932500
vn 0.099189 -0.347282 -0.932501
vn 0.350348 0.087740 -0.932501
vn 0.350348 0.087740 -0.932501
vn 0.350348 0.087740 -0.932501
vn 0.350348 0.087740 -0.932501
vn 0.459102 0.527272 -0.714990
vn 0.459102 0.527272 -0.714990
vn 0.459102 0.527271 -0.714990
vn 0.459102 0.527272 -0.714990
vn 0.396311 0.853535 -0.338253
vn 0.396311 0.853535 -0.338253
vn 0.396311 0.853535 -0.338253
vn 0.396311 0.853535 -0.338253
vn 0.178803 0.979115 0.096768
vn 0.178803 0.979115 0.096768
vn 0.178803 0.979115 0.096768
vn 0.178803 0.979115 0.096768
vn -0.135148 0.870358 0.473511
vn -0.135148 0.870358 0.473510
vn -0.135148 0.870358 0.473511
vn -0.135148 0.870358 0.473510
vn -0.461411 0.556412 0.691018
vn -0.461411 0.556412 0.691018
vn -0.461411 0.556412 0.691018
vn -0.461411 0.556412 0.691018
vn -0.712572 0.121389 0.691018
vn -0.712572 0.121389 0.691018
vn -0.712572 0.121389 0.691018
vn -0.712572 0.121389 0.691018
vn -0.821327 -0.318140 0.473508
vn -0.821327 -0.318140 0.473508
vn -0.821327 -0.318140 0.473508
vn -0.821327 -0.318140 0.473508
vn -0.758537 -0.644405 0.096768
vn -0.758537 -0.644405 0.096768
vn -0.758537 -0.644405 0.096768
vn -0.758537 -0.644405 0.096768
vn -0.541028 -0.769984 -0.338250
vn -0.541028 -0.769984 -0.338250
vn -0.541028 -0.769984 -0.338250
vn -0.541028 -0.769984 -0.338250
vn -0.146797 -0.724474 -0.673489
vn -0.146797 -0.724474 -0.673489
vn -0.146797 -0.724474 -0.673489
vn -0.146797 -0.724474 -0.673489
vn 0.186427 -0.403832 -0.895637
vn 0.186427 -0.403832 -0.895636
vn 0.186427 -0.403832 -0.895637
vn 0.186427 -0.403832 -0.895637
vn 0.442941 0.040466 -0.895637
vn 0.442941 0.040466 -0.895637
vn 0.442941 0.040466 -0.895637
vn 0.442941 0.040466 -0.895637
vn 0.554016 0.489368 -0.673488
vn 0.554016 0.489368 -0.673488
vn 0.554016 0.489368 -0.673488
vn 0.554016 0.489367 -0.673488
vn 0.489886 0.822591 -0.288715
vn 0.489886 0.822591 -0.288715
vn 0.489886 0.822591 -0.288715
vn 0.489886 0.822591 -0.288715
vn 0.267738 0.950847 0.155583
vn 0.267738 0.950847 0.155583
vn 0.267738 0.950847 0.155583
vn 0.267738 0.950847 0.155583
vn -0.052905 0.839774 0.540353
vn -0.052905 0.839774 0.540353
vn -0.052905 0.839774 0.540353
vn -0.052905 0.839774 0.540353
vn -0.386128 0.519129 0.762502
vn -0.386128 0.519129 0.762502
vn -0.386128 0.519129 0.762502
vn -0.386128 0.519129 0.762502
vn -0.642643 0.074832 0.762503
vn -0.642643 0.074832 0.762503
vn -0.642643 0.074832 0.762503
vn -0.642643 0.074832 0.762502
vn -0.753717 -0.374070 0.540354
vn -0.753717 -0.374070 0.540354
vn -0.753717 -0.374070 0.540354
vn -0.753717 -0.374070 0.540354
vn -0.689588 -0.707292 0.155583
vn -0.689588 -0.707292 0.155583
vn -0.689588 -0.707292 0.155583
vn -0.689588 -0.707292 0.155583
vn -0.467440 -0.835550 -0.288716
vn -0.467440 -0.835550 -0.288716
vn -0.467440 -0.835550 -0.288716
vn -0.467440 -0.835550 -0.288716
vn -0.079316 -0.769960 -0.633144
vn -0.079316 -0.769960 -0.633144
vn -0.079316 -0.769960 -0.633144
vn -0.079316 -0.769960 -0.633144
vn 0.256593 -0.446730 -0.857084
vn 0.256593 -0.446730 -0.857084
vn 0.256593 -0.446730 -0.857084
vn 0.256593 -0.446730 -0.857084
vn 0.515176 0.001148 -0.857083
vn 0.515176 0.001148 -0.857083
vn 0.515176 0.001148 -0.857084
vn 0.515176 0.001148 -0.857083
vn 0.627147 0.453671 -0.633143
vn 0.627147 0.453671 -0.633143
vn 0.627147 0.453671 -0.633143
vn 0.627147 0.453671 -0.633143
vn 0.562500 0.789581 -0.245267
vn 0.562500 0.789581 -0.245267
vn 0.562500 0.789581 -0.245267
vn 0.562500 0.789581 -0.245267
vn 0.338560 0.918872 0.202611
vn 0.338560 0.918872 0.202611
vn 0.338560 0.918872 0.202611
vn 0.338560 0.918872 0.202611
vn 0.015332 0.806903 0.590486
vn 0.015332 0.806902 0.590486
vn 0.015332 0.806903 0.590486
vn 0.015332 0.806902 0.590486
vn -0.320579 0.483671 0.814427
vn -0.320579 0.483671 0.814427
vn -0.320579 0.483671 0.814427
vn -0.320579 0.483671 0.814427
vn -0.579162 0.035793 0.814426
vn -0.579162 0.035793 0.814426
vn -0.579162 0.035793 0.814426
vn -0.579162 0.035793 0.814426
vn -0.691133 -0.416728 0.590486
vn -0.691133 -0.416728 0.590486
vn -0.691133 -0.416728 0.590486
vn -0.691133 -0.416728 0.590486
vn -0.626487 -0.752638 0.202611
vn -0.626487 -0.752638 0.202611
vn -0.626487 -0.752638 0.202611
vn -0.626487 -0.752638 0.202611
vn -0.402547 -0.881929 -0.245268
vn -0.402547 -0.881929 -0.245268
vn -0.402547 -0.881929 -0.245268
vn -0.402547 -0.881929 -0.245268
vn -0.015331 -0.806902 -0.590487
vn -0.015331 -0.806902 -0.590487
vn -0.015331 -0.806901 -0.590487
vn -0.015331 -0.806901 -0.590487
vn 0.320577 -0.483673 -0.814426
vn 0.320577 -0.483673 -0.814426
vn 0.320577 -0.483673 -0.814426
vn 0.320577 -0.483673 -0.814426
vn 0.579162 -0.035793 -0.814427
vn 0.579162 -0.035793 -0.814427
vn 0.579162 -0.035793 -0.814427
vn 0.579162 -0.035793 -0.814427
vn 0.691132 0.416727 -0.590487
vn 0.691132 0.416727 -0.590487
vn 0.691132 0.416727 -0.590487
vn 0.691132 0.416727 -0.590487
vn 0.626486 0.752638 -0.202613
vn 0.626486 0.752638 -0.202613
vn 0.626486 0.752638 -0.202613
vn 0.626486 0.752638 -0.202613
vn 0.402545 0.881931 0.245267
vn 0.402545 0.881931 0.245267
vn 0.402545 0.881930 0.245267
vn 0.402545 0.881930 0.245267
vn 0.079315 0.769959 0.633145
vn 0.079315 0.769959 0.633145
vn 0.079315 0.769959 0.633145
vn 0.079315 0.769959 0.633145
vn -0.256593 0.446730 0.857084
vn -0.256593 0.446730 0.857084
vn -0.256593 0.446730 0.857084
vn -0.256593 0.446730 0.857084
vn -0.515176 -0.001149 0.857084
vn -0.515176 -0.001149 0.857084
vn -0.515176 -0.001149 0.857084
vn -0.515176 -0.001149 0.857084
vn -0.627148 -0.453670 0.633143
vn -0.627148 -0.453670 0.633143
vn -0.627148 -0.453670 0.633143
vn -0.627148 -0.453670 0.633143
vn -0.562500 -0.789581 0.245266
vn -0.562500 -0.789581 0.245266
vn -0.562500 -0.789581 0.245266
vn -0.562500 -0.789581 0.245266
vn -0.338560 -0.918872 -0.202611
vn -0.338560 -0.918872 -0.202611
vn -0.338560 -0.918872 -0.202611
vn -0.338560 -0.918872 -0.202611
vn 0.052905 -0.839774 -0.540352
vn 0.052905 -0.839774 -0.540352
vn 0.052905 -0.839774 -0.540352
vn 0.052905 -0.839774 -0.540352
vn 0.386129 -0.519130 -0.762502
vn 0.386129 -0.519130 -0.762502
vn 0.386129 -0.519130 -0.762502
vn 0.386129 -0.519130 -0.762502
vn 0.642644 -0.074832 -0.762502
vn 0.642644 -0.074832 -0.762502
vn 0.642644 -0.074832 -0.762502
vn 0.642644 -0.074832 -0.762502
vn 0.753717 0.374067 -0.540356
vn 0.753717 0.374067 -0.540356
vn 0.753717 0.374067 -0.540356
vn 0.753717 0.374067 -0.540356
vn 0.689589 0.707292 -0.155580
vn 0.689589 0.707292 -0.155580
vn 0.689589 0.707292 -0.155580
vn 0.689589 0.707292 -0.155580
vn 0.467443 0.835548 0.288714
vn 0.467443 0.835548 0.288714
vn 0.467443 0.835548 0.288714
vn 0.467443 0.835548 0.288714
vn 0.146794 0.724474 0.673490
vn 0.146794 0.724474 0.673490
vn 0.146794 0.724474 0.673490
vn 0.146794 0.724474 0.673490
vn -0.186427 0.403832 0.895637
vn -0.186427 0.403832 0.895637
vn -0.186427 0.403832 0.895637
vn -0.186427 0.403832 0.895637
vn -0.442940 -0.040464 0.895638
vn -0.442940 -0.040464 0.895638
vn -0.442940 -0.040464 0.895638
vn -0.442940 -0.040464 0.895638
vn -0.554013 -0.489371 0.673488
vn -0.554013 -0.489371 0.673488
vn -0.554013 -0.489371 0.673488
vn -0.554013 -0.489371 0.673488
vn -0.489885 -0.822590 0.288718
vn -0.489885 -0.822590 0.288718
vn -0.489885 -0.822590 0.288718
vn -0.489885 -0.822590 0.288718
vn -0.267736 -0.950848 -0.155583
vn -0.267736 -0.950848 -0.155583
vn -0.267736 -0.950848 -0.155583
vn -0.267736 -0.950848 -0.155583
vn 0.135144 -0.870360 -0.473507
vn 0.135144 -0.870360 -0.473507
vn 0.135144 -0.870360 -0.473507
vn 0.135144 -0.870360 -0.473507
vn 0.461412 -0.556409 -0.691020
vn 0.461412 -0.556409 -0.691019
vn 0.461412 -0.556409 -0.691019
vn 0.461412 -0.556409 -0.691019
vn 0.712571 -0.121389 -0.691019
vn 0.712571 -0.121389 -0.691019
vn 0.712571 -0.121389 -0.691019
vn 0.712571 -0.121389 -0.691019
vn 0.821328 0.318137 -0.473508
vn 0.821328 0.318137 -0.473508
vn 0.821328 0.318137 -0.473508
vn 0.821328 0.318137 -0.473508
vn 0.758537 0.644405 -0.096765
vn 0.758537 0.644405 -0.096765
vn 0.758537 0.644405 -0.096765
vn 0.758537 0.644405 -0.096765
vn 0.541029 0.769984 0.338249
vn 0.541029 0.769984 0.338249
vn 0.541029 0.769984 0.338249
vn 0.541029 0.769984 0.338249
vn 0.227079 0.661227 0.714992
vn 0.227079 0.661227 0.714992
vn 0.227079 0.661227 0.714992
vn 0.227079 0.661227 0.714992
vn -0.099187 0.347280 0.932501
vn -0.099187 0.347280 0.932501
vn -0.099187 0.347280 0.932501
vn -0.099187 0.347280 0.932501
vn -0.350347 -0.087739 0.932501
vn -0.350347 -0.087739 0.932501
vn -0.350347 -0.087740 0.932501
vn -0.350347 -0.087740 0.932501
vn -0.459103 -0.527272 0.714988
vn -0.459103 -0.527272 0.714988
vn -0.459103 -0.527272 0.714988
vn -0.459103 -0.527272 0.714988
vn -0.396316 -0.853532 0.338255
vn -0.396316 -0.853532 0.338255
vn -0.396316 -0.853532 0.338255
vn -0.396316 -0.853532 0.338255
vn -0.178803 -0.979114 -0.096773
vn -0.178803 -0.979114 -0.096773
vn -0.178803 -0.979114 -0.096773
vn -0.178803 -0.979114 -0.096773
vn 0.248342 -0.895467 -0.369411
vn 0.248342 -0.895467 -0.369411
vn 0.248342 -0.895467 -0.369411
vn 0.248342 -0.895467 -0.369411
vn 0.558037 -0.597463 -0.575875
vn 0.558037 -0.597463 -0.575875
vn 0.558037 -0.597463 -0.575875
vn 0.558037 -0.597463 -0.575875
vn 0.796437 -0.184544 -0.575875
vn 0.796437 -0.184544 -0.575875
vn 0.796437 -0.184544 -0.575875
vn 0.796437 -0.184544 -0.575875
vn 0.899667 0.232664 -0.369413
vn 0.899667 0.232664 -0.369413
vn 0.899668 0.232664 -0.369413
vn 0.899667 0.232664 -0.369413
vn 0.840067 0.542354 -0.011813
vn 0.840067 0.542354 -0.011813
vn 0.840067 0.542354 -0.011813
vn 0.840067 0.542354 -0.011813
vn 0.633605 0.661554 0.401112
vn 0.633605 0.661554 0.401112
vn 0.633605 0.661554 0.401112
vn 0.633605 0.661554 0.401112
vn 0.335604 0.558324 0.758712
vn 0.335604 0.558324 0.758712
vn 0.335604 0.558324 0.758712
vn 0.335604 0.558324 0.758712
vn 0.025912 0.260322 0.965174
vn 0.025912 0.260322 0.965174
vn 0.025912 0.260322 0.965174
vn 0.025912 0.260322 0.965174
vn -0.212489 -0.152601 0.965174
vn -0.212489 -0.152601 0.965174
vn -0.212489 -0.152601 0.965174
vn -0.212489 -0.152601 0.965174
vn -0.315719 -0.569806 0.758711
vn -0.315719 -0.569806 0.758711
vn -0.315719 -0.569806 0.758711
vn -0.315719 -0.569806 0.758711
vn -0.256119 -0.879494 0.401115
vn -0.256119 -0.879494 0.401115
vn -0.256119 -0.879494 0.401115
vn -0.256119 -0.879494 0.401115
vn -0.049654 -0.998697 -0.011812
vn -0.049655 -0.998697 -0.011812
vn -0.049654 -0.998697 -0.011812
vn -0.049654 -0.998697 -0.011812
vn 0.425050 -0.888302 -0.173929
vn 0.425050 -0.888302 -0.173929
vn 0.425050 -0.888302 -0.173929
vn 0.425050 -0.888302 -0.173929
vn 0.689787 -0.633561 -0.350421
vn 0.689787 -0.633561 -0.350421
vn 0.689787 -0.633561 -0.350421
vn 0.689787 -0.633561 -0.350421
vn 0.893573 -0.280594 -0.350420
vn 0.893573 -0.280594 -0.350420
vn 0.893573 -0.280594 -0.350420
vn 0.893573 -0.280594 -0.350420
vn 0.981818 0.076040 -0.173932
vn 0.981817 0.076040 -0.173932
vn 0.981818 0.076040 -0.173932
vn 0.981817 0.076040 -0.173932
vn 0.930870 0.340769 0.131752
vn 0.930870 0.340769 0.131752
vn 0.930870 0.340768 0.131752
vn 0.930870 0.340769 0.131752
vn 0.754384 0.442663 0.484721
vn 0.754384 0.442662 0.484721
vn 0.754384 0.442662 0.484721
vn 0.754384 0.442662 0.484721
vn 0.499648 0.354419 0.790404
vn 0.499648 0.354419 0.790404
vn 0.499648 0.354419 0.790404
vn 0.499648 0.354419 0.790404
vn 0.234919 0.099684 0.966890
vn 0.234919 0.099684 0.966890
vn 0.234919 0.099684 0.966890
vn 0.234919 0.099684 0.966890
vn 0.031131 -0.253287 0.966890
vn 0.031131 -0.253287 0.966890
vn 0.031131 -0.253287 0.966890
vn 0.031131 -0.253287 0.966890
vn -0.057114 -0.609923 0.790400
vn -0.057114 -0.609923 0.790400
vn -0.057114 -0.609923 0.790400
vn -0.057114 -0.609923 0.790400
vn -0.006165 -0.874647 0.484721
vn -0.006165 -0.874647 0.484721
vn -0.006165 -0.874647 0.484721
vn -0.006165 -0.874647 0.484721
vn 0.170322 -0.976541 0.131750
vn 0.170322 -0.976541 0.131750
vn 0.170322 -0.976541 0.131750
vn 0.170322 -0.976541 0.131750
vn -0.712742 0.104380 -0.693617
vn -0.712742 0.104380 -0.693617
vn -0.712742 0.104380 -0.693617
vn -0.586274 0.226071 -0.777930
vn -0.586274 0.226071 -0.777930
vn -0.586274 0.226071 -0.777930
vn -0.488925 0.394684 -0.777931
vn -0.488925 0.394684 -0.777931
vn -0.488925 0.394684 -0.777931
vn -0.446762 0.565078 -0.693607
vn -0.446762 0.565078 -0.693607
vn -0.446762 0.565078 -0.693607
vn -0.471094 0.691520 -0.547603
vn -0.471094 0.691521 -0.547603
vn -0.471094 0.691520 -0.547603
vn -0.555411 0.740202 -0.378972
vn -0.555411 0.740202 -0.378972
vn -0.555411 0.740202 -0.378972
vn -0.677104 0.698047 -0.232940
vn -0.677104 0.698047 -0.232940
vn -0.677104 0.698047 -0.232940
vn -0.803571 0.576354 -0.148630
vn -0.803571 0.576354 -0.148630
vn -0.803571 0.576354 -0.148630
vn -0.900922 0.407736 -0.148631
vn -0.900922 0.407736 -0.148631
vn -0.900922 0.407736 -0.148631
vn -0.943076 0.237368 -0.232945
vn -0.943077 0.237368 -0.232945
vn -0.943077 0.237368 -0.232945
vn -0.918739 0.110905 -0.378971
vn -0.918739 0.110905 -0.378971
vn -0.918739 0.110905 -0.378971
vn -0.834425 0.062226 -0.547597
vn -0.834425 0.062226 -0.547597
vn -0.834425 0.062226 -0.547597
vn 0.677098 -0.698051 0.232946
vn 0.677098 -0.698051 0.232946
vn 0.677098 -0.698051 0.232946
vn 0.803566 -0.576359 0.148632
vn 0.803566 -0.576359 0.148632
vn 0.803566 -0.576359 0.148632
vn 0.900924 -0.407730 0.148632
vn 0.900924 -0.407730 0.148632
vn 0.900924 -0.407730 0.148632
vn 0.943077 -0.237370 0.232939
vn 0.943077 -0.237370 0.232939
vn 0.943077 -0.237370 0.232939
vn 0.918737 -0.110895 0.378978
vn 0.918737 -0.110895 0.378978
vn 0.918737 -0.110895 0.378978
vn 0.834435 -0.062223 0.547583
vn 0.834435 -0.062223 0.547583
vn 0.834435 -0.062223 0.547583
vn 0.712732 -0.104382 0.693627
vn 0.712732 -0.104382 0.693627
vn 0.712732 -0.104382 0.693627
vn 0.586277 -0.226065 0.777929
vn 0.586277 -0.226065 0.777929
vn 0.586277 -0.226065 0.777929
vn 0.488919 -0.394694 0.777930
vn 0.488919 -0.394694 0.777930
vn 0.488919 -0.394694 0.777930
vn 0.446764 -0.565064 0.693617
vn 0.446764 -0.565064 0.693617
vn 0.446764 -0.565064 0.693617
vn 0.471103 -0.691529 0.547585
vn 0.471103 -0.691529 0.547585
vn 0.471103 -0.691529 0.547585
vn 0.555411 -0.740204 0.378969
vn 0.555411 -0.740204 0.378969
vn 0.555411 -0.740204 0.378969
vn 0.499647 -0.354420 -0.790404
vn 0.499647 -0.354420 -0.790404
vn 0.499647 -0.354420 -0.790404
vn 0.499647 -0.354420 -0.790404
vn 0.234917 -0.099682 -0.966891
vn 0.234917 -0.099682 -0.966891
vn 0.234917 -0.099682 -0.966891
vn 0.234917 -0.099682 -0.966891
vn 0.031132 0.253287 -0.966890
vn 0.031132 0.253287 -0.966890
vn 0.031132 0.253287 -0.966890
vn 0.031132 0.253287 -0.966890
vn -0.057114 0.609920 -0.790402
vn -0.057114 0.609920 -0.790402
vn -0.057114 0.609920 -0.790402
vn -0.057114 0.609920 -0.790402
vn -0.006170 0.874648 -0.484720
vn -0.006170 0.874648 -0.484720
vn -0.006170 0.874648 -0.484720
vn -0.006170 0.874648 -0.484720
vn 0.170321 0.976541 -0.131750
vn 0.170321 0.976541 -0.131750
vn 0.170321 0.976541 -0.131750
vn 0.170321 0.976541 -0.131750
vn 0.425054 0.888301 0.173928
vn 0.425054 0.888301 0.173928
vn 0.425054 0.888301 0.173928
vn 0.425054 0.888301 0.173928
vn 0.689787 0.633560 0.350422
vn 0.689787 0.633560 0.350422
vn 0.689787 0.633560 0.350422
vn 0.689787 0.633560 0.350422
vn 0.893573 0.280594 0.350421
vn 0.893573 0.280594 0.350421
vn 0.893573 0.280594 0.350421
vn 0.893573 0.280594 0.350421
vn 0.981817 -0.076042 0.173934
vn 0.981817 -0.076042 0.173934
vn 0.981817 -0.076042 0.173934
vn 0.981817 -0.076042 0.173934
vn 0.930870 -0.340767 -0.131751
vn 0.930870 -0.340767 -0.131751
vn 0.930870 -0.340767 -0.131751
vn 0.930870 -0.340767 -0.131751
vn 0.754386 -0.442663 -0.484717
vn 0.754386 -0.442663 -0.484717
vn 0.754386 -0.442663 -0.484717
vn 0.754386 -0.442663 -0.484717
vn 0.335605 -0.558322 -0.758713
vn 0.335605 -0.558322 -0.758713
vn 0.335605 -0.558322 -0.758713
vn 0.335605 -0.558322 -0.758713
vn 0.025912 -0.260320 -0.965175
vn 0.025912 -0.260320 -0.965175
vn 0.025912 -0.260320 -0.965175
vn 0.025912 -0.260320 -0.965175
vn -0.212487 0.152603 -0.965174
vn -0.212487 0.152603 -0.965174
vn -0.212487 0.152603 -0.965174
vn -0.212487 0.152603 -0.965174
vn -0.315718 0.569807 -0.758711
vn -0.315718 0.569807 -0.758711
vn -0.315718 0.569807 -0.758711
vn -0.315718 0.569807 -0.758711
vn -0.256117 0.879495 -0.401115
vn -0.256117 0.879495 -0.401115
vn -0.256117 0.879495 -0.401115
vn -0.256117 0.879495 -0.401115
vn -0.049659 0.998697 0.011805
vn -0.049659 0.998697 0.011805
vn -0.049659 0.998697 0.011805
vn -0.049659 0.998697 0.011805
vn 0.248346 0.895463 0.369418
vn 0.248346 0.895463 0.369418
vn 0.248346 0.895464 0.369418
vn 0.248346 0.895463 0.369418
vn 0.558037 0.597463 0.575876
vn 0.558037 0.597463 0.575876
vn 0.558037 0.597463 0.575876
vn 0.558037 0.597463 0.575876
vn 0.796436 0.184543 0.575876
vn 0.796436 0.184543 0.575876
vn 0.796436 0.184543 0.575876
vn 0.796436 0.184543 0.575876
vn 0.899669 -0.232660 0.369413
vn 0.899669 -0.232660 0.369413
vn 0.899669 -0.232660 0.369413
vn 0.899669 -0.232660 0.369413
vn 0.840067 -0.542354 0.011811
vn 0.840067 -0.542354 0.011811
vn 0.840067 -0.542354 0.011811
vn 0.840067 -0.542354 0.011811
vn 0.633608 -0.661553 -0.401108
vn 0.633608 -0.661553 -0.401108
vn 0.633608 -0.661553 -0.401108
vn 0.633608 -0.661553 -0.401108
vn 0.227078 -0.661229 -0.714991
vn 0.227078 -0.661229 -0.714991
vn 0.227078 -0.661229 -0.714990
vn 0.227078 -0.661229 -0.714990
vn -0.099188 -0.347279 -0.932502
vn -0.099188 -0.347279 -0.932502
vn -0.099188 -0.347279 -0.932502
vn -0.099188 -0.347279 -0.932502
vn -0.350348 0.087741 -0.932501
vn -0.350348 0.087741 -0.932501
vn -0.350348 0.087741 -0.932501
vn -0.350348 0.087741 -0.932501
vn -0.459103 0.527271 -0.714989
vn -0.459103 0.527271 -0.714989
vn -0.459103 0.527271 -0.714989
vn -0.459103 0.527271 -0.714989
vn -0.396314 0.853533 -0.338255
vn -0.396314 0.853533 -0.338255
vn -0.396314 0.853533 -0.338255
vn -0.396314 0.853533 -0.338255
vn -0.178804 0.979114 0.096770
vn -0.178804 0.979114 0.096770
vn -0.178804 0.979114 0.096770
vn -0.178804 0.979114 0.096770
vn 0.135149 0.870357 0.473511
vn 0.135149 0.870357 0.473511
vn 0.135149 0.870357 0.473511
vn 0.135149 0.870357 0.473511
vn 0.461412 0.556412 0.691018
vn 0.461412 0.556412 0.691018
vn 0.461412 0.556412 0.691018
vn 0.461412 0.556412 0.691018
vn 0.712572 0.121389 0.691018
vn 0.712572 0.121389 0.691018
vn 0.712572 0.121389 0.691018
vn 0.712572 0.121389 0.691018
vn 0.821327 -0.318138 0.473509
vn 0.821327 -0.318138 0.473509
vn 0.821327 -0.318138 0.473509
vn 0.821327 -0.318138 0.473509
vn 0.758537 -0.644405 0.096768
vn 0.758537 -0.644405 0.096768
vn 0.758537 -0.644405 0.096768
vn 0.758537 -0.644405 0.096768
vn 0.541029 -0.769984 -0.338250
vn 0.541029 -0.769984 -0.338250
vn 0.541029 -0.769984 -0.338250
vn 0.541029 -0.769984 -0.338250
vn 0.146797 -0.724476 -0.673488
vn 0.146797 -0.724476 -0.673488
vn 0.146797 -0.724476 -0.673488
vn 0.146797 -0.724476 -0.673488
vn -0.186426 -0.403831 -0.895637
vn -0.186426 -0.403831 -0.895637
vn -0.186426 -0.403831 -0.895637
vn -0.186426 -0.403831 -0.895637
vn -0.442941 0.040467 -0.895637
vn -0.442941 0.040467 -0.895637
vn -0.442941 0.040467 -0.895637
vn -0.442941 0.040467 -0.895637
vn -0.554015 0.489368 -0.673488
vn -0.554015 0.489368 -0.673488
vn -0.554015 0.489368 -0.673488
vn -0.554015 0.489368 -0.673488
vn -0.489886 0.822591 -0.288715
vn -0.489886 0.822591 -0.288715
vn -0.489886 0.822591 -0.288715
vn -0.489886 0.822591 -0.288715
vn -0.267739 0.950847 0.155583
vn -0.267739 0.950847 0.155583
vn -0.267739 0.950847 0.155583
vn -0.267739 0.950847 0.155583
vn 0.052905 0.839775 0.540351
vn 0.052905 0.839775 0.540351
vn 0.052905 0.839775 0.540351
vn 0.052905 0.839775 0.540351
vn 0.386130 0.519129 0.762502
vn 0.386130 0.519129 0.762502
vn 0.386130 0.519129 0.762502
vn 0.386130 0.519129 0.762502
vn 0.642643 0.074832 0.762503
vn 0.642643 0.074832 0.762503
vn 0.642643 0.074832 0.762503
vn 0.642643 0.074832 0.762503
vn 0.753718 -0.374068 0.540354
vn 0.753718 -0.374068 0.540354
vn 0.753718 -0.374068 0.540354
vn 0.753718 -0.374068 0.540354
vn 0.689589 -0.707291 0.155581
vn 0.689589 -0.707291 0.155581
vn 0.689589 -0.707291 0.155581
vn 0.689589 -0.707291 0.155581
vn 0.467441 -0.835549 -0.288715
vn 0.467441 -0.835549 -0.288715
vn 0.467441 -0.835549 -0.288715
vn 0.467441 -0.835549 -0.288715
vn 0.079317 -0.769961 -0.633142
vn 0.079317 -0.769961 -0.633142
vn 0.079317 -0.769961 -0.633143
vn 0.079317 -0.769961 -0.633142
vn -0.256593 -0.446731 -0.857083
vn -0.256593 -0.446731 -0.857083
vn -0.256593 -0.446731 -0.857083
vn -0.256593 -0.446731 -0.857083
vn -0.515177 0.001150 -0.857083
vn -0.515177 0.001150 -0.857083
vn -0.515177 0.001150 -0.857083
vn -0.515177 0.001150 -0.857083
vn -0.627147 0.453670 -0.633143
vn -0.627147 0.453670 -0.633143
vn -0.627147 0.453670 -0.633143
vn -0.627147 0.453670 -0.633143
vn -0.562500 0.789581 -0.245268
vn -0.562500 0.789581 -0.245268
vn -0.562500 0.789581 -0.245268
vn -0.562500 0.789581 -0.245268
vn -0.338558 0.918873 0.202610
vn -0.338558 0.918873 0.202610
vn -0.338558 0.918873 0.202610
vn -0.338558 0.918873 0.202610
vn -0.015333 0.806904 0.590484
vn -0.015333 0.806904 0.590484
vn -0.015333 0.806904 0.590484
vn -0.015333 0.806904 0.590484
vn 0.320579 0.483671 0.814427
vn 0.320579 0.483671 0.814427
vn 0.320579 0.483671 0.814427
vn 0.320579 0.483671 0.814427
vn 0.579163 0.035794 0.814426
vn 0.579163 0.035794 0.814426
vn 0.579163 0.035794 0.814426
vn 0.579163 0.035794 0.814426
vn 0.691132 -0.416728 0.590486
vn 0.691132 -0.416728 0.590487
vn 0.691132 -0.416728 0.590486
vn 0.691132 -0.416728 0.590486
vn 0.626486 -0.752638 0.202611
vn 0.626486 -0.752638 0.202611
vn 0.626486 -0.752638 0.202611
vn 0.626486 -0.752638 0.202611
vn 0.402545 -0.881930 -0.245268
vn 0.402545 -0.881930 -0.245268
vn 0.402545 -0.881930 -0.245268
vn 0.402545 -0.881930 -0.245268
vn 0.015332 -0.806902 -0.590487
vn 0.015332 -0.806902 -0.590487
vn 0.015332 -0.806902 -0.590487
vn 0.015332 -0.806902 -0.590487
vn -0.320577 -0.483674 -0.814426
vn -0.320577 -0.483674 -0.814426
vn -0.320577 -0.483674 -0.814426
vn -0.320577 -0.483674 -0.814426
vn -0.579162 -0.035792 -0.814426
vn -0.579162 -0.035792 -0.814426
vn -0.579162 -0.035792 -0.814426
vn -0.579162 -0.035792 -0.814426
vn -0.691132 0.416728 -0.590487
vn -0.691132 0.416728 -0.590487
vn -0.691132 0.416728 -0.590487
vn -0.691132 0.416728 -0.590487
vn -0.626487 0.752637 -0.202612
vn -0.626487 0.752637 -0.202612
vn -0.626487 0.752637 -0.202612
vn -0.626487 0.752637 -0.202612
vn -0.402547 0.881929 0.245269
vn -0.402547 0.881929 0.245269
vn -0.402547 0.881929 0.245269
vn -0.402547 0.881929 0.245269
vn -0.079318 0.769960 0.633143
vn -0.079318 0.769960 0.633143
vn -0.079318 0.769960 0.633143
vn -0.079318 0.769960 0.633143
vn 0.256592 0.446730 0.857084
vn 0.256592 0.446730 0.857084
vn 0.256592 0.446730 0.857084
vn 0.256592 0.446730 0.857084
vn 0.515176 -0.001150 0.857084
vn 0.515176 -0.001150 0.857084
vn 0.515176 -0.001150 0.857084
vn 0.515176 -0.001150 0.857084
vn 0.627147 -0.453669 0.633143
vn 0.627147 -0.453669 0.633143
vn 0.627147 -0.453669 0.633143
vn 0.627147 -0.453669 0.633143
vn 0.562501 -0.789581 0.245266
vn 0.562501 -0.789580 0.245266
vn 0.562501 -0.789581 0.245266
vn 0.562501 -0.789580 0.245266
vn 0.338561 -0.918871 -0.202612
vn 0.338561 -0.918871 -0.202612
vn 0.338561 -0.918871 -0.202612
vn 0.338561 -0.918871 -0.202612
vn -0.052907 -0.839773 -0.540354
vn -0.052907 -0.839773 -0.540354
vn -0.052907 -0.839773 -0.540354
vn -0.052907 -0.839773 -0.540354
vn -0.386128 -0.519132 -0.762501
vn -0.386128 -0.519132 -0.762501
vn -0.386128 -0.519132 -0.762501
vn -0.386128 -0.519132 -0.762501
vn -0.642645 -0.074832 -0.762501
vn -0.642645 -0.074832 -0.762501
vn -0.642645 -0.074832 -0.762501
vn -0.642644 -0.074832 -0.762501
vn -0.753718 0.374068 -0.540354
vn -0.753718 0.374068 -0.540354
vn -0.753718 0.374068 -0.540354
vn -0.753718 0.374068 -0.540354
vn -0.689589 0.707292 -0.155580
vn -0.689589 0.707292 -0.155580
vn -0.689589 0.707292 -0.155580
vn -0.689589 0.707292 -0.155580
vn -0.467441 0.835549 0.288715
vn -0.467441 0.835549 0.288715
vn -0.467441 0.835549 0.288715
vn -0.467441 0.835549 0.288715
vn -0.146797 0.724475 0.673488
vn -0.146797 0.724475 0.673488
vn -0.146797 0.724475 0.673488
vn -0.146797 0.724475 0.673488
vn 0.186426 0.403830 0.895638
vn 0.186426 0.403830 0.895638
vn 0.186426 0.403830 0.895638
vn 0.186426 0.403830 0.895638
vn 0.442941 -0.040466 0.895637
vn 0.442941 -0.040466 0.895637
vn 0.442941 -0.040466 0.895637
vn 0.442941 -0.040466 0.895637
vn 0.554015 -0.489367 0.673489
vn 0.554015 -0.489367 0.673489
vn 0.554015 -0.489367 0.673489
vn 0.554015 -0.489367 0.673489
vn 0.489886 -0.822590 0.288716
vn 0.489886 -0.822590 0.288716
vn 0.489886 -0.822590 0.288716
vn 0.489886 -0.822590 0.288716
vn 0.267738 -0.950847 -0.155582
vn 0.267737 -0.950847 -0.155582
vn 0.267737 -0.950847 -0.155582
vn 0.267738 -0.950847 -0.155582
vn -0.135148 -0.870359 -0.473508
vn -0.135148 -0.870359 -0.473508
vn -0.135148 -0.870359 -0.473508
vn -0.135148 -0.870359 -0.473508
vn -0.461411 -0.556412 -0.691018
vn -0.461411 -0.556412 -0.691018
vn -0.461411 -0.556412 -0.691018
vn -0.461411 -0.556412 -0.691018
vn -0.712571 -0.121389 -0.691019
vn -0.712571 -0.121389 -0.691019
vn -0.712571 -0.121389 -0.691019
vn -0.712571 -0.121389 -0.691019
vn -0.821327 0.318139 -0.473508
vn -0.821327 0.318139 -0.473508
vn -0.821327 0.318139 -0.473508
vn -0.821327 0.318139 -0.473508
vn -0.758536 0.644406 -0.096767
vn -0.758536 0.644406 -0.096767
vn -0.758536 0.644406 -0.096767
vn -0.758536 0.644406 -0.096767
vn -0.541029 0.769984 0.338249
vn -0.541029 0.769984 0.338249
vn -0.541029 0.769984 0.338249
vn -0.541029 0.769984 0.338249
vn -0.227078 0.661229 0.714991
vn -0.227078 0.661229 0.714991
vn -0.227078 0.661229 0.714991
vn -0.227078 0.661229 0.714991
vn 0.099190 0.347279 0.932501
vn 0.099190 0.347279 0.932501
vn 0.099190 0.347279 0.932501
vn 0.099190 0.347279 0.932501
vn 0.350347 -0.087739 0.932501
vn 0.350347 -0.087739 0.932501
vn 0.350347 -0.087739 0.932501
vn 0.350347 -0.087739 0.932501
vn 0.459103 -0.527271 0.714989
vn 0.459103 -0.527271 0.714989
vn 0.459103 -0.527271 0.714989
vn 0.459103 -0.527271 0.714989
vn 0.396314 -0.853534 0.338254
vn 0.396314 -0.853534 0.338254
vn 0.396314 -0.853534 0.338254
vn 0.396314 -0.853534 0.338254
vn 0.178800 -0.979115 -0.096772
vn 0.178800 -0.979115 -0.096772
vn 0.178800 -0.979115 -0.096772
vn 0.178800 -0.979115 -0.096771
vn -0.248341 -0.895466 -0.369413
vn -0.248341 -0.895467 -0.369413
vn -0.248341 -0.895467 -0.369413
vn -0.248341 -0.895466 -0.369413
vn -0.558034 -0.597466 -0.575876
vn -0.558034 -0.597466 -0.575876
vn -0.558034 -0.597466 -0.575876
vn -0.558034 -0.597466 -0.575876
vn -0.796438 -0.184541 -0.575875
vn -0.796438 -0.184540 -0.575875
vn -0.796438 -0.184540 -0.575875
vn -0.796438 -0.184541 -0.575875
vn -0.899668 0.232660 -0.369413
vn -0.899668 0.232660 -0.369413
vn -0.899668 0.232660 -0.369413
vn -0.899668 0.232660 -0.369413
vn -0.840068 0.542353 -0.011810
vn -0.840068 0.542353 -0.011810
vn -0.840068 0.542353 -0.011810
vn -0.840068 0.542353 -0.011810
vn -0.633607 0.661553 0.401110
vn -0.633607 0.661553 0.401110
vn -0.633607 0.661553 0.401110
vn -0.633607 0.661553 0.401110
vn -0.335606 0.558322 0.758712
vn -0.335606 0.558322 0.758712
vn -0.335606 0.558322 0.758712
vn -0.335606 0.558322 0.758712
vn -0.025913 0.260320 0.965175
vn -0.025913 0.260320 0.965175
vn -0.025913 0.260320 0.965175
vn -0.025913 0.260320 0.965175
vn 0.212488 -0.152600 0.965175
vn 0.212488 -0.152600 0.965175
vn 0.212488 -0.152600 0.965175
vn 0.212488 -0.152600 0.965175
vn 0.315718 -0.569807 0.758711
vn 0.315718 -0.569807 0.758711
vn 0.315718 -0.569807 0.758711
vn 0.315718 -0.569807 0.758711
vn 0.256117 -0.879495 0.401115
vn 0.256117 -0.879495 0.401115
vn 0.256117 -0.879495 0.401115
vn 0.256117 -0.879495 0.401115
vn 0.049654 -0.998697 -0.011815
vn 0.049654 -0.998697 -0.011815
vn 0.049654 -0.998697 -0.011815
vn 0.049654 -0.998697 -0.011815
vn -0.425053 -0.888300 -0.173933
vn -0.425053 -0.888300 -0.173933
vn -0.425053 -0.888300 -0.173933
vn -0.425053 -0.888300 -0.173933
vn -0.689785 -0.633564 -0.350419
vn -0.689785 -0.633564 -0.350419
vn -0.689785 -0.633564 -0.350419
vn -0.689785 -0.633564 -0.350419
vn -0.893576 -0.280588 -0.350417
vn -0.893576 -0.280588 -0.350417
vn -0.893576 -0.280588 -0.350417
vn -0.893576 -0.280588 -0.350417
vn -0.981817 0.076038 -0.173935
vn -0.981817 0.076038 -0.173935
vn -0.981817 0.076038 -0.173935
vn -0.981817 0.076038 -0.173935
vn -0.930870 0.340769 0.131750
vn -0.930870 0.340769 0.131750
vn -0.930870 0.340769 0.131750
vn -0.930870 0.340769 0.131750
vn -0.754384 0.442664 0.484720
vn -0.754384 0.442664 0.484720
vn -0.754384 0.442664 0.484720
vn -0.754384 0.442664 0.484720
vn -0.499647 0.354419 0.790405
vn -0.499647 0.354419 0.790405
vn -0.499647 0.354419 0.790405
vn -0.499647 0.354419 0.790405
vn -0.234921 0.099686 0.966889
vn -0.234921 0.099686 0.966889
vn -0.234921 0.099686 0.966889
vn -0.234921 0.099686 0.966889
vn -0.031131 -0.253289 0.966890
vn -0.031131 -0.253289 0.966890
vn -0.031131 -0.253289 0.966890
vn -0.031131 -0.253289 0.966890
vn 0.057112 -0.609919 0.790403
vn 0.057112 -0.609919 0.790403
vn 0.057112 -0.609919 0.790403
vn 0.057112 -0.609919 0.790403
vn 0.006168 -0.874646 0.484722
vn 0.006168 -0.874646 0.484722
vn 0.006168 -0.874646 0.484722
vn 0.006168 -0.874646 0.484722
vn -0.170321 -0.976542 0.131745
vn -0.170321 -0.976542 0.131745
vn -0.170321 -0.976542 0.131745
vn -0.170321 -0.976542 0.131745
vn 0.712738 0.104384 -0.693620
vn 0.712738 0.104384 -0.693620
vn 0.712738 0.104384 -0.693620
vn 0.586272 0.226076 -0.777930
vn 0.586272 0.226076 -0.777930
vn 0.586272 0.226076 -0.777930
vn 0.488922 0.394689 -0.777931
vn 0.488922 0.394689 -0.777930
vn 0.488922 0.394689 -0.777930
vn 0.446766 0.565058 -0.693620
vn 0.446766 0.565058 -0.693620
vn 0.446766 0.565058 -0.693620
vn 0.471103 0.691522 -0.547593
vn 0.471103 0.691522 -0.547593
vn 0.471103 0.691522 -0.547594
vn 0.555418 0.740204 -0.378957
vn 0.555418 0.740204 -0.378957
vn 0.555418 0.740204 -0.378957
vn 0.677096 0.698052 -0.232947
vn 0.677096 0.698052 -0.232947
vn 0.677096 0.698052 -0.232947
vn 0.803572 0.576351 -0.148634
vn 0.803572 0.576351 -0.148634
vn 0.803571 0.576351 -0.148634
vn 0.900921 0.407737 -0.148635
vn 0.900921 0.407737 -0.148635
vn 0.900921 0.407737 -0.148635
vn 0.943078 0.237359 -0.232948
vn 0.943078 0.237359 -0.232948
vn 0.943078 0.237359 -0.232948
vn 0.918740 0.110901 -0.378968
vn 0.918740 0.110901 -0.378968
vn 0.918740 0.110901 -0.378968
vn 0.834433 0.062231 -0.547584
vn 0.834433 0.062231 -0.547584
vn 0.834433 0.062231 -0.547584
vn -0.677105 -0.698044 0.232943
vn -0.677105 -0.698044 0.232943
vn -0.677105 -0.698044 0.232943
vn -0.803570 -0.576354 0.148635
vn -0.803570 -0.576354 0.148635
vn -0.803570 -0.576354 0.148635
vn -0.900925 -0.407728 0.148634
vn -0.900925 -0.407728 0.148634
vn -0.900925 -0.407728 0.148634
vn -0.943076 -0.237372 0.232941
vn -0.943076 -0.237372 0.232941
vn -0.943076 -0.237372 0.232941
vn -0.918738 -0.110905 0.378972
vn -0.918738 -0.110905 0.378972
vn -0.918738 -0.110905 0.378972
vn -0.834430 -0.062230 0.547589
vn -0.834430 -0.062230 0.547589
vn -0.834430 -0.062230 0.547589
vn -0.712734 -0.104386 0.693624
vn -0.712734 -0.104386 0.693624
vn -0.712734 -0.104386 0.693624
vn -0.586274 -0.226070 0.777929
vn -0.586275 -0.226070 0.777930
vn -0.586274 -0.226070 0.777930
vn -0.488920 -0.394692 0.777931
vn -0.488919 -0.394692 0.777931
vn -0.488919 -0.394692 0.777931
vn -0.446766 -0.565054 0.693624
vn -0.446766 -0.565054 0.693624
vn -0.446766 -0.565054 0.693624
vn -0.471104 -0.691523 0.547592
vn -0.471104 -0.691523 0.547592
vn -0.471104 -0.691523 0.547592
vn -0.555416 -0.740200 0.378968
vn -0.555416 -0.740200 0.378968
vn -0.555416 -0.740200 0.378968
s off
g ghost eyes
usemtl initialShadingGroup
f 1173/1652/3552 1174/1653/3553 1186/1666/3554 1185/1665/3555
f 1174/1653/3556 1175/1654/3557 1187/1667/3558 1186/1666/3559
f 1175/1654/3560 1176/1655/3561 1188/1668/3562 1187/1667/3563
f 1176/1655/3564 1177/1656/3565 1189/1669/3566 1188/1668/3567
f 1177/1656/3568 1178/1657/3569 1190/1670/3570 1189/1669/3571
f 1178/1657/3572 1179/1658/3573 1191/1671/3574 1190/1670/3575
f 1179/1658/3576 1180/1659/3577 1192/1672/3578 1191/1671/3579
f 1180/1659/3580 1181/1660/3581 1193/1673/3582 1192/1672/3583
f 1181/1660/3584 1182/1661/3585 1194/1674/3586 1193/1673/3587
f 1182/1661/3588 1183/1662/3589 1195/1675/3590 1194/1674/3591
f 1183/1662/3592 1184/1663/3593 1196/1676/3594 1195/1675/3595
f 1184/1663/3596 1173/1664/3597 1185/1677/3598 1196/1676/3599
f 1185/1665/3600 1186/1666/3601 1198/1679/3602 1197/1678/3603
f 1186/1666/3604 1187/1667/3605 1199/1680/3606 1198/1679/3607
f 1187/1667/3608 1188/1668/3609 1200/1681/3610 1199/1680/3611
f 1188/1668/3612 1189/1669/3613 1201/1682/3614 1200/1681/3615
f 1189/1669/3616 1190/1670/3617 1202/1683/3618 1201/1682/3619
f 1190/1670/3620 1191/1671/3621 1203/1684/3622 1202/1683/3623
f 1191/1671/3624 1192/1672/3625 1204/1685/3626 1203/1684/3627
f 1192/1672/3628 1193/1673/3629 1205/1686/3630 1204/1685/3631
f 1193/1673/3632 1194/1674/3633 1206/1687/3634 1205/1686/3635
f 1194/1674/3636 1195/1675/3637 1207/1688/3638 1206/1687/3639
f 1195/1675/3640 1196/1676/3641 1208/1689/3642 1207/1688/3643
f 1196/1676/3644 1185/1677/3645 1197/1690/3646 1208/1689/3647
f 1197/1678/3648 1198/1679/3649 1210/1692/3650 1209/1691/3651
f 1198/1679/3652 1199/1680/3653 1211/1693/3654 1210/1692/3655
f 1199/1680/3656 1200/1681/3657 1212/1694/3658 1211/1693/3659
f 1200/1681/3660 1201/1682/3661 1213/1695/3662 1212/1694/3663
f 1201/1682/3664 1202/1683/3665 1214/1696/3666 1213/1695/3667
f 1202/1683/3668 1203/1684/3669 1215/1697/3670 1214/1696/3671
f 1203/1684/3672 1204/1685/3673 1216/1698/3674 1215/1697/3675
f 1204/1685/3676 1205/1686/3677 1217/1699/3678 1216/1698/3679
f 1205/1686/3680 1206/1687/3681 1218/1700/3682 1217/1699/3683
f 1206/1687/3684 1207/1688/3685 1219/1701/3686 1218/1700/3687
f 1207/1688/3688 1208/1689/3689 1220/1702/3690 1219/1701/3691
f 1208/1689/3692 1197/1690/3693 1209/1703/3694 1220/1702/3695
f 1209/1691/3696 1210/1692/3697 1222/1705/3698 1221/1704/3699
f 1210/1692/3700 1211/1693/3701 1223/1706/3702 1222/1705/3703
f 1211/1693/3704 1212/1694/3705 1224/1707/3706 1223/1706/3707
f 1212/1694/3708 1213/1695/3709 1225/1708/3710 1224/1707/3711
f 1213/1695/3712 1214/1696/3713 1226/1709/3714 1225/1708/3715
f 1214/1696/3716 1215/1697/3717 1227/1710/3718 1226/1709/3719
f 1215/1697/3720 1216/1698/3721 1228/1711/3722 1227/1710/3723
f 1216/1698/3724 1217/1699/3725 1229/1712/3726 1228/1711/3727
f 1217/1699/3728 1218/1700/3729 1230/1713/3730 1229/1712/3731
f 1218/1700/3732 1219/1701/3733 1231/1714/3734 1230/1713/3735
f 1219/1701/3736 1220/1702/3737 1232/1715/3738 1231/1714/3739
f 1220/1702/3740 1209/1703/3741 1221/1716/3742 1232/1715/3743
f 1221/1704/3744 1222/1705/3745 1234/1718/3746 1233/1717/3747
f 1222/1705/3748 1223/1706/3749 1235/1719/3750 1234/1718/3751
f 1223/1706/3752 1224/1707/3753 1236/1720/3754 1235/1719/3755
f 1224/1707/3756 1225/1708/3757 1237/1721/3758 1236/1720/3759
f 1225/1708/3760 1226/1709/3761 1238/1722/3762 1237/1721/3763
f 1226/1709/3764 1227/1710/3765 1239/1723/3766 1238/1722/3767
f 1227/1710/3768 1228/1711/3769 1240/1724/3770 1239/1723/3771
f 1228/1711/3772 1229/1712/3773 1241/1725/3774 1240/1724/3775
f 1229/1712/3776 1230/1713/3777 1242/1726/3778 1241/1725/3779
f 1230/1713/3780 1231/1714/3781 1243/1727/3782 1242/1726/3783
f 1231/1714/3784 1232/1715/3785 1244/1728/3786 1243/1727/3787
f 1232/1715/3788 1221/1716/3789 1233/1729/3790 1244/1728/3791
f 1233/1717/3792 1234/1718/3793 1246/1731/3794 1245/1730/3795
f 1234/1718/3796 1235/1719/3797 1247/1732/3798 1246/1731/3799
f 1235/1719/3800 1236/1720/3801 1248/1733/3802 1247/1732/3803
f 1236/1720/3804 1237/1721/3805 1249/1734/3806 1248/1733/3807
f 1237/1721/3808 1238/1722/3809 1250/1735/3810 1249/1734/3811
f 1238/1722/3812 1239/1723/3813 1251/1736/3814 1250/1735/3815
f 1239/1723/3816 1240/1724/3817 1252/1737/3818 1251/1736/3819
f 1240/1724/3820 1241/1725/3821 1253/1738/3822 1252/1737/3823
f 1241/1725/3824 1242/1726/3825 1254/1739/3826 1253/1738/3827
f 1242/1726/3828 1243/1727/3829 1255/1740/3830 1254/1739/3831
f 1243/1727/3832 1244/1728/3833 1256/1741/3834 1255/1740/3835
f 1244/1728/3836 1233/1729/3837 1245/1742/3838 1256/1741/3839
f 1245/1730/3840 1246/1731/3841 1258/1744/3842 1257/1743/3843
f 1246/1731/3844 1247/1732/3845 1259/1745/3846 1258/1744/3847
f 1247/1732/3848 1248/1733/3849 1260/1746/3850 1259/1745/3851
f 1248/1733/3852 1249/1734/3853 1261/1747/3854 1260/1746/3855
f 1249/1734/3856 1250/1735/3857 1262/1748/3858 1261/1747/3859
f 1250/1735/3860 1251/1736/3861 1263/1749/3862 1262/1748/3863
f 1251/1736/3864 1252/1737/3865 1264/1750/3866 1263/1749/3867
f 1252/1737/3868 1253/1738/3869 1265/1751/3870 1264/1750/3871
f 1253/1738/3872 1254/1739/3873 1266/1752/3874 1265/1751/3875
f 1254/1739/3876 1255/1740/3877 1267/1753/3878 1266/1752/3879
f 1255/1740/3880 1256/1741/3881 1268/1754/3882 1267/1753/3883
f 1256/1741/3884 1245/1742/3885 1257/1755/3886 1268/1754/3887
f 1257/1743/3888 1258/1744/3889 1270/1757/3890 1269/1756/3891
f 1258/1744/3892 1259/1745/3893 1271/1758/3894 1270/1757/3895
f 1259/1745/3896 1260/1746/3897 1272/1759/3898 1271/1758/3899
f 1260/1746/3900 1261/1747/3901 1273/1760/3902 1272/1759/3903
f 1261/1747/3904 1262/1748/3905 1274/1761/3906 1273/1760/3907
f 1262/1748/3908 1263/1749/3909 1275/1762/3910 1274/1761/3911
f 1263/1749/3912 1264/1750/3913 1276/1763/3914 1275/1762/3915
f 1264/1750/3916 1265/1751/3917 1277/1764/3918 1276/1763/3919
f 1265/1751/3920 1266/1752/3921 1278/1765/3922 1277/1764/3923
f 1266/1752/3924 1267/1753/3925 1279/1766/3926 1278/1765/3927
f 1267/1753/3928 1268/1754/3929 1280/1767/3930 1279/1766/3931
f 1268/1754/3932 1257/1755/3933 1269/1768/3934 1280/1767/3935
f 1269/1756/3936 1270/1757/3937 1282/1770/3938 1281/1769/3939
f 1270/1757/3940 1271/1758/3941 1283/1771/3942 1282/1770/3943
f 1271/1758/3944 1272/1759/3945 1284/1772/3946 1283/1771/3947
f 1272/1759/3948 1273/1760/3949 1285/1773/3950 1284/1772/3951
f 1273/1760/3952 1274/1761/3953 1286/1774/3954 1285/1773/3955
f 1274/1761/3956 1275/1762/3957 1287/1775/3958 1286/1774/3959
f 1275/1762/3960 1276/1763/3961 1288/1776/3962 1287/1775/3963
f 1276/1763/3964 1277/1764/3965 1289/1777/3966 1288/1776/3967
f 1277/1764/3968 1278/1765/3969 1290/1778/3970 1289/1777/3971
f 1278/1765/3972 1279/1766/3973 1291/1779/3974 1290/1778/3975
f 1279/1766/3976 1280/1767/3977 1292/1780/3978 1291/1779/3979
f 1280/1767/3980 1269/1768/3981 1281/1781/3982 1292/1780/3983
f 1281/1769/3984 1282/1770/3985 1294/1783/3986 1293/1782/3987
f 1282/1770/3988 1283/1771/3989 1295/1784/3990 1294/1783/3991
f 1283/1771/3992 1284/1772/3993 1296/1785/3994 1295/1784/3995
f 1284/1772/3996 1285/1773/3997 1297/1786/3998 1296/1785/3999
f 1285/1773/4000 1286/1774/4001 1298/1787/4002 1297/1786/4003
f 1286/1774/4004 1287/1775/4005 1299/1788/4006 1298/1787/4007
f 1287/1775/4008 1288/1776/4009 1300/1789/4010 1299/1788/4011
f 1288/1776/4012 1289/1777/4013 1301/1790/4014 1300/1789/4015
f 1289/1777/4016 1290/1778/4017 1302/1791/4018 1301/1790/4019
f 1290/1778/4020 1291/1779/4021 1303/1792/4022 1302/1791/4023
f 1291/1779/4024 1292/1780/4025 1304/1793/4026 1303/1792/4027
f 1292/1780/4028 1281/1781/4029 1293/1794/4030 1304/1793/4031
f 1174/1653/4032 1173/1652/4033 1305/1795/4034
f 1175/1654/4035 1174/1653/4036 1305/1796/4037
f 1176/1655/4038 1175/1654/4039 1305/1797/4040
f 1177/1656/4041 1176/1655/4042 1305/1798/4043
f 1178/1657/4044 1177/1656/4045 1305/1799/4046
f 1179/1658/4047 1178/1657/4048 1305/1800/4049
f 1180/1659/4050 1179/1658/4051 1305/1801/4052
f 1181/1660/4053 1180/1659/4054 1305/1802/4055
f 1182/1661/4056 1181/1660/4057 1305/1803/4058
f 1183/1662/4059 1182/1661/4060 1305/1804/4061
f 1184/1663/4062 1183/1662/4063 1305/1805/4064
f 1173/1664/4065 1184/1663/4066 1305/1806/4067
f 1293/1782/4068 1294/1783/4069 1306/1807/4070
f 1294/1783/4071 1295/1784/4072 1306/1808/4073
f 1295/1784/4074 1296/1785/4075 1306/1809/4076
f 1296/1785/4077 1297/1786/4078 1306/1810/4079
f 1297/1786/4080 1298/1787/4081 1306/1811/4082
f 1298/1787/4083 1299/1788/4084 1306/1812/4085
f 1299/1788/4086 1300/1789/4087 1306/1813/4088
f 1300/1789/4089 1301/1790/4090 1306/1814/4091
f 1301/1790/4092 1302/1791/4093 1306/1815/4094
f 1302/1791/4095 1303/1792/4096 1306/1816/4097
f 1303/1792/4098 1304/1793/4099 1306/1817/4100
f 1304/1793/4101 1293/1794/4102 1306/1818/4103
f 1307/1819/4104 1319/1822/4105 1320/1821/4106 1308/1820/4107
f 1308/1820/4108 1320/1821/4109 1321/1824/4110 1309/1823/4111
f 1309/1823/4112 1321/1824/4113 1322/1826/4114 1310/1825/4115
f 1310/1825/4116 1322/1826/4117 1323/1828/4118 1311/1827/4119
f 1311/1827/4120 1323/1828/4121 1324/1830/4122 1312/1829/4123
f 1312/1829/4124 1324/1830/4125 1325/1832/4126 1313/1831/4127
f 1313/1831/4128 1325/1832/4129 1326/1834/4130 1314/1833/4131
f 1314/1833/4132 1326/1834/4133 1327/1836/4134 1315/1835/4135
f 1315/1835/4136 1327/1836/4137 1328/1838/4138 1316/1837/4139
f 1316/1837/4140 1328/1838/4141 1329/1840/4142 1317/1839/4143
f 1317/1839/4144 1329/1840/4145 1330/1842/4146 1318/1841/4147
f 1318/1841/4148 1330/1842/4149 1319/1844/4150 1307/1843/4151
f 1319/1822/4152 1331/1846/4153 1332/1845/4154 1320/1821/4155
f 1320/1821/4156 1332/1845/4157 1333/1847/4158 1321/1824/4159
f 1321/1824/4160 1333/1847/4161 1334/1848/4162 1322/1826/4163
f 1322/1826/4164 1334/1848/4165 1335/1849/4166 1323/1828/4167
f 1323/1828/4168 1335/1849/4169 1336/1850/4170 1324/1830/4171
f 1324/1830/4172 1336/1850/4173 1337/1851/4174 1325/1832/4175
f 1325/1832/4176 1337/1851/4177 1338/1852/4178 1326/1834/4179
f 1326/1834/4180 1338/1852/4181 1339/1853/4182 1327/1836/4183
f 1327/1836/4184 1339/1853/4185 1340/1854/4186 1328/1838/4187
f 1328/1838/4188 1340/1854/4189 1341/1855/4190 1329/1840/4191
f 1329/1840/4192 1341/1855/4193 1342/1856/4194 1330/1842/4195
f 1330/1842/4196 1342/1856/4197 1331/1857/4198 1319/1844/4199
f 1331/1846/4200 1343/1859/4201 1344/1858/4202 1332/1845/4203
f 1332/1845/4204 1344/1858/4205 1345/1860/4206 1333/1847/4207
f 1333/1847/4208 1345/1860/4209 1346/1861/4210 1334/1848/4211
f 1334/1848/4212 1346/1861/4213 1347/1862/4214 1335/1849/4215
f 1335/1849/4216 1347/1862/4217 1348/1863/4218 1336/1850/4219
f 1336/1850/4220 1348/1863/4221 1349/1864/4222 1337/1851/4223
f 1337/1851/4224 1349/1864/4225 1350/1865/4226 1338/1852/4227
f 1338/1852/4228 1350/1865/4229 1351/1866/4230 1339/1853/4231
f 1339/1853/4232 1351/1866/4233 1352/1867/4234 1340/1854/4235
f 1340/1854/4236 1352/1867/4237 1353/1868/4238 1341/1855/4239
f 1341/1855/4240 1353/1868/4241 1354/1869/4242 1342/1856/4243
f 1342/1856/4244 1354/1869/4245 1343/1870/4246 1331/1857/4247
f 1343/1859/4248 1355/1872/4249 1356/1871/4250 1344/1858/4251
f 1344/1858/4252 1356/1871/4253 1357/1873/4254 1345/1860/4255
f 1345/1860/4256 1357/1873/4257 1358/1874/4258 1346/1861/4259
f 1346/1861/4260 1358/1874/4261 1359/1875/4262 1347/1862/4263
f 1347/1862/4264 1359/1875/4265 1360/1876/4266 1348/1863/4267
f 1348/1863/4268 1360/1876/4269 1361/1877/4270 1349/1864/4271
f 1349/1864/4272 1361/1877/4273 1362/1878/4274 1350/1865/4275
f 1350/1865/4276 1362/1878/4277 1363/1879/4278 1351/1866/4279
f 1351/1866/4280 1363/1879/4281 1364/1880/4282 1352/1867/4283
f 1352/1867/4284 1364/1880/4285 1365/1881/4286 1353/1868/4287
f 1353/1868/4288 1365/1881/4289 1366/1882/4290 1354/1869/4291
f 1354/1869/4292 1366/1882/4293 1355/1883/4294 1343/1870/4295
f 1355/1872/4296 1367/1885/4297 1368/1884/4298 1356/1871/4299
f 1356/1871/4300 1368/1884/4301 1369/1886/4302 1357/1873/4303
f 1357/1873/4304 1369/1886/4305 1370/1887/4306 1358/1874/4307
f 1358/1874/4308 1370/1887/4309 1371/1888/4310 1359/1875/4311
f 1359/1875/4312 1371/1888/4313 1372/1889/4314 1360/1876/4315
f 1360/1876/4316 1372/1889/4317 1373/1890/4318 1361/1877/4319
f 1361/1877/4320 1373/1890/4321 1374/1891/4322 1362/1878/4323
f 1362/1878/4324 1374/1891/4325 1375/1892/4326 1363/1879/4327
f 1363/1879/4328 1375/1892/4329 1376/1893/4330 1364/1880/4331
f 1364/1880/4332 1376/1893/4333 1377/1894/4334 1365/1881/4335
f 1365/1881/4336 1377/1894/4337 1378/1895/4338 1366/1882/4339
f 1366/1882/4340 1378/1895/4341 1367/1896/4342 1355/1883/4343
f 1367/1885/4344 1379/1898/4345 1380/1897/4346 1368/1884/4347
f 1368/1884/4348 1380/1897/4349 1381/1899/4350 1369/1886/4351
f 1369/1886/4352 1381/1899/4353 1382/1900/4354 1370/1887/4355
f 1370/1887/4356 1382/1900/4357 1383/1901/4358 1371/1888/4359
f 1371/1888/4360 1383/1901/4361 1384/1902/4362 1372/1889/4363
f 1372/1889/4364 1384/1902/4365 1385/1903/4366 1373/1890/4367
f 1373/1890/4368 1385/1903/4369 1386/1904/4370 1374/1891/4371
f 1374/1891/4372 1386/1904/4373 1387/1905/4374 1375/1892/4375
f 1375/1892/4376 1387/1905/4377 1388/1906/4378 1376/1893/4379
f 1376/1893/4380 1388/1906/4381 1389/1907/4382 1377/1894/4383
f 1377/1894/4384 1389/1907/4385 1390/1908/4386 1378/1895/4387
f 1378/1895/4388 1390/1908/4389 1379/1909/4390 1367/1896/4391
f 1379/1898/4392 1391/1911/4393 1392/1910/4394 1380/1897/4395
f 1380/1897/4396 1392/1910/4397 1393/1912/4398 1381/1899/4399
f 1381/1899/4400 1393/1912/4401 1394/1913/4402 1382/1900/4403
f 1382/1900/4404 1394/1913/4405 1395/1914/4406 1383/1901/4407
f 1383/1901/4408 1395/1914/4409 1396/1915/4410 1384/1902/4411
f 1384/1902/4412 1396/1915/4413 1397/1916/4414 1385/1903/4415
f 1385/1903/4416 1397/1916/4417 1398/1917/4418 1386/1904/4419
f 1386/1904/4420 1398/1917/4421 1399/1918/4422 1387/1905/4423
f 1387/1905/4424 1399/1918/4425 1400/1919/4426 1388/1906/4427
f 1388/1906/4428 1400/1919/4429 1401/1920/4430 1389/1907/4431
f 1389/1907/4432 1401/1920/4433 1402/1921/4434 1390/1908/4435
f 1390/1908/4436 1402/1921/4437 1391/1922/4438 1379/1909/4439
f 1391/1911/4440 1403/1924/4441 1404/1923/4442 1392/1910/4443
f 1392/1910/4444 1404/1923/4445 1405/1925/4446 1393/1912/4447
f 1393/1912/4448 1405/1925/4449 1406/1926/4450 1394/1913/4451
f 1394/1913/4452 1406/1926/4453 1407/1927/4454 1395/1914/4455
f 1395/1914/4456 1407/1927/4457 1408/1928/4458 1396/1915/4459
f 1396/1915/4460 1408/1928/4461 1409/1929/4462 1397/1916/4463
f 1397/1916/4464 1409/1929/4465 1410/1930/4466 1398/1917/4467
f 1398/1917/4468 1410/1930/4469 1411/1931/4470 1399/1918/4471
f 1399/1918/4472 1411/1931/4473 1412/1932/4474 1400/1919/4475
f 1400/1919/4476 1412/1932/4477 1413/1933/4478 1401/1920/4479
f 1401/1920/4480 1413/1933/4481 1414/1934/4482 1402/1921/4483
f 1402/1921/4484 1414/1934/4485 1403/1935/4486 1391/1922/4487
f 1403/1924/4488 1415/1937/4489 1416/1936/4490 1404/1923/4491
f 1404/1923/4492 1416/1936/4493 1417/1938/4494 1405/1925/4495
f 1405/1925/4496 1417/1938/4497 1418/1939/4498 1406/1926/4499
f 1406/1926/4500 1418/1939/4501 1419/1940/4502 1407/1927/4503
f 1407/1927/4504 1419/1940/4505 1420/1941/4506 1408/1928/4507
f 1408/1928/4508 1420/1941/4509 1421/1942/4510 1409/1929/4511
f 1409/1929/4512 1421/1942/4513 1422/1943/4514 1410/1930/4515
f 1410/1930/4516 1422/1943/4517 1423/1944/4518 1411/1931/4519
f 1411/1931/4520 1423/1944/4521 1424/1945/4522 1412/1932/4523
f 1412/1932/4524 1424/1945/4525 1425/1946/4526 1413/1933/4527
f 1413/1933/4528 1425/1946/4529 1426/1947/4530 1414/1934/4531
f 1414/1934/4532 1426/1947/4533 1415/1948/4534 1403/1935/4535
f 1415/1937/4536 1427/1950/4537 1428/1949/4538 1416/1936/4539
f 1416/1936/4540 1428/1949/4541 1429/1951/4542 1417/1938/4543
f 1417/1938/4544 1429/1951/4545 1430/1952/4546 1418/1939/4547
f 1418/1939/4548 1430/1952/4549 1431/1953/4550 1419/1940/4551
f 1419/1940/4552 1431/1953/4553 1432/1954/4554 1420/1941/4555
f 1420/1941/4556 1432/1954/4557 1433/1955/4558 1421/1942/4559
f 1421/1942/4560 1433/1955/4561 1434/1956/4562 1422/1943/4563
f 1422/1943/4564 1434/1956/4565 1435/1957/4566 1423/1944/4567
f 1423/1944/4568 1435/1957/4569 1436/1958/4570 1424/1945/4571
f 1424/1945/4572 1436/1958/4573 1437/1959/4574 1425/1946/4575
f 1425/1946/4576 1437/1959/4577 1438/1960/4578 1426/1947/4579
f 1426/1947/4580 1438/1960/4581 1427/1961/4582 1415/1948/4583
f 1308/1820/4584 1439/1962/4585 1307/1819/4586
f 1309/1823/4587 1439/1963/4588 1308/1820/4589
f 1310/1825/4590 1439/1964/4591 1309/1823/4592
f 1311/1827/4593 1439/1965/4594 1310/1825/4595
f 1312/1829/4596 1439/1966/4597 1311/1827/4598
f 1313/1831/4599 1439/1967/4600 1312/1829/4601
f 1314/1833/4602 1439/1968/4603 1313/1831/4604
f 1315/1835/4605 1439/1969/4606 1314/1833/4607
f 1316/1837/4608 1439/1970/4609 1315/1835/4610
f 1317/1839/4611 1439/1971/4612 1316/1837/4613
f 1318/1841/4614 1439/1972/4615 1317/1839/4616
f 1307/1843/4617 1439/1973/4618 1318/1841/4619
f 1427/1950/4620 1440/1974/4621 1428/1949/4622
f 1428/1949/4623 1440/1975/4624 1429/1951/4625
f 1429/1951/4626 1440/1976/4627 1430/1952/4628
f 1430/1952/4629 1440/1977/4630 1431/1953/4631
f 1431/1953/4632 1440/1978/4633 1432/1954/4634
f 1432/1954/4635 1440/1979/4636 1433/1955/4637
f 1433/1955/4638 1440/1980/4639 1434/1956/4640
f 1434/1956/4641 1440/1981/4642 1435/1957/4643
f 1435/1957/4644 1440/1982/4645 1436/1958/4646
f 1436/1958/4647 1440/1983/4648 1437/1959/4649
f 1437/1959/4650 1440/1984/4651 1438/1960/4652
f 1438/1960/4653 1440/1985/4654 1427/1961/4655
