# This file uses centimeters as units for non-parametric coordinates.

mtllib gnome single obj.mtl
g default
v 3.025647 5.957788 -1.716432
v 2.612497 5.694476 -2.892448
v 1.752673 5.661522 -3.555145
v 0.033049 5.666048 -3.960892
v -1.666247 5.673624 -3.583708
v -2.521355 5.722618 -2.893562
v -3.176495 5.902287 -1.806596
v -3.023079 6.209293 -0.291419
v -2.497636 6.209293 0.861844
v -1.861957 6.209293 1.716118
v -0.963330 6.677915 2.286924
v 0.963330 6.677915 2.286925
v 1.861956 6.209293 1.716118
v 2.497636 6.209293 0.861845
v 2.633204 6.209293 -0.145839
v 0.534649 11.914130 -0.376313
v 0.409203 11.914130 -0.564057
v 0.221459 11.914130 -0.689504
v 0.000000 11.914130 -0.733555
v -0.221458 11.914130 -0.689504
v -0.409202 11.914130 -0.564058
v -0.534648 11.914130 -0.376314
v -0.578699 11.914130 -0.154856
v -0.534649 11.914130 0.066603
v -0.409202 11.914130 0.254347
v -0.221459 11.914130 0.379793
v 0.221458 11.914130 0.379793
v 0.409202 11.914130 0.254347
v 0.534648 11.914130 0.066603
v 0.578699 11.914130 -0.154855
v 1.303337 8.767076 -0.685697
v 1.410721 8.767076 -0.145839
v 1.303337 8.767076 0.394021
v 0.997531 8.767076 0.851692
v 0.539860 8.767076 1.157498
v -0.539860 8.767076 1.157497
v -0.997531 8.767076 0.851692
v -1.303337 8.767076 0.394020
v -1.410721 8.767076 -0.145839
v -1.303336 8.767076 -0.685699
v -0.997530 8.767076 -1.143370
v -0.539859 8.767076 -1.449175
v 0.000001 8.767076 -1.556559
v 0.539860 8.767076 -1.449175
v 0.997531 8.767076 -1.143368
v 2.579786 7.495609 -1.439828
v 2.102572 7.855376 -0.145839
v 2.005490 7.855376 0.657991
v 1.487312 7.890856 1.339445
v 0.803830 7.984539 1.794778
v -0.803830 7.984539 1.794778
v -1.487312 7.890856 1.339445
v -2.005490 7.855376 0.657990
v -2.407508 7.855376 -0.145839
v -2.635797 7.512953 -1.443283
v -1.976539 7.610077 -2.318673
v -1.191608 7.463081 -2.835293
v 0.052669 7.377780 -3.129940
v 1.297450 7.451928 -2.836840
v 2.083809 7.591770 -2.319835
v 0.407117 7.032850 2.413751
v -0.407118 7.032850 2.413751
v -0.127105 11.914130 0.379793
v 0.127105 11.914130 0.379793
v 0.224613 8.767076 1.187038
v -0.224613 8.767076 1.187038
v 0.388791 8.051517 1.877335
v -0.388792 8.051517 1.877335
v 1.773527 6.051032 -1.242848
v 1.427192 6.103566 -1.758508
v 0.562314 6.357490 -2.268251
v -0.017227 6.057688 -2.084791
v -0.582486 6.365547 -2.264040
v -1.447536 6.115222 -1.759415
v -1.928157 6.014775 -1.285059
v -1.890648 6.223377 -0.419186
v -1.935878 6.260238 0.470952
v -1.447962 6.260238 1.126651
v -0.758220 6.619928 1.564775
v -0.331299 6.892359 1.662120
v 0.720590 6.619928 1.564775
v 1.410332 6.260238 1.126651
v 1.898248 6.260238 0.470953
v 1.600498 6.223377 -0.365234
v 0.293669 6.892359 1.662120
v 3.559444 6.659679 -1.789030
v 3.647762 6.437985 -1.835389
v 3.509140 6.234695 -1.818673
v 3.104745 6.641394 -0.145839
v 3.198687 6.854662 -0.161762
v 3.094449 7.061821 -0.199656
v 2.933533 6.641642 1.042400
v 3.018419 6.854826 1.077559
v 2.918920 7.062158 1.036346
v 2.192864 6.638125 2.047025
v 2.258612 6.857880 2.112648
v 2.179226 7.075963 2.032961
v 1.156795 7.084894 2.688376
v 1.199953 7.317610 2.764002
v 1.146990 7.520600 2.623242
v -1.146991 7.520600 2.623242
v -1.199953 7.317610 2.764002
v -1.156796 7.084894 2.688376
v -2.192864 6.638125 2.047024
v -2.260778 6.855330 2.114817
v -2.186555 7.067331 2.040306
v -2.933347 6.641456 1.042321
v -3.018426 6.854716 1.077561
v -2.919132 7.061975 1.036433
v -3.566763 6.640429 -0.194828
v -3.668578 6.854294 -0.160837
v -3.550119 7.062087 -0.145840
v -3.679982 6.240275 -1.863959
v -3.805353 6.450580 -1.858959
v -3.706615 6.666765 -1.804528
v -2.680285 5.995883 -3.215760
v -2.717825 6.194022 -3.323745
v -2.655702 6.413952 -3.275774
v -1.684329 5.869364 -3.996764
v -1.666508 6.044187 -4.150489
v -1.606570 6.270729 -4.116304
v 0.040324 5.921704 -4.367241
v 0.044448 6.124229 -4.489048
v 0.046990 6.342762 -4.387521
v 1.771706 5.858132 -3.968069
v 1.755147 6.033058 -4.121616
v 1.697300 6.259159 -4.087404
v 2.772726 5.966431 -3.214671
v 2.811226 6.164311 -3.322074
v 2.750488 6.385483 -3.273278
v 0.388971 7.729816 2.707190
v 0.391946 7.535835 2.870003
v 0.397939 7.305971 2.772293
v -0.398089 7.301524 2.766452
v -0.391997 7.534372 2.868066
v -0.388973 7.729816 2.707190
v 0.752656 10.340604 -0.466825
v 0.814669 10.340604 -0.155065
v 0.752656 10.340604 0.156695
v 0.576058 10.340604 0.420993
v 0.311760 10.340604 0.597591
v 0.147613 10.340604 0.608445
v -0.147613 10.340604 0.608445
v -0.311760 10.340604 0.597591
v -0.576058 10.340604 0.420993
v -0.752656 10.340604 0.156694
v -0.814669 10.340604 -0.155066
v -0.752656 10.340604 -0.466826
v -0.576058 10.340604 -0.731124
v -0.311760 10.340604 -0.907722
v 0.000000 10.340604 -0.969734
v 0.311761 10.340604 -0.907721
v 0.576058 10.340604 -0.731123
v 0.345555 12.010733 -0.305781
v 0.264477 12.010733 -0.427124
v 0.143135 12.010733 -0.508206
v 0.000000 12.010733 -0.536671
v -0.143134 12.010733 -0.508206
v -0.264481 12.010733 -0.427124
v -0.345555 12.010733 -0.305781
v -0.374026 12.010733 -0.162645
v -0.345555 12.010733 -0.019512
v -0.264481 12.010733 0.101833
v -0.143134 12.010733 0.182909
v -0.082151 12.010733 0.182912
v 0.143133 12.010733 0.182912
v 0.264481 12.010733 0.101835
v 0.345555 12.010733 -0.019510
v 0.374026 12.010733 -0.162645
v 0.082151 12.010733 0.182909
v 0.143135 12.010733 -0.162645
v 0.143134 12.010733 -0.019511
v -0.143133 12.010733 -0.019511
v -0.143134 12.010733 -0.162645
v -0.143134 12.010733 -0.305781
v 0.143135 12.010733 -0.305781
v -0.034028 12.010733 -0.019511
v 0.034029 12.010733 -0.019511
v 0.000001 12.010733 -0.162645
v 0.000000 12.010733 -0.305781
v -0.018815 6.892359 1.685047
v -0.000000 7.032850 2.436677
v -0.000075 7.303748 2.792299
v -0.000025 7.535104 2.891961
v -0.000001 7.729816 2.730116
v -0.000000 8.051517 1.900261
v -0.000000 8.767076 1.209964
v -0.000000 10.340604 0.631372
v -0.000000 11.914130 0.402720
v 0.000000 12.010733 0.205837
v 0.000001 12.010733 0.002824
v 1.791144 3.959408 -1.034117
v 1.034117 3.959408 -1.791144
v 0.000000 3.959408 -2.068234
v -1.034117 3.959408 -1.791144
v -1.791144 3.959408 -1.034117
v -2.068234 3.959408 0.000000
v -1.791144 3.959408 1.034117
v -1.034117 3.959408 1.791144
v 0.000000 3.959408 2.068234
v 1.034117 3.959408 1.791144
v 1.791144 3.959408 1.034117
v 2.068234 3.959408 0.000000
v 0.889962 8.791143 -0.513820
v 0.513820 8.791143 -0.889962
v 0.000000 8.791143 -1.027640
v -0.513820 8.791143 -0.889962
v -0.889962 8.791143 -0.513820
v -1.027640 8.791143 0.000000
v -0.889962 8.791143 0.513820
v -0.513820 8.791143 0.889962
v 0.000000 8.791143 1.027640
v 0.513820 8.791143 0.889962
v 0.889962 8.791143 0.513820
v 1.027640 8.791143 0.000000
v 1.528761 4.440927 -0.882631
v 1.765262 4.440927 0.000000
v 1.528761 4.440927 0.882631
v 0.882631 4.440927 1.528761
v 0.000000 4.440927 1.765262
v -0.882631 4.440927 1.528761
v -1.528761 4.440927 0.882631
v -1.765262 4.440927 0.000000
v -1.528761 4.440927 -0.882631
v -0.882631 4.440927 -1.528761
v 0.000000 4.440927 -1.765262
v 0.882631 4.440927 -1.528761
v 1.447090 6.956329 -0.835478
v 1.670956 6.956329 0.000000
v 1.447090 6.956329 0.835478
v 0.835478 6.956329 1.447090
v 0.000000 6.956329 1.670956
v -0.835478 6.956329 1.447090
v -1.447090 6.956329 0.835478
v -1.670956 6.956329 0.000000
v -1.447090 6.956329 -0.835478
v -0.835478 6.956329 -1.447090
v 0.000000 6.956329 -1.670956
v 0.835478 6.956329 -1.447090
v 1.642666 5.669423 -0.948393
v 1.896787 5.669423 0.000000
v 1.642666 5.669423 0.948393
v 0.948393 5.669423 1.642666
v 0.000000 5.669423 1.896787
v -0.948393 5.669423 1.642666
v -1.642666 5.669423 0.948393
v -1.896787 5.669423 0.000000
v -1.642666 5.669423 -0.948393
v -0.948393 5.669423 -1.642666
v 0.000000 5.669423 -1.896787
v 0.948393 5.669423 -1.642666
v 0.612372 6.498186 1.532218
v -0.612372 6.498186 1.532218
v -0.707107 6.083282 1.532218
v -0.643454 5.794775 1.534578
v -0.279772 5.494267 1.532218
v 0.279772 5.494267 1.532218
v 0.643454 5.794775 1.534578
v 0.707107 6.083282 1.532218
v 0.800103 6.606572 1.856642
v -0.800103 6.606572 1.856642
v -0.923880 6.083282 1.856642
v -0.863658 5.714110 1.863092
v -0.353080 5.308433 1.856642
v 0.353080 5.308433 1.856642
v 0.863658 5.714110 1.863092
v 0.923880 6.083282 1.856642
v 0.866025 6.644632 2.239325
v -0.866025 6.644632 2.239325
v -1.000000 6.083282 2.239325
v -0.944603 5.684439 2.247990
v -0.378822 5.243176 2.239325
v 0.378822 5.243176 2.239325
v 0.944603 5.684439 2.247990
v 1.000000 6.083282 2.239325
v 0.800103 6.606572 2.622008
v -0.800103 6.606572 2.622008
v -0.923880 6.083282 2.622008
v -0.873964 5.710277 2.630673
v -0.353080 5.308433 2.622008
v 0.353080 5.308433 2.622008
v 0.873964 5.710277 2.630673
v 0.923880 6.083282 2.622008
v 0.612372 6.498186 2.946432
v -0.612372 6.498186 2.946432
v -0.707107 6.083282 2.946432
v -0.662497 5.787691 2.952883
v -0.279772 5.494267 2.946432
v 0.279772 5.494267 2.946432
v 0.662497 5.787691 2.952883
v 0.707107 6.083282 2.946432
v 0.331414 6.335974 3.163205
v -0.331414 6.335974 3.163205
v -0.382683 6.083282 3.163205
v -0.342394 5.904895 3.165564
v -0.170060 5.772389 3.163205
v 0.170060 5.772389 3.163205
v 0.342394 5.904895 3.165564
v 0.382683 6.083282 3.163205
v 0.251079 6.777099 1.532218
v 0.340599 6.966384 1.856642
v 0.372034 7.032853 2.239325
v 0.340599 6.966384 2.622008
v 0.251079 6.777099 2.946432
v 0.117103 6.493814 3.163205
v -0.251079 6.777099 1.532218
v -0.340599 6.966384 1.856642
v -0.372034 7.032853 2.239325
v -0.340599 6.966384 2.622008
v -0.251079 6.777099 2.946432
v -0.117103 6.493814 3.163205
v 0.224213 6.274662 3.188013
v 0.079224 6.381446 3.188013
v -0.224213 6.274662 3.188013
v -0.258899 6.083811 3.188013
v -0.231641 5.963126 3.189609
v -0.115051 5.873481 3.188013
v 0.115051 5.873481 3.188013
v 0.231641 5.963126 3.189609
v 0.258899 6.083811 3.188013
v -0.079224 6.381446 3.188013
v -0.083405 6.083811 3.188013
v 0.083405 6.083811 3.188013
v -2.752043 3.981177 0.000003
v -2.577912 3.566582 1.068336
v -2.029242 2.892462 2.003295
v 2.002264 2.889771 2.005542
v 2.552095 3.566582 1.068336
v 2.728146 3.981177 0.000003
v -1.888386 5.769505 -0.000001
v -1.735781 5.669423 0.948393
v -1.064822 5.544028 1.744630
v 1.034894 5.542980 1.746397
v 1.709965 5.669423 0.948393
v 1.864488 5.769505 -0.000001
v 2.569650 5.018406 0.000003
v 2.326608 4.642334 1.427522
v 1.729858 4.446128 2.248362
v -1.757676 4.448805 2.244925
v -2.352425 4.642334 1.427522
v -2.593548 5.018406 -0.000003
v 2.267855 5.463447 -0.000001
v 2.000792 5.371299 1.144071
v 1.302233 5.132886 2.007444
v -1.332208 5.133559 2.005786
v -2.026608 5.371299 1.144071
v -2.291752 5.463447 -0.000002
v -1.701532 3.676521 -0.870683
v -0.035811 3.554652 -1.218975
v 1.681137 3.676521 -0.870683
v -1.701532 4.856860 -0.870685
v -0.035812 4.791915 -1.220721
v 1.681137 4.856860 -0.870683
v -1.701532 5.423263 -0.710254
v -0.035812 5.399922 -1.122804
v 1.681137 5.423263 -0.710253
v 1.681137 5.739472 -0.488728
v -0.035811 5.709445 -0.977385
v -1.701532 5.739472 -0.488728
v 1.105528 2.228617 2.623665
v -0.035639 1.932850 2.889562
v -1.131462 2.226508 2.622720
v 0.982989 4.210087 2.816145
v -0.035498 4.090001 3.117601
v -1.009142 4.211409 2.814730
v 0.671151 5.012501 2.344648
v -0.035861 4.966835 2.444675
v -0.697013 5.012910 2.344748
v -0.689933 5.440424 1.975516
v -0.035839 5.374531 2.084088
v 0.664094 5.439975 1.975361
v -2.722988 4.499792 -0.000000
v -1.701532 4.266691 -0.870684
v -0.035812 4.173284 -1.219848
v 1.681137 4.266691 -0.870683
v 2.699090 4.499792 0.000003
v 2.501262 4.104458 1.298648
v 1.865044 3.605177 2.215819
v 1.085458 3.279361 2.920602
v -0.035568 3.096595 3.084709
v -1.111295 3.277433 2.919629
v -1.892443 3.607941 2.213063
v -2.527079 4.104458 1.298648
v 2.334703 3.713883 0.147336
v 1.461703 3.414312 -0.390250
v -2.359052 3.713894 0.147705
v -2.080130 3.312541 0.867905
v -1.631513 2.694073 1.660325
v -0.881782 2.067211 2.162205
v 1.604749 2.691427 1.662437
v 2.054301 3.312509 0.867924
v -1.482407 3.414323 -0.389919
v -0.035118 3.296914 -0.689609
v 0.856158 2.069384 2.162961
v -0.035308 1.779141 2.390370
v 0.000000 4.274171 -1.675429
v -0.586347 4.274171 -1.617831
v -1.023040 4.274171 -1.448964
v -1.398037 4.274171 -1.180334
v -1.685783 4.274171 -0.830249
v -1.866667 4.274171 -0.422566
v -1.928364 4.274171 0.003795
v -1.866667 4.274171 0.494169
v -1.685783 4.274171 0.901914
v -1.398038 4.274171 1.248666
v -1.023041 4.274171 1.524505
v -0.586348 4.274171 1.642412
v 0.000000 4.274171 1.695908
v 0.000000 4.403603 -1.715393
v -0.597427 4.403603 -1.656434
v -1.044445 4.403603 -1.483574
v -1.428308 4.403603 -1.208593
v -1.722856 4.403603 -0.850231
v -1.908017 4.403603 -0.432910
v -1.971172 4.403603 0.003715
v -1.908017 4.403603 0.505767
v -1.722856 4.403603 0.924319
v -1.428308 4.403603 1.280353
v -1.044445 4.403603 1.563312
v -0.597427 4.403603 1.686049
v 0.000000 4.403603 1.740718
v 0.000000 4.498352 -1.824578
v -0.627697 4.498352 -1.761899
v -1.102922 4.498352 -1.578131
v -1.511007 4.498352 -1.285799
v -1.824121 4.498352 -0.904824
v -2.020851 4.498352 -0.461169
v -2.088001 4.498352 0.003619
v -2.020987 4.498352 0.537452
v -1.824142 4.498352 0.985532
v -1.511007 4.498352 1.366920
v -1.102922 4.498352 1.669336
v -0.627697 4.498352 1.805253
v 0.000000 4.498352 1.863143
v 0.000000 4.533033 -1.973728
v -0.669046 4.533033 -1.905966
v -1.182804 4.533033 -1.707298
v -1.623977 4.533033 -1.391263
v -1.959020 4.533033 -0.979398
v -2.167762 4.533033 -0.499772
v -2.239271 4.533033 0.003619
v -2.171415 4.533033 0.580736
v -1.961168 4.533033 1.069150
v -1.625324 4.533033 1.485173
v -1.182804 4.533033 1.814166
v -0.669047 4.533033 1.968043
v 0.000000 4.533033 2.030379
v 0.000000 4.498352 -2.122877
v -0.710396 4.498352 -2.050034
v -1.262685 4.498352 -1.836466
v -1.736946 4.498352 -1.496728
v -2.085021 4.498352 -1.053973
v -2.302533 4.498352 -0.538375
v -2.376965 4.498352 0.003619
v -2.310311 4.498352 0.624020
v -2.090126 4.498352 1.152768
v -1.739282 4.498352 1.603427
v -1.262685 4.498352 1.958996
v -0.710397 4.498352 2.130756
v 0.000000 4.498352 2.197615
v 0.000000 4.403603 -2.232062
v -0.740666 4.403603 -2.155498
v -1.321162 4.403603 -1.931022
v -1.819645 4.403603 -1.573933
v -2.160311 4.403603 -1.108566
v -2.376644 4.403603 -0.566634
v -2.450721 4.403603 0.003619
v -2.386420 4.403603 0.655706
v -2.167325 4.403603 1.213980
v -1.818373 4.403603 1.689994
v -1.321162 4.403603 2.065019
v -0.740667 4.403603 2.249805
v 0.000000 4.403603 2.320040
v 0.000000 0.351117 -2.411080
v 0.000000 0.201117 -2.368947
v -0.735592 0.351117 -2.328925
v -0.724794 0.201117 -2.288227
v -1.311359 0.351117 -2.088057
v -1.290500 0.201117 -2.051569
v -1.805737 0.569427 -1.705011
v -1.827693 0.440298 -1.623117
v -2.344833 0.940007 -1.247175
v -2.384851 0.801529 -1.183495
v -2.970376 1.010964 -0.645287
v -2.937376 0.860964 -0.635188
v -3.051824 1.010964 -0.000000
v -3.017327 0.860964 -0.000000
v -2.971076 1.010964 0.646775
v -2.937546 0.860964 0.635472
v -2.336704 1.010964 1.200099
v -2.326181 0.860964 1.178265
v -1.697626 0.881621 1.765723
v -1.733471 0.763738 1.682891
v -1.175554 0.656071 2.101871
v -1.234426 0.529280 2.031714
v -0.684504 0.456662 2.238977
v -0.697292 0.308827 2.190644
v 0.000000 0.435897 2.295897
v 0.000000 0.285898 2.252228
v 0.000000 0.091310 -2.253836
v -0.695296 0.091310 -2.177038
v -1.233513 0.091310 -1.951879
v -1.787875 0.348407 -1.500654
v -2.373004 0.701697 -1.081891
v -2.828244 0.751157 -0.604594
v -2.904284 0.751157 -0.000000
v -2.828244 0.751157 0.604594
v -2.255946 0.751157 1.118612
v -1.695585 0.671786 1.556960
v -1.233254 0.436014 1.902718
v -0.686487 0.200818 2.069944
v 0.000000 0.176090 2.132922
v 0.000000 0.051117 -2.096591
v -0.654999 0.051117 -2.025152
v -1.155667 0.051117 -1.815702
v -1.696950 0.318377 -1.370434
v -2.304044 0.667260 -0.979585
v -2.677857 0.710964 -0.562413
v -2.748591 0.710964 -0.000000
v -2.677857 0.710964 0.562413
v -2.155877 0.710964 1.037124
v -1.605522 0.640383 1.421674
v -1.176348 0.402575 1.749447
v -0.654984 0.161575 1.909186
v 0.000000 0.135897 1.969947
v 0.000000 0.091310 -1.939347
v -0.614703 0.091310 -1.873266
v -1.077820 0.091310 -1.679524
v -1.584523 0.358253 -1.267351
v -2.194499 0.707447 -0.903923
v -2.527470 0.751157 -0.520155
v -2.592899 0.751157 -0.000000
v -2.527470 0.751157 0.520232
v -2.056415 0.751157 0.955637
v -1.489790 0.679448 1.313282
v -1.090859 0.441845 1.612969
v -0.611224 0.201615 1.751393
v 0.000000 0.176090 1.806973
v 0.000000 0.201117 -1.824236
v -0.585204 0.201117 -1.762077
v -1.020833 0.201117 -1.579835
v -1.477066 0.457352 -1.219025
v -2.075540 0.811488 -0.874974
v -2.417379 0.860964 -0.489281
v -2.478925 0.860964 -0.000000
v -2.417379 0.860964 0.489353
v -1.983654 0.860964 0.895984
v -1.377868 0.778514 1.260828
v -0.999814 0.543338 1.529854
v -0.566934 0.310207 1.638844
v 0.000000 0.285898 1.687667
v 0.000000 4.190473 -2.289971
v 0.000000 1.783799 -2.622535
v 0.000000 0.822419 -2.467590
v -0.779836 4.190473 -2.211454
v -0.831861 1.797562 -2.531883
v -0.760541 0.880179 -2.393944
v -1.396833 4.190474 -1.981253
v -1.504207 1.845277 -2.277579
v -1.359098 0.920853 -2.156209
v -1.926435 4.191816 -1.614853
v -2.019051 1.903877 -1.856168
v -1.887617 1.123687 -1.777589
v -2.253659 4.194805 -1.137354
v -2.369603 1.972815 -1.305865
v -2.451577 1.416892 -1.290953
v -2.470745 4.195410 -0.581789
v -2.542914 2.005525 -0.664698
v -2.635376 1.510038 -0.693166
v -2.544825 4.195411 0.002951
v -2.657802 2.005528 0.037894
v -2.731024 1.521615 0.013444
v -2.524625 4.195413 0.713496
v -2.579492 2.005528 0.774293
v -2.632374 1.509927 0.759633
v -2.301859 4.195416 1.326244
v -2.276193 2.002789 1.460883
v -2.299156 1.485299 1.395040
v -1.947541 4.195076 1.849098
v -1.937592 1.948854 2.027020
v -1.808214 1.313231 1.957930
v -1.429350 4.192949 2.260501
v -1.430593 1.840886 2.384260
v -1.195021 1.028291 2.301224
v -0.796781 4.191162 2.469650
v -0.831492 1.755889 2.594942
v -0.716698 0.920963 2.472064
v 0.000000 4.190975 2.546370
v 0.000000 1.667533 2.670666
v 0.000000 0.859391 2.521321
v 0.000000 3.386665 -2.608043
v -0.832638 3.393691 -2.519225
v -1.462425 3.418053 -2.264555
v -1.909912 3.413086 -1.850891
v -2.299598 3.450215 -1.311241
v -2.525356 3.467306 -0.682916
v -2.600555 3.467308 0.007337
v -2.572765 3.467309 0.760009
v -2.302734 3.467309 1.413109
v -1.922761 3.449471 1.976094
v -1.439597 3.417411 2.397447
v -0.841414 3.396719 2.618845
v 0.000000 3.394687 2.698304
v 0.586348 4.274171 -1.617831
v 1.023041 4.274171 -1.448964
v 1.398038 4.274171 -1.180334
v 1.685784 4.274171 -0.830249
v 1.866668 4.274171 -0.422566
v 1.928364 4.274171 0.003795
v 1.866668 4.274171 0.494169
v 1.685784 4.274171 0.901914
v 1.398039 4.274171 1.248666
v 1.023041 4.274171 1.524505
v 0.586348 4.274171 1.642412
v 0.597427 4.403603 -1.656434
v 1.044445 4.403603 -1.483574
v 1.428308 4.403603 -1.208593
v 1.722857 4.403603 -0.850231
v 1.908018 4.403603 -0.432910
v 1.971173 4.403603 0.003715
v 1.908018 4.403603 0.505767
v 1.722857 4.403603 0.924319
v 1.428309 4.403603 1.280353
v 1.044446 4.403603 1.563312
v 0.597428 4.403603 1.686049
v 0.627697 4.498352 -1.761899
v 1.102922 4.498352 -1.578131
v 1.511008 4.498352 -1.285799
v 1.824121 4.498352 -0.904824
v 2.020851 4.498352 -0.461169
v 2.088002 4.498352 0.003619
v 2.020987 4.498352 0.537452
v 1.824143 4.498352 0.985532
v 1.511008 4.498352 1.366920
v 1.102923 4.498352 1.669336
v 0.627698 4.498352 1.805253
v 0.669047 4.533033 -1.905966
v 1.182804 4.533033 -1.707298
v 1.623977 4.533033 -1.391263
v 1.959020 4.533033 -0.979398
v 2.167762 4.533033 -0.499772
v 2.239272 4.533033 0.003619
v 2.171415 4.533033 0.580736
v 1.961169 4.533033 1.069150
v 1.625324 4.533033 1.485173
v 1.182804 4.533033 1.814166
v 0.669047 4.533033 1.968043
v 0.710397 4.498352 -2.050034
v 1.262685 4.498352 -1.836466
v 1.736946 4.498352 -1.496728
v 2.085022 4.498352 -1.053973
v 2.302533 4.498352 -0.538375
v 2.376965 4.498352 0.003619
v 2.310311 4.498352 0.624020
v 2.090126 4.498352 1.152768
v 1.739282 4.498352 1.603427
v 1.262686 4.498352 1.958996
v 0.710397 4.498352 2.130756
v 0.740667 4.403603 -2.155498
v 1.321162 4.403603 -1.931022
v 1.819645 4.403603 -1.573933
v 2.160311 4.403603 -1.108566
v 2.376645 4.403603 -0.566634
v 2.450721 4.403603 0.003619
v 2.386420 4.403603 0.655706
v 2.167325 4.403603 1.213980
v 1.818373 4.403603 1.689994
v 1.321163 4.403603 2.065019
v 0.740667 4.403603 2.249805
v 0.735592 0.351117 -2.328925
v 0.724795 0.201117 -2.288227
v 1.311359 0.351117 -2.088057
v 1.290501 0.201117 -2.051569
v 1.805737 0.569427 -1.705011
v 1.827694 0.440298 -1.623117
v 2.344834 0.940007 -1.247175
v 2.384851 0.801529 -1.183495
v 2.970376 1.010964 -0.645287
v 2.937376 0.860964 -0.635188
v 3.051825 1.010964 -0.000000
v 3.017327 0.860964 -0.000000
v 2.971076 1.010964 0.646775
v 2.937546 0.860964 0.635472
v 2.336704 1.010964 1.200099
v 2.326182 0.860964 1.178265
v 1.697626 0.881621 1.765723
v 1.733471 0.763738 1.682891
v 1.175555 0.656071 2.101871
v 1.234426 0.529280 2.031714
v 0.684505 0.456662 2.238977
v 0.697293 0.308827 2.190644
v 0.695296 0.091310 -2.177038
v 1.233513 0.091310 -1.951879
v 1.787875 0.348407 -1.500654
v 2.373004 0.701697 -1.081891
v 2.828245 0.751157 -0.604594
v 2.904284 0.751157 -0.000000
v 2.828245 0.751157 0.604594
v 2.255947 0.751157 1.118612
v 1.695585 0.671786 1.556960
v 1.233254 0.436014 1.902718
v 0.686488 0.200818 2.069944
v 0.655000 0.051117 -2.025152
v 1.155667 0.051117 -1.815702
v 1.696951 0.318377 -1.370434
v 2.304044 0.667260 -0.979585
v 2.677858 0.710964 -0.562413
v 2.748592 0.710964 -0.000000
v 2.677858 0.710964 0.562413
v 2.155878 0.710964 1.037124
v 1.605523 0.640383 1.421674
v 1.176349 0.402575 1.749447
v 0.654985 0.161575 1.909186
v 0.614704 0.091310 -1.873266
v 1.077821 0.091310 -1.679524
v 1.584523 0.358253 -1.267351
v 2.194499 0.707447 -0.903923
v 2.527470 0.751157 -0.520155
v 2.592900 0.751157 -0.000000
v 2.527471 0.751157 0.520232
v 2.056416 0.751157 0.955637
v 1.489791 0.679448 1.313282
v 1.090860 0.441845 1.612969
v 0.611225 0.201615 1.751393
v 0.585205 0.201117 -1.762077
v 1.020833 0.201117 -1.579835
v 1.477067 0.457352 -1.219025
v 2.075541 0.811488 -0.874974
v 2.417379 0.860964 -0.489281
v 2.478925 0.860964 -0.000000
v 2.417379 0.860964 0.489353
v 1.983654 0.860964 0.895984
v 1.377868 0.778514 1.260828
v 0.999815 0.543338 1.529854
v 0.566934 0.310207 1.638844
v 0.779837 4.190473 -2.211454
v 0.831862 1.797562 -2.531883
v 0.760541 0.880179 -2.393944
v 1.396834 4.190474 -1.981253
v 1.504208 1.845277 -2.277579
v 1.359099 0.920853 -2.156209
v 1.926435 4.191816 -1.614853
v 2.019052 1.903877 -1.856168
v 1.887617 1.123687 -1.777589
v 2.253659 4.194805 -1.137354
v 2.369603 1.972815 -1.305865
v 2.451578 1.416892 -1.290953
v 2.470746 4.195410 -0.581789
v 2.542914 2.005525 -0.664698
v 2.635377 1.510038 -0.693166
v 2.544826 4.195411 0.002951
v 2.657802 2.005528 0.037894
v 2.731025 1.521615 0.013444
v 2.524625 4.195413 0.713496
v 2.579493 2.005528 0.774293
v 2.632375 1.509927 0.759633
v 2.301859 4.195416 1.326244
v 2.276193 2.002789 1.460883
v 2.299157 1.485299 1.395040
v 1.947542 4.195076 1.849098
v 1.937593 1.948854 2.027020
v 1.808214 1.313231 1.957930
v 1.429350 4.192949 2.260501
v 1.430594 1.840886 2.384260
v 1.195021 1.028291 2.301224
v 0.796782 4.191162 2.469650
v 0.831493 1.755889 2.594942
v 0.716698 0.920963 2.472064
v 0.832638 3.393691 -2.519225
v 1.462426 3.418053 -2.264555
v 1.909913 3.413086 -1.850891
v 2.299598 3.450215 -1.311241
v 2.525357 3.467306 -0.682916
v 2.600555 3.467308 0.007337
v 2.572765 3.467309 0.760009
v 2.302734 3.467309 1.413109
v 1.922762 3.449471 1.976094
v 1.439598 3.417411 2.397447
v 0.841415 3.396719 2.618845
v 1.045499 0.057226 1.110400
v 1.163484 0.057226 1.477691
v 1.517037 0.057226 1.800530
v 1.993517 0.057226 1.918697
v 2.482963 0.057226 1.800530
v 2.836516 0.057226 1.477691
v 2.954501 0.057226 1.110400
v 1.022808 0.122377 1.111773
v 1.143597 0.122377 1.493248
v 1.505556 0.122377 1.827475
v 1.993589 0.122377 1.949811
v 2.494444 0.122377 1.827475
v 2.856403 0.122377 1.493248
v 2.977192 0.122377 1.111773
v 1.045499 0.278097 1.110400
v 1.163484 0.278097 1.477691
v 1.517037 0.278097 1.800530
v 1.993517 0.278097 1.918697
v 2.482963 0.278097 1.800530
v 2.836516 0.278097 1.477691
v 2.954501 0.278097 1.110400
v 1.144218 0.423205 1.106373
v 1.250000 0.423205 1.432080
v 1.566987 0.423205 1.721529
v 1.993517 0.423205 1.827475
v 2.433013 0.423205 1.721529
v 2.750000 0.423205 1.432080
v 2.855782 0.423205 1.106373
v 1.301257 0.547812 1.099967
v 1.387628 0.547812 1.359524
v 1.646447 0.547812 1.595858
v 1.993517 0.547812 1.682363
v 2.353553 0.547812 1.595858
v 2.612372 0.547812 1.359524
v 2.698743 0.547812 1.099967
v 1.505914 0.643426 1.091619
v 1.566987 0.643426 1.264966
v 1.750000 0.643426 1.432080
v 1.993517 0.643426 1.493248
v 2.250000 0.643426 1.432080
v 2.433013 0.643426 1.264966
v 2.494086 0.643426 1.091619
v 1.613912 0.643427 1.086992
v 1.661635 0.643427 1.212550
v 1.804645 0.643427 1.341292
v 1.993517 0.643427 1.388415
v 2.195355 0.643427 1.341292
v 2.338365 0.643427 1.212550
v 2.386088 0.643427 1.086992
v 1.163845 0.057226 1.105572
v 1.267201 0.057226 1.423012
v 1.576918 0.057226 1.705823
v 1.993517 0.057226 1.809339
v 2.423082 0.057226 1.705823
v 2.732799 0.057226 1.423012
v 2.836155 0.057226 1.105572
v 1.695568 0.057226 1.083884
v 1.733200 0.057226 1.177341
v 1.845962 0.057226 1.280307
v 1.993517 0.057226 1.317998
v 2.154038 0.057226 1.280307
v 2.266800 0.057226 1.177341
v 2.304432 0.057226 1.083884
v 1.034074 0.057226 -1.009706
v 1.011111 0.122377 -1.009706
v 2.965926 0.057226 -1.009706
v 2.988889 0.122377 -1.009706
v 1.034074 0.278097 -1.009706
v 2.965926 0.278097 -1.009706
v 1.133975 0.423205 -1.009706
v 2.866025 0.423205 -1.009706
v 1.292893 0.547812 -1.009706
v 2.707107 0.547812 -1.009706
v 1.500000 0.643426 -1.009706
v 2.500000 0.643426 -1.009706
v 1.609290 0.643427 -1.009706
v 2.390710 0.643427 -1.009706
v 1.993517 0.643427 -1.009706
v 1.153837 0.057226 -1.009706
v 2.846163 0.057226 -1.009706
v 1.691924 0.057226 -1.009706
v 2.308076 0.057226 -1.009706
v 2.308076 0.057226 0.862815
v 2.846163 0.057226 0.862815
v 2.965926 0.057226 0.862815
v 2.988889 0.122377 0.862815
v 2.965926 0.278097 0.862815
v 2.866025 0.423205 0.862815
v 2.707107 0.547812 0.862815
v 2.500000 0.643426 0.862815
v 2.390710 0.643427 0.862815
v 1.993517 0.643427 0.862815
v 1.609290 0.643427 0.862815
v 1.500000 0.643426 0.862815
v 1.292893 0.547812 0.862815
v 1.133975 0.423205 0.862815
v 1.034074 0.278097 0.862815
v 1.011111 0.122377 0.862815
v 1.034074 0.057226 0.862815
v 1.153837 0.057226 0.862815
v 1.691924 0.057226 0.862815
v 1.993517 0.057226 -1.009706
v 1.993517 0.057226 0.862815
v 1.993517 0.057226 1.083884
v 1.993517 0.057226 1.177341
v 2.192113 0.643427 -1.009706
v 2.192113 0.643427 0.862815
v 1.801404 0.643427 0.862815
v 1.801404 0.643427 -1.009706
v 1.993517 0.643427 1.086992
v 1.801404 0.643427 1.086992
v 2.192113 0.643427 1.086992
v 1.184432 0.057226 -1.148062
v 1.165044 0.112235 -1.148062
v 2.815568 0.057226 -1.148062
v 2.834956 0.112235 -1.148062
v 1.184432 0.243716 -1.148062
v 2.815568 0.243716 -1.148062
v 1.268782 0.366236 -1.148062
v 2.731218 0.366236 -1.148062
v 1.402963 0.471446 -1.148062
v 2.597037 0.471446 -1.148062
v 1.577831 0.552177 -1.148062
v 2.422169 0.552177 -1.148062
v 1.670109 0.552178 -1.148062
v 2.329891 0.552178 -1.148062
v 1.832317 0.552178 -1.148062
v 2.162209 0.552178 -1.148062
v 1.285552 0.057226 -1.148062
v 2.714448 0.057226 -1.148062
v 1.739879 0.057226 -1.148062
v 2.260120 0.057226 -1.148062
v 1.994526 0.057226 -1.148062
v 1.994526 0.552178 -1.148062
v 2.308076 0.057226 -0.849003
v 2.846163 0.057226 -0.849003
v 2.965926 0.057226 -0.849003
v 2.988889 0.122377 -0.849003
v 2.965926 0.278097 -0.849003
v 2.866025 0.423205 -0.849003
v 2.707107 0.547812 -0.849003
v 2.500000 0.643426 -0.849003
v 2.390710 0.643427 -0.849003
v 2.192113 0.643427 -0.849003
v 1.993517 0.643427 -0.849003
v 1.801404 0.643427 -0.849003
v 1.609290 0.643427 -0.849003
v 1.500000 0.643426 -0.849003
v 1.292893 0.547812 -0.849003
v 1.133975 0.423205 -0.849003
v 1.034074 0.278097 -0.849003
v 1.011111 0.122377 -0.849003
v 1.034074 0.057226 -0.849003
v 1.153837 0.057226 -0.849003
v 1.691924 0.057226 -0.849003
v 1.993517 0.057226 -0.849003
v 2.182276 0.099903 -1.215877
v 2.166847 0.201906 -1.215877
v 2.525035 0.201906 -1.215877
v 2.544238 0.099903 -1.215877
v 2.201803 0.057226 -1.215877
v 2.554272 0.057226 -1.215877
v 2.138201 0.378580 -1.215877
v 2.347735 0.378580 -1.215877
v 2.458977 0.296958 -1.215877
v 2.150560 0.296958 -1.215877
v 1.455763 0.099903 -1.215877
v 1.352237 0.099903 -1.215877
v 1.445728 0.057226 -1.215877
v 1.367278 0.057226 -1.215877
v 1.367278 0.201906 -1.215877
v 1.474964 0.201906 -1.215877
v 1.541023 0.296958 -1.215877
v 1.432717 0.296958 -1.215877
v 1.652265 0.378580 -1.215877
v 1.744069 0.441212 -1.215877
v 1.536816 0.378580 -1.215877
v 1.672479 0.441212 -1.215877
v 2.567283 0.296958 -1.215877
v 2.463184 0.378580 -1.215877
v 2.632722 0.201906 -1.215877
v 2.647763 0.099903 -1.215877
v 2.632722 0.057226 -1.215877
v 1.798197 0.057226 -1.215877
v 1.816757 0.099903 -1.215877
v 1.995801 0.099903 -1.215877
v 1.995753 0.057226 -1.215877
v 1.831199 0.201906 -1.215877
v 1.995753 0.201906 -1.215877
v 1.995753 0.296958 -1.215877
v 1.846575 0.296958 -1.215877
v 1.858243 0.378580 -1.215877
v 1.995753 0.378580 -1.215877
v 1.869911 0.441212 -1.215877
v 1.995753 0.441212 -1.215877
v 2.125842 0.441212 -1.215877
v 2.255931 0.441212 -1.215877
v 2.327521 0.441212 -1.215877
v 2.308076 0.057226 0.000000
v 2.846163 0.057226 0.000000
v 2.965926 0.057226 0.000000
v 2.988889 0.122377 0.000000
v 2.965926 0.278097 0.000000
v 2.866025 0.423205 0.000000
v 2.707107 0.547812 0.000000
v 2.500000 0.643426 0.000000
v 2.390710 0.643427 0.000000
v 2.192113 0.643427 0.000000
v 1.993517 0.643427 0.000000
v 1.801404 0.643427 0.000000
v 1.609290 0.643427 0.000000
v 1.500000 0.643426 0.000000
v 1.292893 0.547812 0.000000
v 1.133975 0.423205 0.000000
v 1.034074 0.278097 0.000000
v 1.011111 0.122377 0.000000
v 1.034074 0.057226 0.000000
v 1.153837 0.057226 0.000000
v 1.691924 0.057226 0.000000
v 1.993517 0.057226 0.000000
v -2.954501 0.057226 1.110400
v -2.836516 0.057226 1.477691
v -2.482963 0.057226 1.800530
v -2.006483 0.057226 1.918697
v -1.517037 0.057226 1.800530
v -1.163484 0.057226 1.477691
v -1.045499 0.057226 1.110400
v -2.977192 0.122377 1.111773
v -2.856403 0.122377 1.493248
v -2.494444 0.122377 1.827475
v -2.006411 0.122377 1.949811
v -1.505556 0.122377 1.827475
v -1.143597 0.122377 1.493248
v -1.022808 0.122377 1.111773
v -2.954501 0.278097 1.110400
v -2.836516 0.278097 1.477691
v -2.482963 0.278097 1.800530
v -2.006483 0.278097 1.918697
v -1.517037 0.278097 1.800530
v -1.163484 0.278097 1.477691
v -1.045499 0.278097 1.110400
v -2.855782 0.423205 1.106373
v -2.750000 0.423205 1.432080
v -2.433013 0.423205 1.721529
v -2.006483 0.423205 1.827475
v -1.566987 0.423205 1.721529
v -1.250000 0.423205 1.432080
v -1.144218 0.423205 1.106373
v -2.698743 0.547812 1.099967
v -2.612372 0.547812 1.359524
v -2.353553 0.547812 1.595858
v -2.006483 0.547812 1.682363
v -1.646447 0.547812 1.595858
v -1.387628 0.547812 1.359524
v -1.301257 0.547812 1.099967
v -2.494086 0.643426 1.091619
v -2.433012 0.643426 1.264966
v -2.250000 0.643426 1.432080
v -2.006483 0.643426 1.493248
v -1.750000 0.643426 1.432080
v -1.566987 0.643426 1.264966
v -1.505914 0.643426 1.091619
v -2.386088 0.643427 1.086992
v -2.338365 0.643427 1.212550
v -2.195355 0.643427 1.341292
v -2.006483 0.643427 1.388415
v -1.804645 0.643427 1.341292
v -1.661635 0.643427 1.212550
v -1.613912 0.643427 1.086992
v -2.836155 0.057226 1.105572
v -2.732799 0.057226 1.423012
v -2.423082 0.057226 1.705823
v -2.006483 0.057226 1.809339
v -1.576918 0.057226 1.705823
v -1.267201 0.057226 1.423012
v -1.163845 0.057226 1.105572
v -2.304432 0.057226 1.083884
v -2.266800 0.057226 1.177341
v -2.154038 0.057226 1.280307
v -2.006483 0.057226 1.317998
v -1.845962 0.057226 1.280307
v -1.733200 0.057226 1.177341
v -1.695568 0.057226 1.083884
v -2.965926 0.057226 -0.793829
v -2.988889 0.122377 -0.793829
v -1.034074 0.057226 -0.793829
v -1.011111 0.122377 -0.793829
v -2.965926 0.278097 -0.793829
v -1.034074 0.278097 -0.793829
v -2.866025 0.423205 -0.793829
v -1.133975 0.423205 -0.793829
v -2.707107 0.547812 -0.793829
v -1.292893 0.547812 -0.793829
v -2.500000 0.643426 -0.793829
v -1.500000 0.643426 -0.793829
v -2.390710 0.643427 -0.793829
v -1.609290 0.643427 -0.793829
v -2.006483 0.643427 -0.793829
v -2.846163 0.057226 -0.793829
v -1.153837 0.057226 -0.793829
v -2.308076 0.057226 -0.793829
v -1.691924 0.057226 -0.793829
v -1.691924 0.057226 0.862815
v -1.153837 0.057226 0.862815
v -1.034074 0.057226 0.862815
v -1.011111 0.122377 0.862815
v -1.034074 0.278097 0.862815
v -1.133975 0.423205 0.862815
v -1.292893 0.547812 0.862815
v -1.500000 0.643426 0.862815
v -1.609290 0.643427 0.862815
v -2.006483 0.643427 0.862815
v -2.390710 0.643427 0.862815
v -2.500000 0.643426 0.862815
v -2.707107 0.547812 0.862815
v -2.866025 0.423205 0.862815
v -2.965926 0.278097 0.862815
v -2.988889 0.122377 0.862815
v -2.965926 0.057226 0.862815
v -2.846163 0.057226 0.862815
v -2.308076 0.057226 0.862815
v -2.006483 0.057226 -0.793829
v -2.006483 0.057226 0.862815
v -2.006483 0.057226 1.083884
v -2.006483 0.057226 1.177341
v -1.807887 0.643427 -0.793829
v -1.807887 0.643427 0.862815
v -2.198596 0.643427 0.862815
v -2.198596 0.643427 -0.793829
v -2.006483 0.643427 1.086992
v -2.198596 0.643427 1.086992
v -1.807887 0.643427 1.086992
v -2.815568 0.057226 -0.932185
v -2.834956 0.112235 -0.932185
v -1.184432 0.057226 -0.932185
v -1.165044 0.112235 -0.932185
v -2.815568 0.243716 -0.932185
v -1.184432 0.243716 -0.932185
v -2.731218 0.366236 -0.932185
v -1.268782 0.366236 -0.932185
v -2.597037 0.471446 -0.932185
v -1.402963 0.471446 -0.932185
v -2.422169 0.552177 -0.932185
v -1.577831 0.552177 -0.932185
v -2.329891 0.552178 -0.932185
v -1.670109 0.552178 -0.932185
v -2.167683 0.552178 -0.932185
v -1.837791 0.552178 -0.932185
v -2.714448 0.057226 -0.932185
v -1.285552 0.057226 -0.932185
v -2.260120 0.057226 -0.932185
v -1.739879 0.057226 -0.932185
v -2.005474 0.057226 -0.932185
v -2.005474 0.552178 -0.932185
v -1.691924 0.057226 -0.633127
v -1.153837 0.057226 -0.633127
v -1.034074 0.057226 -0.633127
v -1.011111 0.122377 -0.633127
v -1.034074 0.278097 -0.633127
v -1.133975 0.423205 -0.633127
v -1.292893 0.547812 -0.633127
v -1.500000 0.643426 -0.633127
v -1.609290 0.643427 -0.633127
v -1.807887 0.643427 -0.633127
v -2.006483 0.643427 -0.633127
v -2.198596 0.643427 -0.633127
v -2.390710 0.643427 -0.633127
v -2.500000 0.643426 -0.633127
v -2.707107 0.547812 -0.633127
v -2.866025 0.423205 -0.633127
v -2.965926 0.278097 -0.633127
v -2.988889 0.122377 -0.633127
v -2.965926 0.057226 -0.633127
v -2.846163 0.057226 -0.633127
v -2.308076 0.057226 -0.633127
v -2.006483 0.057226 -0.633127
v -1.817723 0.099903 -1.000000
v -1.833153 0.201906 -1.000000
v -1.474965 0.201906 -1.000000
v -1.455762 0.099903 -1.000000
v -1.798197 0.057226 -1.000000
v -1.445728 0.057226 -1.000000
v -1.861799 0.378580 -1.000000
v -1.652265 0.378580 -1.000000
v -1.541023 0.296958 -1.000000
v -1.849440 0.296958 -1.000000
v -2.544237 0.099903 -1.000000
v -2.647763 0.099903 -1.000000
v -2.554272 0.057226 -1.000000
v -2.632722 0.057226 -1.000000
v -2.632722 0.201906 -1.000000
v -2.525036 0.201906 -1.000000
v -2.458977 0.296958 -1.000000
v -2.567283 0.296958 -1.000000
v -2.347735 0.378580 -1.000000
v -2.255931 0.441212 -1.000000
v -2.463184 0.378580 -1.000000
v -2.327521 0.441212 -1.000000
v -1.432717 0.296958 -1.000000
v -1.536816 0.378580 -1.000000
v -1.367278 0.201906 -1.000000
v -1.352237 0.099903 -1.000000
v -1.367278 0.057226 -1.000000
v -2.201803 0.057226 -1.000000
v -2.183243 0.099903 -1.000000
v -2.004199 0.099903 -1.000000
v -2.004247 0.057226 -1.000000
v -2.168801 0.201906 -1.000000
v -2.004246 0.201906 -1.000000
v -2.004247 0.296958 -1.000000
v -2.153425 0.296958 -1.000000
v -2.141757 0.378580 -1.000000
v -2.004247 0.378580 -1.000000
v -2.130089 0.441212 -1.000000
v -2.004246 0.441212 -1.000000
v -1.874158 0.441212 -1.000000
v -1.744069 0.441212 -1.000000
v -1.672479 0.441212 -1.000000
v -1.691924 0.057226 0.000000
v -1.153837 0.057226 0.000000
v -1.034074 0.057226 0.000000
v -1.011111 0.122377 0.000000
v -1.034074 0.278097 0.000000
v -1.133975 0.423205 0.000000
v -1.292893 0.547812 0.000000
v -1.500000 0.643426 0.000000
v -1.609290 0.643427 0.000000
v -1.807887 0.643427 0.000000
v -2.006483 0.643427 0.000000
v -2.198596 0.643427 0.000000
v -2.390710 0.643427 0.000000
v -2.500000 0.643426 0.000000
v -2.707107 0.547812 0.000000
v -2.866025 0.423205 0.000000
v -2.965926 0.278097 0.000000
v -2.988889 0.122377 0.000000
v -2.965926 0.057226 0.000000
v -2.846163 0.057226 0.000000
v -2.308076 0.057226 0.000000
v -2.006483 0.057226 0.000000
vt 0.375000 0.687500
vt 0.390625 0.687500
vt 0.406250 0.687500
vt 0.421875 0.687500
vt 0.437500 0.687500
vt 0.453125 0.687500
vt 0.468750 0.687500
vt 0.484375 0.687500
vt 0.500000 0.687500
vt 0.515625 0.687500
vt 0.531250 0.687500
vt 0.578125 0.687500
vt 0.593750 0.687500
vt 0.609375 0.687500
vt 0.625000 0.687500
vt 0.625000 0.500000
vt 0.375000 0.500000
vt 0.609375 0.500000
vt 0.593750 0.500000
vt 0.578125 0.500000
vt 0.515625 0.500000
vt 0.500000 0.500000
vt 0.484375 0.500000
vt 0.468750 0.500000
vt 0.453125 0.500000
vt 0.437500 0.500000
vt 0.421875 0.500000
vt 0.406250 0.500000
vt 0.390625 0.500000
vt 0.625000 0.453125
vt 0.554687 0.687500
vt 0.551340 0.500000
vt 0.562500 0.687500
vt 0.531250 0.500000
vt 0.539063 0.687500
vt 0.562500 0.500000
vt 0.542410 0.500000
vt 0.000000 0.000000
vt 1.000000 0.000000
vt 1.000000 1.000000
vt 0.000000 1.000000
vt 0.000000 0.000000
vt 1.000000 0.000000
vt 1.000000 1.000000
vt 0.000000 1.000000
vt 0.000000 0.000000
vt 1.000000 0.000000
vt 1.000000 1.000000
vt 0.000000 1.000000
vt 0.000000 0.000000
vt 1.000000 0.000000
vt 1.000000 1.000000
vt 0.000000 1.000000
vt 0.000000 0.000000
vt 1.000000 0.000000
vt 1.000000 1.000000
vt 0.000000 1.000000
vt 0.000000 0.000000
vt 1.000000 0.000000
vt 1.000000 1.000000
vt 0.000000 1.000000
vt 0.000000 0.000000
vt 1.000000 0.000000
vt 1.000000 1.000000
vt 0.000000 1.000000
vt 0.000000 0.000000
vt 1.000000 0.000000
vt 1.000000 1.000000
vt 0.000000 1.000000
vt 0.000000 0.000000
vt 1.000000 0.000000
vt 1.000000 1.000000
vt 0.000000 1.000000
vt 0.000000 0.000000
vt 1.000000 0.000000
vt 1.000000 1.000000
vt 0.000000 1.000000
vt 0.000000 0.000000
vt 1.000000 0.000000
vt 1.000000 1.000000
vt 0.000000 1.000000
vt 0.000000 0.000000
vt 1.000000 0.000000
vt 1.000000 1.000000
vt 0.000000 1.000000
vt 0.000000 0.000000
vt 1.000000 0.000000
vt 1.000000 1.000000
vt 0.000000 1.000000
vt 0.000000 0.000000
vt 1.000000 0.000000
vt 1.000000 1.000000
vt 0.000000 1.000000
vt 0.000000 0.000000
vt 1.000000 0.000000
vt 1.000000 1.000000
vt 0.000000 1.000000
vt 0.000000 0.000000
vt 1.000000 0.000000
vt 1.000000 1.000000
vt 0.000000 1.000000
vt 0.000000 0.000000
vt 1.000000 0.000000
vt 1.000000 1.000000
vt 0.000000 1.000000
vt 0.625000 0.368348
vt 0.375000 0.312500
vt 0.390625 0.312500
vt 0.375000 0.368348
vt 0.406250 0.312500
vt 0.390625 0.368691
vt 0.421875 0.312500
vt 0.406250 0.367609
vt 0.437500 0.312500
vt 0.421875 0.366323
vt 0.453125 0.312500
vt 0.437500 0.367591
vt 0.468750 0.312500
vt 0.453125 0.368640
vt 0.484375 0.312500
vt 0.468750 0.370795
vt 0.500000 0.312500
vt 0.484375 0.374702
vt 0.515625 0.312500
vt 0.500000 0.374851
vt 0.531250 0.312500
vt 0.515625 0.374370
vt 0.578125 0.312500
vt 0.562500 0.369948
vt 0.593750 0.312500
vt 0.578125 0.374370
vt 0.609375 0.312500
vt 0.593750 0.374878
vt 0.625000 0.312500
vt 0.609375 0.374842
vt 0.625000 0.416606
vt 0.609375 0.453125
vt 0.610015 0.416008
vt 0.593750 0.453125
vt 0.593750 0.415804
vt 0.578125 0.453125
vt 0.578125 0.416103
vt 0.562500 0.453125
vt 0.531250 0.419276
vt 0.515625 0.453125
vt 0.515625 0.415711
vt 0.500000 0.453125
vt 0.500000 0.415796
vt 0.484375 0.453125
vt 0.484375 0.415801
vt 0.468750 0.453125
vt 0.468750 0.415955
vt 0.453125 0.453125
vt 0.453125 0.414582
vt 0.437500 0.453125
vt 0.437500 0.414634
vt 0.421875 0.453125
vt 0.421875 0.414815
vt 0.406250 0.453125
vt 0.406250 0.414597
vt 0.390625 0.453125
vt 0.390625 0.414620
vt 0.375000 0.453125
vt 0.544483 0.312500
vt 0.531250 0.369948
vt 0.549009 0.360156
vt 0.562500 0.312500
vt 0.562500 0.419276
vt 0.549874 0.453125
vt 0.544621 0.421799
vt 0.531250 0.453125
vt 0.544737 0.359380
vt 0.549267 0.312500
vt 0.543876 0.453125
vt 0.549129 0.421799
vt 0.375000 0.416606
vt 0.375000 0.406250
vt 0.625000 0.406250
vt 0.609375 0.406250
vt 0.593750 0.406250
vt 0.578125 0.406250
vt 0.562500 0.406250
vt 0.531250 0.406250
vt 0.515625 0.406250
vt 0.500000 0.406250
vt 0.484375 0.406250
vt 0.468750 0.406250
vt 0.453125 0.406250
vt 0.437500 0.406250
vt 0.421875 0.406250
vt 0.406250 0.406250
vt 0.390625 0.406250
vt 0.548760 0.406250
vt 0.544990 0.406250
vt 0.625000 0.593750
vt 0.375000 0.593750
vt 0.609375 0.593750
vt 0.593750 0.593750
vt 0.578125 0.593750
vt 0.562500 0.593750
vt 0.553013 0.593750
vt 0.540737 0.593750
vt 0.531250 0.593750
vt 0.515625 0.593750
vt 0.500000 0.593750
vt 0.484375 0.593750
vt 0.468750 0.593750
vt 0.453125 0.593750
vt 0.437500 0.593750
vt 0.421875 0.593750
vt 0.406250 0.593750
vt 0.390625 0.593750
vt 0.000000 0.000000
vt 1.000000 0.000000
vt 1.000000 1.000000
vt 0.000000 1.000000
vt 0.000000 0.000000
vt 1.000000 0.000000
vt 1.000000 1.000000
vt 0.000000 1.000000
vt 0.000000 0.000000
vt 1.000000 0.000000
vt 1.000000 1.000000
vt 0.000000 1.000000
vt 0.000000 0.000000
vt 1.000000 0.000000
vt 1.000000 1.000000
vt 0.000000 1.000000
vt 0.000000 0.000000
vt 1.000000 0.000000
vt 1.000000 1.000000
vt 0.000000 1.000000
vt 0.000000 0.000000
vt 1.000000 0.000000
vt 1.000000 1.000000
vt 0.000000 1.000000
vt 0.000000 0.000000
vt 1.000000 0.000000
vt 1.000000 1.000000
vt 0.000000 1.000000
vt 0.000000 0.000000
vt 1.000000 0.000000
vt 1.000000 1.000000
vt 0.000000 1.000000
vt 0.000000 0.000000
vt 1.000000 0.000000
vt 1.000000 1.000000
vt 0.000000 1.000000
vt 0.000000 0.000000
vt 1.000000 0.000000
vt 1.000000 1.000000
vt 0.000000 1.000000
vt 0.000000 0.000000
vt 1.000000 0.000000
vt 1.000000 1.000000
vt 0.000000 1.000000
vt 0.000000 0.000000
vt 1.000000 0.000000
vt 1.000000 1.000000
vt 0.000000 1.000000
vt 0.000000 0.000000
vt 1.000000 0.000000
vt 1.000000 1.000000
vt 0.000000 1.000000
vt 0.000000 0.000000
vt 1.000000 0.000000
vt 1.000000 1.000000
vt 0.000000 1.000000
vt 0.000000 0.000000
vt 1.000000 0.000000
vt 1.000000 1.000000
vt 0.000000 1.000000
vt 0.000000 0.000000
vt 1.000000 0.000000
vt 1.000000 1.000000
vt 0.000000 1.000000
vt 0.000000 0.000000
vt 1.000000 0.000000
vt 1.000000 1.000000
vt 0.000000 1.000000
vt 0.000000 1.000000
vt 0.000000 1.000000
vt 0.000000 1.000000
vt 0.000000 1.000000
vt 0.000000 1.000000
vt 0.000000 1.000000
vt 0.000000 1.000000
vt 0.000000 1.000000
vt 0.000000 1.000000
vt 0.000000 1.000000
vt 0.500000 1.000000
vt 0.546875 0.312500
vt 0.500000 0.000000
vt 0.546873 0.359768
vt 0.546875 0.406250
vt 0.546875 0.421799
vt 0.546875 0.453125
vt 0.546875 0.500000
vt 0.546875 0.593750
vt 0.546875 0.687500
vt 0.500000 0.000000
vt 0.500000 1.000000
vt 0.000000 1.000000
vt 0.000000 1.000000
vt 0.375000 0.312500
vt 0.395833 0.312500
vt 0.395833 0.500000
vt 0.375000 0.500000
vt 0.416667 0.312500
vt 0.416667 0.500000
vt 0.437500 0.312500
vt 0.437500 0.500000
vt 0.458333 0.312500
vt 0.458333 0.500000
vt 0.479167 0.312500
vt 0.479167 0.500000
vt 0.500000 0.312500
vt 0.500000 0.500000
vt 0.520833 0.312500
vt 0.520833 0.500000
vt 0.541667 0.312500
vt 0.541667 0.500000
vt 0.562500 0.312500
vt 0.562500 0.500000
vt 0.583333 0.312500
vt 0.583333 0.500000
vt 0.604167 0.312500
vt 0.604167 0.500000
vt 0.625000 0.312500
vt 0.625000 0.500000
vt 0.625000 0.546875
vt 0.604167 0.546875
vt 0.583333 0.546875
vt 0.562500 0.546875
vt 0.541667 0.546875
vt 0.520833 0.546875
vt 0.500000 0.546875
vt 0.479167 0.546875
vt 0.458333 0.546875
vt 0.437500 0.546875
vt 0.416667 0.546875
vt 0.395833 0.546875
vt 0.375000 0.546875
vt 0.604167 0.593750
vt 0.625000 0.593750
vt 0.625000 0.687500
vt 0.604167 0.687500
vt 0.583333 0.593750
vt 0.583333 0.687500
vt 0.562500 0.593750
vt 0.562500 0.687500
vt 0.541667 0.593750
vt 0.541667 0.687500
vt 0.520833 0.593750
vt 0.520833 0.687500
vt 0.500000 0.593750
vt 0.500000 0.687500
vt 0.479167 0.593750
vt 0.479167 0.687500
vt 0.458333 0.593750
vt 0.458333 0.687500
vt 0.437500 0.593750
vt 0.437500 0.687500
vt 0.416667 0.593750
vt 0.416667 0.687500
vt 0.395833 0.593750
vt 0.395833 0.687500
vt 0.375000 0.593750
vt 0.375000 0.687500
vt 0.000000 0.375000
vt 0.000000 0.250000
vt 0.125000 0.250000
vt 0.125000 0.375000
vt 0.333333 0.250000
vt 0.416667 0.250000
vt 0.416667 0.375000
vt 0.333333 0.375000
vt 0.500000 0.250000
vt 0.500000 0.375000
vt 0.583333 0.250000
vt 0.583333 0.375000
vt 0.750000 0.250000
vt 0.750000 0.375000
vt 0.833333 0.250000
vt 0.833333 0.375000
vt 0.916667 0.250000
vt 0.916667 0.375000
vt 1.000000 0.250000
vt 1.000000 0.375000
vt 0.000000 0.500000
vt 0.125000 0.500000
vt 0.416667 0.500000
vt 0.333333 0.500000
vt 0.500000 0.500000
vt 0.583333 0.500000
vt 0.750000 0.500000
vt 0.833333 0.500000
vt 0.916667 0.500000
vt 1.000000 0.500000
vt 0.000000 0.625000
vt 0.125000 0.625000
vt 0.416667 0.625000
vt 0.333333 0.625000
vt 0.500000 0.625000
vt 0.583333 0.625000
vt 0.750000 0.625000
vt 0.833333 0.625000
vt 0.916667 0.625000
vt 1.000000 0.625000
vt 0.000000 0.750000
vt 0.125000 0.750000
vt 0.416667 0.750000
vt 0.333333 0.750000
vt 0.500000 0.750000
vt 0.583333 0.750000
vt 0.750000 0.750000
vt 0.833333 0.750000
vt 0.916667 0.750000
vt 1.000000 0.750000
vt 0.000000 0.875000
vt 0.125000 0.875000
vt 0.416667 0.875000
vt 0.333333 0.875000
vt 0.500000 0.875000
vt 0.583333 0.875000
vt 0.750000 0.875000
vt 0.833333 0.875000
vt 0.916667 0.875000
vt 1.000000 0.875000
vt 0.208333 0.375000
vt 0.208333 0.250000
vt 0.208333 0.500000
vt 0.208333 0.625000
vt 0.208333 0.750000
vt 0.208333 0.875000
vt 0.000000 0.000000
vt 1.000000 0.000000
vt 1.000000 1.000000
vt 0.000000 1.000000
vt 0.000000 0.000000
vt 1.000000 0.000000
vt 1.000000 1.000000
vt 0.000000 1.000000
vt 0.000000 0.000000
vt 1.000000 0.000000
vt 1.000000 1.000000
vt 0.000000 1.000000
vt 0.000000 0.000000
vt 1.000000 0.000000
vt 1.000000 1.000000
vt 0.000000 1.000000
vt 0.000000 0.000000
vt 1.000000 0.000000
vt 1.000000 1.000000
vt 0.000000 1.000000
vt 0.000000 0.000000
vt 1.000000 0.000000
vt 1.000000 1.000000
vt 0.000000 1.000000
vt 0.000000 0.000000
vt 1.000000 0.000000
vt 1.000000 1.000000
vt 0.000000 1.000000
vt 0.000000 0.000000
vt 1.000000 0.000000
vt 1.000000 1.000000
vt 0.000000 1.000000
vt 0.000000 0.000000
vt 1.000000 0.000000
vt 1.000000 1.000000
vt 0.000000 1.000000
vt 0.000000 0.000000
vt 1.000000 0.000000
vt 1.000000 1.000000
vt 0.000000 1.000000
vt 0.000000 1.000000
vt 0.000000 1.000000
vt 0.479167 0.312500
vt 0.500000 0.312500
vt 0.500000 0.406250
vt 0.479167 0.406250
vt 0.520833 0.312500
vt 0.520833 0.406250
vt 0.562500 0.312500
vt 0.583333 0.312500
vt 0.583333 0.406250
vt 0.562500 0.406250
vt 0.604167 0.312500
vt 0.604167 0.406250
vt 0.583333 0.500000
vt 0.604167 0.500000
vt 0.604167 0.593750
vt 0.583333 0.593750
vt 0.562500 0.500000
vt 0.562500 0.593750
vt 0.500000 0.500000
vt 0.520833 0.500000
vt 0.520833 0.593750
vt 0.500000 0.593750
vt 0.479167 0.500000
vt 0.479167 0.593750
vt 0.604167 0.687500
vt 0.583333 0.687500
vt 0.562500 0.687500
vt 0.520833 0.687500
vt 0.500000 0.687500
vt 0.479167 0.687500
vt 0.522401 0.593750
vt 0.416667 0.593750
vt 0.416667 0.687500
vt 0.547904 0.687500
vt 0.451912 0.593750
vt 0.460412 0.687500
vt 0.445755 0.406250
vt 0.445755 0.312500
vt 0.503932 0.406250
vt 0.503932 0.312500
vt 0.503932 0.500000
vt 0.445755 0.500000
vt 0.416667 0.312500
vt 0.416667 0.406250
vt 0.416667 0.500000
vt 0.531844 0.593750
vt 0.541667 0.593750
vt 0.541667 0.687500
vt 0.529219 0.687500
vt 0.551521 0.593750
vt 0.554165 0.687500
vt 0.535120 0.312500
vt 0.534474 0.406250
vt 0.548869 0.406250
vt 0.548219 0.312500
vt 0.549519 0.500000
vt 0.533828 0.500000
vt 0.541667 0.312500
vt 0.541667 0.406250
vt 0.541667 0.500000
vt 0.000000 0.000000
vt 1.000000 0.000000
vt 1.000000 1.000000
vt 0.000000 1.000000
vt 0.000000 0.000000
vt 1.000000 0.000000
vt 1.000000 1.000000
vt 0.000000 1.000000
vt 0.000000 0.000000
vt 1.000000 0.000000
vt 1.000000 1.000000
vt 0.000000 1.000000
vt 0.000000 0.000000
vt 1.000000 0.000000
vt 1.000000 1.000000
vt 0.000000 1.000000
vt 0.000000 0.000000
vt 1.000000 0.000000
vt 1.000000 1.000000
vt 0.000000 1.000000
vt 0.000000 0.000000
vt 1.000000 0.000000
vt 1.000000 1.000000
vt 0.000000 1.000000
vt 0.000000 0.000000
vt 1.000000 0.000000
vt 1.000000 1.000000
vt 0.000000 1.000000
vt 0.000000 0.000000
vt 1.000000 0.000000
vt 1.000000 1.000000
vt 0.000000 1.000000
vt 0.000000 0.000000
vt 1.000000 0.000000
vt 1.000000 1.000000
vt 0.000000 1.000000
vt 0.000000 0.000000
vt 1.000000 0.000000
vt 1.000000 1.000000
vt 0.000000 1.000000
vt 0.000000 0.000000
vt 1.000000 0.000000
vt 1.000000 1.000000
vt 0.000000 1.000000
vt 0.000000 0.000000
vt 1.000000 0.000000
vt 1.000000 1.000000
vt 0.000000 1.000000
vt 0.250000 1.000000
vt 0.208333 1.000000
vt 0.208333 0.916667
vt 0.250000 0.916667
vt 0.291667 1.000000
vt 0.291667 0.916667
vt 0.333333 1.000000
vt 0.333333 0.916667
vt 0.375000 1.000000
vt 0.375000 0.916667
vt 0.416667 1.000000
vt 0.416667 0.916667
vt 0.458333 1.000000
vt 0.458333 0.916667
vt 0.500000 1.000000
vt 0.500000 0.916667
vt 0.541667 1.000000
vt 0.541667 0.916667
vt 0.583333 1.000000
vt 0.583333 0.916667
vt 0.625000 1.000000
vt 0.625000 0.916667
vt 0.666667 1.000000
vt 0.666667 0.916667
vt 0.708333 1.000000
vt 0.708333 0.916667
vt 0.208333 0.833333
vt 0.250000 0.833333
vt 0.291667 0.833333
vt 0.333333 0.833333
vt 0.375000 0.833333
vt 0.416667 0.833333
vt 0.458333 0.833333
vt 0.500000 0.833333
vt 0.541667 0.833333
vt 0.583333 0.833333
vt 0.625000 0.833333
vt 0.666667 0.833333
vt 0.708333 0.833333
vt 0.208333 0.750000
vt 0.250000 0.750000
vt 0.291667 0.750000
vt 0.333333 0.750000
vt 0.375000 0.750000
vt 0.416667 0.750000
vt 0.458333 0.750000
vt 0.500000 0.750000
vt 0.541667 0.750000
vt 0.583333 0.750000
vt 0.625000 0.750000
vt 0.666667 0.750000
vt 0.708333 0.750000
vt 0.208333 0.666667
vt 0.250000 0.666667
vt 0.291667 0.666667
vt 0.333333 0.666667
vt 0.375000 0.666667
vt 0.416667 0.666667
vt 0.458333 0.666667
vt 0.500000 0.666667
vt 0.541667 0.666667
vt 0.583333 0.666667
vt 0.625000 0.666667
vt 0.666667 0.666667
vt 0.708333 0.666667
vt 0.208333 0.583333
vt 0.250000 0.583333
vt 0.291667 0.583333
vt 0.333333 0.583333
vt 0.375000 0.583333
vt 0.416667 0.583333
vt 0.458333 0.583333
vt 0.500000 0.583333
vt 0.541667 0.583333
vt 0.583333 0.583333
vt 0.625000 0.583333
vt 0.666667 0.583333
vt 0.708333 0.583333
vt 0.208333 0.500000
vt 0.250000 0.500000
vt 0.291667 0.500000
vt 0.333333 0.500000
vt 0.375000 0.500000
vt 0.416667 0.500000
vt 0.458333 0.500000
vt 0.500000 0.500000
vt 0.541667 0.500000
vt 0.583333 0.500000
vt 0.625000 0.500000
vt 0.666667 0.500000
vt 0.708333 0.500000
vt 0.250000 0.500000
vt 0.208333 0.500000
vt 0.208333 0.416667
vt 0.250000 0.416667
vt 0.291667 0.500000
vt 0.291667 0.416667
vt 0.333333 0.500000
vt 0.333333 0.416667
vt 0.375000 0.500000
vt 0.375000 0.416667
vt 0.416667 0.500000
vt 0.416667 0.416667
vt 0.458333 0.500000
vt 0.458333 0.416667
vt 0.500000 0.500000
vt 0.500000 0.416667
vt 0.541667 0.500000
vt 0.541667 0.416667
vt 0.583333 0.500000
vt 0.583333 0.416667
vt 0.625000 0.500000
vt 0.625000 0.416667
vt 0.666667 0.500000
vt 0.666667 0.416667
vt 0.708333 0.500000
vt 0.708333 0.416667
vt 0.208333 0.333333
vt 0.250000 0.333333
vt 0.291667 0.333333
vt 0.333333 0.333333
vt 0.375000 0.333333
vt 0.416667 0.333333
vt 0.458333 0.333333
vt 0.500000 0.333333
vt 0.541667 0.333333
vt 0.583333 0.333333
vt 0.625000 0.333333
vt 0.666667 0.333333
vt 0.708333 0.333333
vt 0.208333 0.250000
vt 0.250000 0.250000
vt 0.291667 0.250000
vt 0.333333 0.250000
vt 0.375000 0.250000
vt 0.416667 0.250000
vt 0.458333 0.250000
vt 0.500000 0.250000
vt 0.541667 0.250000
vt 0.583333 0.250000
vt 0.625000 0.250000
vt 0.666667 0.250000
vt 0.708333 0.250000
vt 0.208333 0.166667
vt 0.250000 0.166667
vt 0.291667 0.166667
vt 0.333333 0.166667
vt 0.375000 0.166667
vt 0.416667 0.166667
vt 0.458333 0.166667
vt 0.500000 0.166667
vt 0.541667 0.166667
vt 0.583333 0.166667
vt 0.625000 0.166667
vt 0.666667 0.166667
vt 0.708333 0.166667
vt 0.208333 0.083333
vt 0.250000 0.083333
vt 0.291667 0.083333
vt 0.333333 0.083333
vt 0.375000 0.083333
vt 0.416667 0.083333
vt 0.458333 0.083333
vt 0.500000 0.083333
vt 0.541667 0.083333
vt 0.583333 0.083333
vt 0.625000 0.083333
vt 0.666667 0.083333
vt 0.708333 0.083333
vt 0.250000 0.500000
vt 0.208333 0.500000
vt 0.291667 0.500000
vt 0.333333 0.500000
vt 0.375000 0.500000
vt 0.416667 0.500000
vt 0.458333 0.500000
vt 0.500000 0.500000
vt 0.541667 0.500000
vt 0.583333 0.500000
vt 0.625000 0.500000
vt 0.666667 0.500000
vt 0.708333 0.500000
vt 0.208333 0.500000
vt 0.250000 0.500000
vt 0.208333 0.500000
vt 0.250000 0.500000
vt 0.291667 0.500000
vt 0.291667 0.500000
vt 0.333333 0.500000
vt 0.333333 0.500000
vt 0.375000 0.500000
vt 0.375000 0.500000
vt 0.416667 0.500000
vt 0.416667 0.500000
vt 0.458333 0.500000
vt 0.458333 0.500000
vt 0.500000 0.500000
vt 0.500000 0.500000
vt 0.541667 0.500000
vt 0.541667 0.500000
vt 0.583333 0.500000
vt 0.583333 0.500000
vt 0.625000 0.500000
vt 0.625000 0.500000
vt 0.666667 0.500000
vt 0.666667 0.500000
vt 0.708333 0.500000
vt 0.708333 0.500000
vt 0.250000 1.000000
vt 0.250000 0.916667
vt 0.208333 0.916667
vt 0.208333 1.000000
vt 0.291667 1.000000
vt 0.291667 0.916667
vt 0.333333 1.000000
vt 0.333333 0.916667
vt 0.375000 1.000000
vt 0.375000 0.916667
vt 0.416667 1.000000
vt 0.416667 0.916667
vt 0.458333 1.000000
vt 0.458333 0.916667
vt 0.500000 1.000000
vt 0.500000 0.916667
vt 0.541667 1.000000
vt 0.541667 0.916667
vt 0.583333 1.000000
vt 0.583333 0.916667
vt 0.625000 1.000000
vt 0.625000 0.916667
vt 0.666667 1.000000
vt 0.666667 0.916667
vt 0.708333 1.000000
vt 0.708333 0.916667
vt 0.250000 0.833333
vt 0.208333 0.833333
vt 0.291667 0.833333
vt 0.333333 0.833333
vt 0.375000 0.833333
vt 0.416667 0.833333
vt 0.458333 0.833333
vt 0.500000 0.833333
vt 0.541667 0.833333
vt 0.583333 0.833333
vt 0.625000 0.833333
vt 0.666667 0.833333
vt 0.708333 0.833333
vt 0.250000 0.750000
vt 0.208333 0.750000
vt 0.291667 0.750000
vt 0.333333 0.750000
vt 0.375000 0.750000
vt 0.416667 0.750000
vt 0.458333 0.750000
vt 0.500000 0.750000
vt 0.541667 0.750000
vt 0.583333 0.750000
vt 0.625000 0.750000
vt 0.666667 0.750000
vt 0.708333 0.750000
vt 0.250000 0.666667
vt 0.208333 0.666667
vt 0.291667 0.666667
vt 0.333333 0.666667
vt 0.375000 0.666667
vt 0.416667 0.666667
vt 0.458333 0.666667
vt 0.500000 0.666667
vt 0.541667 0.666667
vt 0.583333 0.666667
vt 0.625000 0.666667
vt 0.666667 0.666667
vt 0.708333 0.666667
vt 0.250000 0.583333
vt 0.208333 0.583333
vt 0.291667 0.583333
vt 0.333333 0.583333
vt 0.375000 0.583333
vt 0.416667 0.583333
vt 0.458333 0.583333
vt 0.500000 0.583333
vt 0.541667 0.583333
vt 0.583333 0.583333
vt 0.625000 0.583333
vt 0.666667 0.583333
vt 0.708333 0.583333
vt 0.250000 0.500000
vt 0.208333 0.500000
vt 0.291667 0.500000
vt 0.333333 0.500000
vt 0.375000 0.500000
vt 0.416667 0.500000
vt 0.458333 0.500000
vt 0.500000 0.500000
vt 0.541667 0.500000
vt 0.583333 0.500000
vt 0.625000 0.500000
vt 0.666667 0.500000
vt 0.708333 0.500000
vt 0.250000 0.500000
vt 0.250000 0.416667
vt 0.208333 0.416667
vt 0.208333 0.500000
vt 0.291667 0.500000
vt 0.291667 0.416667
vt 0.333333 0.500000
vt 0.333333 0.416667
vt 0.375000 0.500000
vt 0.375000 0.416667
vt 0.416667 0.500000
vt 0.416667 0.416667
vt 0.458333 0.500000
vt 0.458333 0.416667
vt 0.500000 0.500000
vt 0.500000 0.416667
vt 0.541667 0.500000
vt 0.541667 0.416667
vt 0.583333 0.500000
vt 0.583333 0.416667
vt 0.625000 0.500000
vt 0.625000 0.416667
vt 0.666667 0.500000
vt 0.666667 0.416667
vt 0.708333 0.500000
vt 0.708333 0.416667
vt 0.250000 0.333333
vt 0.208333 0.333333
vt 0.291667 0.333333
vt 0.333333 0.333333
vt 0.375000 0.333333
vt 0.416667 0.333333
vt 0.458333 0.333333
vt 0.500000 0.333333
vt 0.541667 0.333333
vt 0.583333 0.333333
vt 0.625000 0.333333
vt 0.666667 0.333333
vt 0.708333 0.333333
vt 0.250000 0.250000
vt 0.208333 0.250000
vt 0.291667 0.250000
vt 0.333333 0.250000
vt 0.375000 0.250000
vt 0.416667 0.250000
vt 0.458333 0.250000
vt 0.500000 0.250000
vt 0.541667 0.250000
vt 0.583333 0.250000
vt 0.625000 0.250000
vt 0.666667 0.250000
vt 0.708333 0.250000
vt 0.250000 0.166667
vt 0.208333 0.166667
vt 0.291667 0.166667
vt 0.333333 0.166667
vt 0.375000 0.166667
vt 0.416667 0.166667
vt 0.458333 0.166667
vt 0.500000 0.166667
vt 0.541667 0.166667
vt 0.583333 0.166667
vt 0.625000 0.166667
vt 0.666667 0.166667
vt 0.708333 0.166667
vt 0.250000 0.083333
vt 0.208333 0.083333
vt 0.291667 0.083333
vt 0.333333 0.083333
vt 0.375000 0.083333
vt 0.416667 0.083333
vt 0.458333 0.083333
vt 0.500000 0.083333
vt 0.541667 0.083333
vt 0.583333 0.083333
vt 0.625000 0.083333
vt 0.666667 0.083333
vt 0.708333 0.083333
vt 0.208333 0.500000
vt 0.250000 0.500000
vt 0.291667 0.500000
vt 0.333333 0.500000
vt 0.375000 0.500000
vt 0.416667 0.500000
vt 0.458333 0.500000
vt 0.500000 0.500000
vt 0.541667 0.500000
vt 0.583333 0.500000
vt 0.625000 0.500000
vt 0.666667 0.500000
vt 0.708333 0.500000
vt 0.250000 0.500000
vt 0.208333 0.500000
vt 0.208333 0.500000
vt 0.250000 0.500000
vt 0.291667 0.500000
vt 0.291667 0.500000
vt 0.333333 0.500000
vt 0.333333 0.500000
vt 0.375000 0.500000
vt 0.375000 0.500000
vt 0.416667 0.500000
vt 0.416667 0.500000
vt 0.458333 0.500000
vt 0.458333 0.500000
vt 0.500000 0.500000
vt 0.500000 0.500000
vt 0.541667 0.500000
vt 0.541667 0.500000
vt 0.583333 0.500000
vt 0.583333 0.500000
vt 0.625000 0.500000
vt 0.625000 0.500000
vt 0.666667 0.500000
vt 0.666667 0.500000
vt 0.708333 0.500000
vt 0.708333 0.500000
vt 0.416667 0.416667
vt 0.500000 0.416667
vt 0.500000 0.500000
vt 0.416667 0.500000
vt 0.583333 0.416667
vt 0.583333 0.500000
vt 0.666667 0.416667
vt 0.666667 0.500000
vt 0.750000 0.416667
vt 0.750000 0.500000
vt 0.833333 0.416667
vt 0.833333 0.500000
vt 0.916667 0.416667
vt 0.916667 0.500000
vt 0.500000 0.583333
vt 0.416667 0.583333
vt 0.583333 0.583333
vt 0.666667 0.583333
vt 0.750000 0.583333
vt 0.833333 0.583333
vt 0.916667 0.583333
vt 0.500000 0.666667
vt 0.416667 0.666667
vt 0.583333 0.666667
vt 0.666667 0.666667
vt 0.750000 0.666667
vt 0.833333 0.666667
vt 0.916667 0.666667
vt 0.500000 0.750000
vt 0.416667 0.750000
vt 0.583333 0.750000
vt 0.666667 0.750000
vt 0.750000 0.750000
vt 0.833333 0.750000
vt 0.916667 0.750000
vt 0.500000 0.833333
vt 0.416667 0.833333
vt 0.583333 0.833333
vt 0.666667 0.833333
vt 0.750000 0.833333
vt 0.833333 0.833333
vt 0.916667 0.833333
vt 0.500000 0.916667
vt 0.416667 0.916667
vt 0.583333 0.916667
vt 0.666667 0.916667
vt 0.750000 0.916667
vt 0.833333 0.916667
vt 0.916667 0.916667
vt 0.000000 0.000000
vt 1.000000 0.000000
vt 1.000000 1.000000
vt 0.000000 1.000000
vt 0.000000 0.000000
vt 1.000000 0.000000
vt 1.000000 1.000000
vt 0.000000 1.000000
vt 0.000000 0.000000
vt 1.000000 0.000000
vt 1.000000 1.000000
vt 0.000000 1.000000
vt 0.000000 0.000000
vt 1.000000 0.000000
vt 1.000000 1.000000
vt 0.000000 1.000000
vt 0.000000 0.000000
vt 1.000000 0.000000
vt 1.000000 1.000000
vt 0.000000 1.000000
vt 0.000000 0.000000
vt 1.000000 0.000000
vt 1.000000 1.000000
vt 0.000000 1.000000
vt 0.000000 0.000000
vt 1.000000 0.000000
vt 1.000000 1.000000
vt 0.500000 1.000000
vt 0.000000 0.000000
vt 1.000000 0.000000
vt 0.500000 1.000000
vt 0.000000 0.000000
vt 1.000000 0.000000
vt 0.000000 1.000000
vt 0.000000 0.000000
vt 1.000000 0.000000
vt 1.000000 1.000000
vt 0.500000 1.000000
vt 0.000000 0.000000
vt 1.000000 0.000000
vt 0.500000 1.000000
vt 0.000000 0.000000
vt 1.000000 0.000000
vt 0.000000 1.000000
vt 0.416667 0.500000
vt 0.416667 0.416667
vt 0.916667 0.416667
vt 0.916667 0.500000
vt 0.416667 0.583333
vt 0.916667 0.583333
vt 0.416667 0.666667
vt 0.916667 0.666667
vt 0.416667 0.750000
vt 0.916667 0.750000
vt 0.416667 0.833333
vt 0.916667 0.833333
vt 0.416667 0.916667
vt 0.916667 0.916667
vt 0.000000 1.000000
vt 0.000000 0.000000
vt 0.000000 0.000000
vt 0.000000 1.000000
vt 1.000000 0.000000
vt 1.000000 1.000000
vt 1.000000 1.000000
vt 1.000000 0.000000
vt 0.000000 1.000000
vt 0.000000 0.000000
vt 0.000000 0.000000
vt 0.000000 1.000000
vt 1.000000 0.000000
vt 1.000000 1.000000
vt 1.000000 1.000000
vt 1.000000 0.000000
vt 1.000000 1.000000
vt 1.000000 0.000000
vt 1.000000 1.000000
vt 1.000000 0.000000
vt 0.916667 0.416667
vt 0.916667 0.500000
vt 0.916667 0.583333
vt 0.916667 0.666667
vt 0.916667 0.750000
vt 0.916667 0.833333
vt 0.916667 0.916667
vt 0.937500 0.958333
vt 0.937500 0.958333
vt 0.395833 0.958333
vt 0.395833 0.958333
vt 0.416667 0.916667
vt 0.416667 0.833333
vt 0.416667 0.750000
vt 0.416667 0.666667
vt 0.416667 0.583333
vt 0.416667 0.500000
vt 0.416667 0.416667
vt 0.000000 0.000000
vt 0.000000 1.000000
vt 0.000000 0.000000
vt 0.000000 1.000000
vt 0.500000 1.000000
vt 0.500000 1.000000
vt 0.500000 1.000000
vt 0.500000 1.000000
vt 0.500000 1.000000
vt 0.958333 1.000000
vt 0.958333 1.000000
vt 0.375000 1.000000
vt 0.375000 1.000000
vt 0.000000 0.000000
vt 1.000000 0.000000
vt 1.000000 1.000000
vt 0.000000 1.000000
vt 0.000000 0.000000
vt 1.000000 0.000000
vt 1.000000 1.000000
vt 0.000000 1.000000
vt 0.000000 0.000000
vt 1.000000 0.000000
vt 1.000000 1.000000
vt 0.000000 1.000000
vt 0.000000 0.000000
vt 1.000000 0.000000
vt 1.000000 1.000000
vt 0.000000 1.000000
vt 0.000000 0.000000
vt 1.000000 0.000000
vt 1.000000 1.000000
vt 0.000000 1.000000
vt 0.000000 0.000000
vt 1.000000 0.000000
vt 1.000000 1.000000
vt 0.000000 1.000000
vt 0.000000 0.000000
vt 1.000000 0.000000
vt 1.000000 1.000000
vt 0.000000 1.000000
vt 0.000000 0.000000
vt 1.000000 0.000000
vt 1.000000 1.000000
vt 0.000000 1.000000
vt 0.000000 0.000000
vt 1.000000 0.000000
vt 1.000000 1.000000
vt 0.000000 1.000000
vt 0.000000 0.000000
vt 1.000000 0.000000
vt 1.000000 1.000000
vt 0.000000 1.000000
vt 0.000000 0.000000
vt 1.000000 0.000000
vt 1.000000 1.000000
vt 0.000000 1.000000
vt 0.000000 0.000000
vt 1.000000 0.000000
vt 1.000000 1.000000
vt 0.000000 1.000000
vt 0.000000 0.000000
vt 1.000000 0.000000
vt 1.000000 1.000000
vt 0.000000 1.000000
vt 0.000000 0.000000
vt 1.000000 0.000000
vt 1.000000 1.000000
vt 0.000000 1.000000
vt 0.000000 0.000000
vt 1.000000 0.000000
vt 1.000000 1.000000
vt 0.000000 1.000000
vt 0.000000 0.000000
vt 1.000000 0.000000
vt 1.000000 1.000000
vt 0.000000 1.000000
vt 0.000000 0.000000
vt 1.000000 0.000000
vt 1.000000 1.000000
vt 0.000000 1.000000
vt 0.000000 0.000000
vt 1.000000 0.000000
vt 1.000000 1.000000
vt 0.000000 1.000000
vt 0.000000 0.000000
vt 1.000000 0.000000
vt 1.000000 1.000000
vt 0.000000 1.000000
vt 0.000000 0.000000
vt 1.000000 0.000000
vt 1.000000 1.000000
vt 0.000000 1.000000
vt 0.000000 0.000000
vt 1.000000 0.000000
vt 1.000000 1.000000
vt 0.000000 1.000000
vt 0.000000 0.000000
vt 1.000000 0.000000
vt 1.000000 1.000000
vt 0.000000 1.000000
vt 0.000000 0.000000
vt 1.000000 0.000000
vt 1.000000 1.000000
vt 0.000000 1.000000
vt 0.000000 0.000000
vt 1.000000 0.000000
vt 1.000000 1.000000
vt 0.000000 1.000000
vt 0.000000 1.000000
vt 0.000000 1.000000
vt 0.000000 1.000000
vt 0.000000 1.000000
vt 0.000000 1.000000
vt 0.000000 1.000000
vt 0.000000 1.000000
vt 0.000000 1.000000
vt 0.000000 1.000000
vt 0.000000 1.000000
vt 0.000000 1.000000
vt 0.000000 1.000000
vt 0.000000 1.000000
vt 0.000000 1.000000
vt 0.000000 1.000000
vt 0.000000 1.000000
vt 0.000000 1.000000
vt 0.000000 1.000000
vt 0.000000 1.000000
vt 0.000000 1.000000
vt 0.000000 1.000000
vt 0.000000 1.000000
vt 0.000000 1.000000
vt 0.000000 1.000000
vt 0.000000 1.000000
vt 0.000000 1.000000
vt 0.000000 1.000000
vt 0.000000 1.000000
vt 0.000000 1.000000
vt 0.000000 1.000000
vt 0.000000 1.000000
vt 0.000000 1.000000
vt 0.000000 1.000000
vt 0.000000 1.000000
vt 0.000000 1.000000
vt 0.000000 1.000000
vt 0.000000 1.000000
vt 0.000000 1.000000
vt 0.000000 1.000000
vt 0.000000 1.000000
vt 0.000000 1.000000
vt 0.000000 1.000000
vt 1.000000 0.000000
vt 1.000000 1.000000
vt 1.000000 1.000000
vt 1.000000 0.000000
vt 1.000000 0.000000
vt 1.000000 1.000000
vt 1.000000 1.000000
vt 1.000000 0.000000
vt 0.916667 0.500000
vt 0.916667 0.416667
vt 0.916667 0.416667
vt 0.916667 0.500000
vt 0.916667 0.583333
vt 0.916667 0.583333
vt 0.916667 0.666667
vt 0.916667 0.666667
vt 0.916667 0.750000
vt 0.916667 0.750000
vt 0.916667 0.833333
vt 0.916667 0.833333
vt 0.916667 0.916667
vt 0.916667 0.916667
vt 0.937500 0.958333
vt 0.937500 0.958333
vt 0.958333 1.000000
vt 0.958333 1.000000
vt 0.395833 0.958333
vt 0.395833 0.958333
vt 0.375000 1.000000
vt 0.375000 1.000000
vt 0.416667 0.916667
vt 0.416667 0.916667
vt 0.416667 0.833333
vt 0.416667 0.833333
vt 0.416667 0.750000
vt 0.416667 0.750000
vt 0.416667 0.666667
vt 0.416667 0.666667
vt 0.416667 0.583333
vt 0.416667 0.583333
vt 0.416667 0.500000
vt 0.416667 0.500000
vt 0.416667 0.416667
vt 0.416667 0.416667
vt 0.000000 1.000000
vt 0.000000 0.000000
vt 0.000000 0.000000
vt 0.000000 1.000000
vt 0.000000 1.000000
vt 0.000000 0.000000
vt 0.000000 0.000000
vt 0.000000 1.000000
vt 0.500000 1.000000
vt 0.500000 1.000000
vt 0.416667 0.416667
vt 0.500000 0.416667
vt 0.500000 0.500000
vt 0.416667 0.500000
vt 0.583333 0.416667
vt 0.583333 0.500000
vt 0.666667 0.416667
vt 0.666667 0.500000
vt 0.750000 0.416667
vt 0.750000 0.500000
vt 0.833333 0.416667
vt 0.833333 0.500000
vt 0.916667 0.416667
vt 0.916667 0.500000
vt 0.500000 0.583333
vt 0.416667 0.583333
vt 0.583333 0.583333
vt 0.666667 0.583333
vt 0.750000 0.583333
vt 0.833333 0.583333
vt 0.916667 0.583333
vt 0.500000 0.666667
vt 0.416667 0.666667
vt 0.583333 0.666667
vt 0.666667 0.666667
vt 0.750000 0.666667
vt 0.833333 0.666667
vt 0.916667 0.666667
vt 0.500000 0.750000
vt 0.416667 0.750000
vt 0.583333 0.750000
vt 0.666667 0.750000
vt 0.750000 0.750000
vt 0.833333 0.750000
vt 0.916667 0.750000
vt 0.500000 0.833333
vt 0.416667 0.833333
vt 0.583333 0.833333
vt 0.666667 0.833333
vt 0.750000 0.833333
vt 0.833333 0.833333
vt 0.916667 0.833333
vt 0.500000 0.916667
vt 0.416667 0.916667
vt 0.583333 0.916667
vt 0.666667 0.916667
vt 0.750000 0.916667
vt 0.833333 0.916667
vt 0.916667 0.916667
vt 0.000000 0.000000
vt 1.000000 0.000000
vt 1.000000 1.000000
vt 0.000000 1.000000
vt 0.000000 0.000000
vt 1.000000 0.000000
vt 1.000000 1.000000
vt 0.000000 1.000000
vt 0.000000 0.000000
vt 1.000000 0.000000
vt 1.000000 1.000000
vt 0.000000 1.000000
vt 0.000000 0.000000
vt 1.000000 0.000000
vt 1.000000 1.000000
vt 0.000000 1.000000
vt 0.000000 0.000000
vt 1.000000 0.000000
vt 1.000000 1.000000
vt 0.000000 1.000000
vt 0.000000 0.000000
vt 1.000000 0.000000
vt 1.000000 1.000000
vt 0.000000 1.000000
vt 0.000000 0.000000
vt 1.000000 0.000000
vt 1.000000 1.000000
vt 0.500000 1.000000
vt 0.000000 0.000000
vt 1.000000 0.000000
vt 0.500000 1.000000
vt 0.000000 0.000000
vt 1.000000 0.000000
vt 0.000000 1.000000
vt 0.000000 0.000000
vt 1.000000 0.000000
vt 1.000000 1.000000
vt 0.500000 1.000000
vt 0.000000 0.000000
vt 1.000000 0.000000
vt 0.500000 1.000000
vt 0.000000 0.000000
vt 1.000000 0.000000
vt 0.000000 1.000000
vt 0.416667 0.500000
vt 0.416667 0.416667
vt 0.916667 0.416667
vt 0.916667 0.500000
vt 0.416667 0.583333
vt 0.916667 0.583333
vt 0.416667 0.666667
vt 0.916667 0.666667
vt 0.416667 0.750000
vt 0.916667 0.750000
vt 0.416667 0.833333
vt 0.916667 0.833333
vt 0.416667 0.916667
vt 0.916667 0.916667
vt 0.000000 1.000000
vt 0.000000 0.000000
vt 0.000000 0.000000
vt 0.000000 1.000000
vt 1.000000 0.000000
vt 1.000000 1.000000
vt 1.000000 1.000000
vt 1.000000 0.000000
vt 0.000000 1.000000
vt 0.000000 0.000000
vt 0.000000 0.000000
vt 0.000000 1.000000
vt 1.000000 0.000000
vt 1.000000 1.000000
vt 1.000000 1.000000
vt 1.000000 0.000000
vt 1.000000 1.000000
vt 1.000000 0.000000
vt 1.000000 1.000000
vt 1.000000 0.000000
vt 0.916667 0.416667
vt 0.916667 0.500000
vt 0.916667 0.583333
vt 0.916667 0.666667
vt 0.916667 0.750000
vt 0.916667 0.833333
vt 0.916667 0.916667
vt 0.937500 0.958333
vt 0.937500 0.958333
vt 0.395833 0.958333
vt 0.395833 0.958333
vt 0.416667 0.916667
vt 0.416667 0.833333
vt 0.416667 0.750000
vt 0.416667 0.666667
vt 0.416667 0.583333
vt 0.416667 0.500000
vt 0.416667 0.416667
vt 0.000000 0.000000
vt 0.000000 1.000000
vt 0.000000 0.000000
vt 0.000000 1.000000
vt 0.500000 1.000000
vt 0.500000 1.000000
vt 0.500000 1.000000
vt 0.500000 1.000000
vt 0.500000 1.000000
vt 0.958333 1.000000
vt 0.958333 1.000000
vt 0.375000 1.000000
vt 0.375000 1.000000
vt 0.000000 0.000000
vt 1.000000 0.000000
vt 1.000000 1.000000
vt 0.000000 1.000000
vt 0.000000 0.000000
vt 1.000000 0.000000
vt 1.000000 1.000000
vt 0.000000 1.000000
vt 0.000000 0.000000
vt 1.000000 0.000000
vt 1.000000 1.000000
vt 0.000000 1.000000
vt 0.000000 0.000000
vt 1.000000 0.000000
vt 1.000000 1.000000
vt 0.000000 1.000000
vt 0.000000 0.000000
vt 1.000000 0.000000
vt 1.000000 1.000000
vt 0.000000 1.000000
vt 0.000000 0.000000
vt 1.000000 0.000000
vt 1.000000 1.000000
vt 0.000000 1.000000
vt 0.000000 0.000000
vt 1.000000 0.000000
vt 1.000000 1.000000
vt 0.000000 1.000000
vt 0.000000 0.000000
vt 1.000000 0.000000
vt 1.000000 1.000000
vt 0.000000 1.000000
vt 0.000000 0.000000
vt 1.000000 0.000000
vt 1.000000 1.000000
vt 0.000000 1.000000
vt 0.000000 0.000000
vt 1.000000 0.000000
vt 1.000000 1.000000
vt 0.000000 1.000000
vt 0.000000 0.000000
vt 1.000000 0.000000
vt 1.000000 1.000000
vt 0.000000 1.000000
vt 0.000000 0.000000
vt 1.000000 0.000000
vt 1.000000 1.000000
vt 0.000000 1.000000
vt 0.000000 0.000000
vt 1.000000 0.000000
vt 1.000000 1.000000
vt 0.000000 1.000000
vt 0.000000 0.000000
vt 1.000000 0.000000
vt 1.000000 1.000000
vt 0.000000 1.000000
vt 0.000000 0.000000
vt 1.000000 0.000000
vt 1.000000 1.000000
vt 0.000000 1.000000
vt 0.000000 0.000000
vt 1.000000 0.000000
vt 1.000000 1.000000
vt 0.000000 1.000000
vt 0.000000 0.000000
vt 1.000000 0.000000
vt 1.000000 1.000000
vt 0.000000 1.000000
vt 0.000000 0.000000
vt 1.000000 0.000000
vt 1.000000 1.000000
vt 0.000000 1.000000
vt 0.000000 0.000000
vt 1.000000 0.000000
vt 1.000000 1.000000
vt 0.000000 1.000000
vt 0.000000 0.000000
vt 1.000000 0.000000
vt 1.000000 1.000000
vt 0.000000 1.000000
vt 0.000000 0.000000
vt 1.000000 0.000000
vt 1.000000 1.000000
vt 0.000000 1.000000
vt 0.000000 0.000000
vt 1.000000 0.000000
vt 1.000000 1.000000
vt 0.000000 1.000000
vt 0.000000 0.000000
vt 1.000000 0.000000
vt 1.000000 1.000000
vt 0.000000 1.000000
vt 0.000000 0.000000
vt 1.000000 0.000000
vt 1.000000 1.000000
vt 0.000000 1.000000
vt 0.000000 1.000000
vt 0.000000 1.000000
vt 0.000000 1.000000
vt 0.000000 1.000000
vt 0.000000 1.000000
vt 0.000000 1.000000
vt 0.000000 1.000000
vt 0.000000 1.000000
vt 0.000000 1.000000
vt 0.000000 1.000000
vt 0.000000 1.000000
vt 0.000000 1.000000
vt 0.000000 1.000000
vt 0.000000 1.000000
vt 0.000000 1.000000
vt 0.000000 1.000000
vt 0.000000 1.000000
vt 0.000000 1.000000
vt 0.000000 1.000000
vt 0.000000 1.000000
vt 0.000000 1.000000
vt 0.000000 1.000000
vt 0.000000 1.000000
vt 0.000000 1.000000
vt 0.000000 1.000000
vt 0.000000 1.000000
vt 0.000000 1.000000
vt 0.000000 1.000000
vt 0.000000 1.000000
vt 0.000000 1.000000
vt 0.000000 1.000000
vt 0.000000 1.000000
vt 0.000000 1.000000
vt 0.000000 1.000000
vt 0.000000 1.000000
vt 0.000000 1.000000
vt 0.000000 1.000000
vt 0.000000 1.000000
vt 0.000000 1.000000
vt 0.000000 1.000000
vt 0.000000 1.000000
vt 0.000000 1.000000
vt 1.000000 0.000000
vt 1.000000 1.000000
vt 1.000000 1.000000
vt 1.000000 0.000000
vt 1.000000 0.000000
vt 1.000000 1.000000
vt 1.000000 1.000000
vt 1.000000 0.000000
vt 0.916667 0.500000
vt 0.916667 0.416667
vt 0.916667 0.416667
vt 0.916667 0.500000
vt 0.916667 0.583333
vt 0.916667 0.583333
vt 0.916667 0.666667
vt 0.916667 0.666667
vt 0.916667 0.750000
vt 0.916667 0.750000
vt 0.916667 0.833333
vt 0.916667 0.833333
vt 0.916667 0.916667
vt 0.916667 0.916667
vt 0.937500 0.958333
vt 0.937500 0.958333
vt 0.958333 1.000000
vt 0.958333 1.000000
vt 0.395833 0.958333
vt 0.395833 0.958333
vt 0.375000 1.000000
vt 0.375000 1.000000
vt 0.416667 0.916667
vt 0.416667 0.916667
vt 0.416667 0.833333
vt 0.416667 0.833333
vt 0.416667 0.750000
vt 0.416667 0.750000
vt 0.416667 0.666667
vt 0.416667 0.666667
vt 0.416667 0.583333
vt 0.416667 0.583333
vt 0.416667 0.500000
vt 0.416667 0.500000
vt 0.416667 0.416667
vt 0.416667 0.416667
vt 0.000000 1.000000
vt 0.000000 0.000000
vt 0.000000 0.000000
vt 0.000000 1.000000
vt 0.000000 1.000000
vt 0.000000 0.000000
vt 0.000000 0.000000
vt 0.000000 1.000000
vt 0.500000 1.000000
vt 0.500000 1.000000
vn 0.839745 0.541754 0.036473
vn 0.747015 0.629267 -0.214456
vn 0.886560 0.280825 -0.367626
vn 0.959395 0.282066 -0.000400
vn 0.795569 0.511131 0.325292
vn 0.886170 0.283306 0.366662
vn 0.615116 0.512238 0.599370
vn 0.678116 0.284357 0.677717
vn 0.376951 0.526177 0.762264
vn 0.382163 0.288938 0.877762
vn -0.615117 0.512238 0.599370
vn -0.376951 0.526177 0.762263
vn -0.382163 0.288938 0.877762
vn -0.678116 0.284357 0.677716
vn -0.765348 0.533386 0.360197
vn -0.886170 0.283306 0.366662
vn -0.791341 0.610692 0.028882
vn -0.959395 0.282065 -0.000401
vn -0.700116 0.663033 -0.265001
vn -0.886560 0.280825 -0.367626
vn -0.662494 0.350841 -0.661825
vn -0.678668 0.279772 -0.679070
vn -0.239997 0.666470 -0.705847
vn -0.367337 0.279069 -0.887234
vn 0.000448 0.665786 -0.746143
vn 0.000000 0.278822 -0.960343
vn 0.238972 0.671698 -0.701224
vn 0.367338 0.279069 -0.887234
vn 0.662494 0.350841 -0.661825
vn 0.678669 0.279772 -0.679070
vn 0.695119 0.717180 0.049627
vn 0.626677 0.757006 -0.184984
vn 0.631128 0.734260 0.250080
vn 0.525517 0.738050 0.423219
vn 0.399089 0.785643 0.472750
vn -0.525537 0.738169 0.422987
vn -0.399509 0.785612 0.472447
vn -0.587887 0.735927 0.335857
vn -0.620117 0.782381 0.057750
vn -0.567181 0.777549 -0.271522
vn -0.434306 0.756240 -0.489367
vn -0.425552 0.788250 -0.444487
vn -0.209722 0.751009 -0.626100
vn 0.005498 0.757250 -0.653102
vn 0.216872 0.749251 -0.625771
vn 0.461041 0.753647 -0.468462
vn 0.436214 0.792608 -0.426016
vn 0.000000 0.538272 0.842771
vn -0.000000 0.267886 0.963451
vn -0.098964 0.270731 0.957555
vn -0.106647 0.522937 0.845674
vn 0.106647 0.522937 0.845674
vn 0.098963 0.270731 0.957555
vn 0.158114 0.835189 0.526744
vn -0.158115 0.835189 0.526744
vn -0.000000 0.844863 0.534983
vn -0.193299 -0.964448 0.180213
vn -0.069049 -0.983962 0.164475
vn -0.058027 -0.984679 0.164436
vn -0.187595 -0.965733 0.179353
vn -0.109491 -0.958534 0.263107
vn -0.032136 -0.953123 0.300873
vn -0.004926 -0.935776 0.352559
vn -0.008038 -0.935790 0.352466
vn 0.094800 -0.957898 0.271008
vn 0.027355 -0.953742 0.299379
vn 0.197462 -0.964666 0.174437
vn 0.197700 -0.964597 0.174552
vn 0.074325 -0.982975 0.168035
vn 0.066369 -0.982509 0.173988
vn 0.025445 -0.989577 0.141741
vn 0.025822 -0.990017 0.138565
vn 0.049056 -0.998690 -0.014532
vn 0.047170 -0.998845 -0.009206
vn 0.240374 -0.966929 0.085254
vn 0.215819 -0.974105 0.067388
vn 0.419935 -0.887330 0.190523
vn 0.408516 -0.893232 0.187754
vn 0.492122 -0.845396 0.207659
vn 0.492122 -0.845396 0.207659
vn -0.228223 -0.969339 0.091081
vn -0.409229 -0.888201 0.208877
vn -0.400967 -0.892527 0.206447
vn -0.211819 -0.974184 0.078094
vn -0.053434 -0.998491 -0.012654
vn -0.051994 -0.998647 -0.000983
vn -0.035424 -0.992685 0.115417
vn -0.033391 -0.991088 0.128956
vn -0.485444 -0.843230 0.230884
vn -0.485444 -0.843230 0.230884
vn -0.000175 -0.983108 0.183029
vn 0.000175 -0.930588 0.366068
vn 0.098819 -0.834018 0.542815
vn -0.011680 -0.982989 0.183293
vn 0.725584 -0.683713 0.077877
vn 0.876077 -0.479845 0.047293
vn 0.870792 -0.423489 0.249755
vn 0.716022 -0.658645 0.231300
vn 0.902788 0.402356 0.151932
vn 0.692128 0.685222 -0.226780
vn 0.684304 0.727485 0.049926
vn 0.893862 0.425493 0.141304
vn -0.095015 -0.596436 0.797017
vn -0.202692 -0.366507 0.908069
vn -0.552311 -0.388680 0.737482
vn -0.411633 -0.653358 0.635359
vn -0.490922 0.546581 0.678413
vn -0.429642 0.783263 0.449339
vn -0.548355 0.719039 0.426953
vn -0.667877 0.473941 0.573865
vn -0.001092 -0.669028 0.743237
vn -0.003114 -0.395032 0.918662
vn -0.028159 -0.372384 0.927652
vn 0.058069 -0.608769 0.791220
vn -0.001636 0.639420 0.768856
vn -0.000389 0.884346 0.466832
vn -0.176515 0.864698 0.470255
vn -0.189951 0.618921 0.762139
vn 0.606982 -0.781875 0.142282
vn 0.603554 -0.790185 -0.106446
vn 0.714862 -0.662616 -0.223410
vn 0.386795 -0.817490 -0.426731
vn 0.236463 -0.856260 -0.459244
vn 0.251108 -0.772777 -0.582890
vn 0.455462 -0.723366 -0.518937
vn 0.000745 -0.876580 -0.481255
vn 0.002590 -0.783301 -0.621637
vn -0.248731 -0.854347 -0.456316
vn -0.259886 -0.769831 -0.582940
vn -0.520932 -0.794672 -0.311653
vn -0.589843 -0.683030 -0.430761
vn -0.589298 -0.807889 0.006572
vn -0.702112 -0.711294 -0.033152
vn -0.579061 -0.775513 0.251531
vn -0.680562 -0.682855 0.265603
vn -0.570191 -0.745943 0.344169
vn -0.643585 -0.661481 0.385021
vn -0.549664 -0.730315 0.405597
vn -0.116014 -0.694755 0.709828
vn -0.034911 -0.704188 0.709155
vn 0.034518 -0.704395 0.708969
vn 0.116014 -0.694755 0.709828
vn 0.412899 -0.651718 0.636222
vn 0.096307 -0.595615 0.797476
vn 0.549665 -0.730315 0.405597
vn 0.620939 -0.740748 0.256375
vn 0.708407 -0.641640 0.294038
vn 0.631479 -0.746464 0.209823
vn 0.642390 0.721707 0.257825
vn 0.547988 0.719668 0.426365
vn 0.429837 0.783220 0.449228
vn -0.589580 0.724430 0.357207
vn -0.638481 0.768366 0.044231
vn -0.624613 0.716069 -0.311616
vn -0.472049 0.678299 -0.563100
vn -0.235804 0.686348 -0.687985
vn 0.006145 0.707554 -0.706633
vn 0.244730 0.680548 -0.690625
vn 0.502330 0.666411 -0.550963
vn -0.057436 -0.607591 0.792170
vn -0.099786 -0.831976 0.545764
vn 0.176528 0.865155 0.469408
vn 0.846972 -0.397141 0.353437
vn 0.817855 0.465560 0.338182
vn 0.555518 -0.381162 0.738996
vn 0.665800 0.480148 0.571112
vn 0.208371 -0.360819 0.909061
vn 0.493702 0.550924 0.672860
vn -0.778410 -0.409163 0.476093
vn -0.762724 0.444445 0.469809
vn -0.840249 -0.452856 0.298167
vn -0.875092 0.465086 0.133828
vn -0.870789 -0.484781 -0.081937
vn -0.887427 0.459841 -0.031927
vn -0.682746 -0.458937 -0.568537
vn -0.707286 0.398057 -0.584206
vn -0.649978 0.355361 -0.671749
vn -0.289689 -0.563191 -0.773884
vn -0.380006 0.310390 -0.871351
vn 0.006002 -0.585112 -0.810930
vn 0.007713 0.315341 -0.948947
vn 0.286535 -0.565145 -0.773633
vn 0.382293 0.306540 -0.871714
vn 0.558854 -0.497361 -0.663562
vn 0.687354 0.339193 -0.642256
vn 0.781739 0.370837 -0.501363
vn 0.810084 -0.467245 -0.354184
vn 0.028694 -0.367899 0.929423
vn 0.190275 0.622669 0.758998
vn 0.913662 0.148353 -0.378435
vn 0.988942 0.148304 0.000016
vn 0.913665 0.148255 0.378467
vn 0.699289 0.148213 0.699305
vn 0.549664 0.145408 0.822633
vn 0.041530 0.141769 0.989028
vn 0.104673 0.142631 0.984226
vn -0.000000 0.144855 0.989453
vn -0.104673 0.142631 0.984226
vn -0.041530 0.141769 0.989028
vn -0.549665 0.145408 0.822633
vn -0.699289 0.148213 0.699305
vn -0.913665 0.148255 0.378467
vn -0.988942 0.148304 0.000015
vn -0.913662 0.148353 -0.378435
vn -0.699286 0.148395 -0.699270
vn -0.378450 0.148423 -0.913645
vn 0.000000 0.148433 -0.988922
vn 0.378451 0.148423 -0.913644
vn 0.699286 0.148395 -0.699270
vn 0.399791 0.901914 -0.163457
vn 0.309661 0.899761 -0.307472
vn 0.212819 0.953364 -0.214019
vn 0.262451 0.958674 -0.109832
vn 0.168940 0.898281 -0.405648
vn 0.109755 0.957667 -0.266134
vn 0.000000 0.897753 -0.440499
vn 0.000000 0.959892 -0.280370
vn -0.168939 0.898281 -0.405649
vn -0.109754 0.957668 -0.266132
vn -0.309661 0.899760 -0.307476
vn -0.212819 0.953364 -0.214021
vn -0.399793 0.901913 -0.163459
vn -0.262450 0.958675 -0.109832
vn -0.426765 0.904360 0.002086
vn -0.274509 0.961584 -0.001073
vn -0.388924 0.906712 0.163131
vn -0.258922 0.960046 0.106165
vn -0.294278 0.908637 0.296277
vn -0.207251 0.956325 0.206131
vn -0.174092 0.909671 0.377081
vn -0.113572 0.958155 0.262755
vn -0.051255 0.898879 0.435188
vn -0.031548 0.970332 0.239710
vn 0.174090 0.909670 0.377085
vn 0.294280 0.908635 0.296279
vn 0.207251 0.956324 0.206135
vn 0.113570 0.958153 0.262763
vn 0.388925 0.906711 0.163134
vn 0.258922 0.960046 0.106168
vn 0.426765 0.904360 0.002091
vn 0.274509 0.961584 -0.001069
vn 0.051250 0.898878 0.435191
vn 0.031546 0.970334 0.239702
vn 0.000003 0.901985 0.431767
vn 0.000003 0.947443 0.319925
vn 0.000000 1.000000 -0.000001
vn 0.000000 1.000000 0.000001
vn 0.000000 1.000000 -0.000003
vn 0.000000 1.000000 0.000001
vn 0.000000 1.000000 -0.000003
vn 0.000000 1.000000 -0.000001
vn 0.000000 1.000000 -0.000003
vn 0.000000 1.000000 -0.000003
vn 0.000000 1.000000 -0.000001
vn 0.000000 1.000000 0.000001
vn 0.000000 1.000000 0.000002
vn 0.011644 -0.983094 0.182732
vn 0.604260 0.519365 -0.604260
vn 0.604260 0.519365 -0.604260
vn 0.702599 0.112731 -0.702599
vn 0.702599 0.112731 -0.702599
vn 0.221174 0.519366 -0.825434
vn 0.221174 0.519366 -0.825434
vn 0.257169 0.112731 -0.959769
vn 0.257169 0.112731 -0.959769
vn -0.221174 0.519365 -0.825434
vn -0.221174 0.519365 -0.825434
vn -0.257169 0.112731 -0.959769
vn -0.257169 0.112731 -0.959769
vn -0.604260 0.519365 -0.604260
vn -0.604260 0.519365 -0.604260
vn -0.702599 0.112731 -0.702599
vn -0.702599 0.112731 -0.702599
vn -0.825434 0.519365 -0.221174
vn -0.825434 0.519365 -0.221174
vn -0.959769 0.112731 -0.257169
vn -0.959769 0.112731 -0.257169
vn -0.825434 0.519365 0.221175
vn -0.825434 0.519365 0.221175
vn -0.959769 0.112731 0.257169
vn -0.959769 0.112731 0.257169
vn -0.604260 0.519365 0.604260
vn -0.604260 0.519365 0.604260
vn -0.702599 0.112731 0.702599
vn -0.702599 0.112731 0.702599
vn -0.221174 0.519366 0.825434
vn -0.221174 0.519366 0.825434
vn -0.257169 0.112731 0.959769
vn -0.257169 0.112731 0.959769
vn 0.221174 0.519365 0.825434
vn 0.221174 0.519365 0.825434
vn 0.257169 0.112731 0.959769
vn 0.257169 0.112731 0.959769
vn 0.604260 0.519365 0.604260
vn 0.604260 0.519365 0.604260
vn 0.702599 0.112731 0.702599
vn 0.702599 0.112731 0.702599
vn 0.825434 0.519365 0.221174
vn 0.825434 0.519365 0.221174
vn 0.959769 0.112731 0.257169
vn 0.959769 0.112731 0.257169
vn 0.825434 0.519365 -0.221175
vn 0.825434 0.519365 -0.221175
vn 0.959769 0.112731 -0.257169
vn 0.959769 0.112731 -0.257169
vn 0.965379 0.033651 -0.258672
vn 0.965379 0.033651 -0.258672
vn 0.965379 0.033651 0.258672
vn 0.965379 0.033651 0.258672
vn 0.706706 0.033651 0.706706
vn 0.706706 0.033651 0.706706
vn 0.258672 0.033651 0.965379
vn 0.258672 0.033651 0.965379
vn -0.258672 0.033651 0.965379
vn -0.258672 0.033651 0.965379
vn -0.706706 0.033651 0.706706
vn -0.706706 0.033651 0.706706
vn -0.965379 0.033651 0.258672
vn -0.965379 0.033651 0.258672
vn -0.965379 0.033651 -0.258672
vn -0.965379 0.033651 -0.258672
vn -0.706706 0.033651 -0.706706
vn -0.706706 0.033651 -0.706706
vn -0.258672 0.033651 -0.965379
vn -0.258672 0.033651 -0.965379
vn 0.258672 0.033651 -0.965379
vn 0.258672 0.033651 -0.965379
vn 0.706706 0.033651 -0.706706
vn 0.706706 0.033651 -0.706706
vn 0.936261 0.245926 -0.250870
vn 0.936261 0.245926 -0.250870
vn 0.914883 0.320773 -0.245142
vn 0.914883 0.320773 -0.245142
vn 0.936261 0.245926 0.250870
vn 0.936261 0.245926 0.250870
vn 0.914883 0.320773 0.245142
vn 0.914883 0.320773 0.245142
vn 0.685391 0.245926 0.685391
vn 0.685391 0.245926 0.685391
vn 0.669741 0.320773 0.669741
vn 0.669741 0.320773 0.669741
vn 0.250870 0.245926 0.936261
vn 0.250870 0.245926 0.936261
vn 0.245142 0.320773 0.914883
vn 0.245142 0.320773 0.914883
vn -0.250870 0.245926 0.936261
vn -0.250870 0.245926 0.936261
vn -0.245142 0.320773 0.914883
vn -0.245142 0.320773 0.914883
vn -0.685391 0.245926 0.685391
vn -0.685391 0.245926 0.685391
vn -0.669741 0.320773 0.669741
vn -0.669741 0.320773 0.669741
vn -0.936261 0.245926 0.250870
vn -0.936261 0.245926 0.250870
vn -0.914883 0.320773 0.245142
vn -0.914883 0.320773 0.245142
vn -0.936261 0.245926 -0.250870
vn -0.936261 0.245926 -0.250870
vn -0.914883 0.320773 -0.245142
vn -0.914883 0.320773 -0.245142
vn -0.685391 0.245926 -0.685391
vn -0.685391 0.245926 -0.685391
vn -0.669741 0.320773 -0.669741
vn -0.669741 0.320773 -0.669741
vn -0.250870 0.245926 -0.936261
vn -0.250870 0.245926 -0.936261
vn -0.245142 0.320773 -0.914883
vn -0.245142 0.320773 -0.914883
vn 0.250870 0.245926 -0.936261
vn 0.250870 0.245926 -0.936261
vn 0.245142 0.320773 -0.914883
vn 0.245142 0.320773 -0.914883
vn 0.685391 0.245926 -0.685391
vn 0.685391 0.245926 -0.685391
vn 0.669741 0.320773 -0.669741
vn 0.669741 0.320773 -0.669741
vn 0.520909 0.669396 -0.529681
vn 0.520909 0.669396 -0.529681
vn 0.246965 0.806822 -0.536700
vn 0.267216 0.799557 -0.537870
vn -0.818431 0.190617 -0.542067
vn -0.818431 0.190617 -0.542067
vn -0.818431 0.190617 -0.542067
vn -0.818431 0.190617 -0.542067
vn -0.811045 -0.160297 -0.562593
vn -0.811045 -0.160297 -0.562593
vn -0.811045 -0.160297 -0.562593
vn -0.811045 -0.160297 -0.562593
vn -0.541854 -0.664397 -0.514753
vn -0.541854 -0.664397 -0.514753
vn -0.541854 -0.664397 -0.514753
vn -0.541854 -0.664397 -0.514753
vn 0.000000 -0.867725 -0.497045
vn 0.000000 -0.867725 -0.497045
vn 0.000000 -0.867725 -0.497045
vn 0.000000 -0.867725 -0.497045
vn 0.541854 -0.664397 -0.514753
vn 0.541854 -0.664397 -0.514753
vn 0.541854 -0.664397 -0.514753
vn 0.541855 -0.664397 -0.514753
vn 0.811045 -0.160296 -0.562594
vn 0.811045 -0.160296 -0.562594
vn 0.811045 -0.160296 -0.562594
vn 0.811045 -0.160296 -0.562594
vn 0.818431 0.190617 -0.542067
vn 0.818431 0.190617 -0.542067
vn 0.818431 0.190617 -0.542067
vn 0.818431 0.190617 -0.542067
vn 0.606835 0.773514 -0.182833
vn 0.606835 0.773514 -0.182833
vn 0.290884 0.938457 -0.186240
vn 0.298851 0.935911 -0.186435
vn -0.955445 0.227050 -0.188610
vn -0.955445 0.227050 -0.188610
vn -0.955445 0.227050 -0.188610
vn -0.955445 0.227050 -0.188610
vn -0.967514 -0.149662 -0.203761
vn -0.967514 -0.149662 -0.203761
vn -0.967514 -0.149662 -0.203761
vn -0.967514 -0.149662 -0.203761
vn -0.609815 -0.771785 -0.180206
vn -0.609815 -0.771785 -0.180206
vn -0.609815 -0.771785 -0.180206
vn -0.609815 -0.771785 -0.180206
vn 0.000000 -0.985770 -0.168098
vn 0.000000 -0.985770 -0.168098
vn 0.000000 -0.985770 -0.168098
vn 0.000000 -0.985770 -0.168098
vn 0.609815 -0.771785 -0.180206
vn 0.609815 -0.771784 -0.180206
vn 0.609815 -0.771785 -0.180206
vn 0.609815 -0.771784 -0.180206
vn 0.967514 -0.149661 -0.203761
vn 0.967514 -0.149661 -0.203761
vn 0.967514 -0.149661 -0.203761
vn 0.967514 -0.149661 -0.203761
vn 0.955445 0.227050 -0.188610
vn 0.955445 0.227050 -0.188610
vn 0.955445 0.227050 -0.188610
vn 0.955445 0.227050 -0.188610
vn 0.606835 0.773514 0.182833
vn 0.606835 0.773514 0.182833
vn 0.298851 0.935911 0.186435
vn 0.290884 0.938457 0.186240
vn -0.955445 0.227049 0.188610
vn -0.955445 0.227049 0.188610
vn -0.955445 0.227049 0.188610
vn -0.955445 0.227049 0.188610
vn -0.973155 -0.128492 0.190940
vn -0.973156 -0.128492 0.190940
vn -0.973155 -0.128492 0.190940
vn -0.973156 -0.128492 0.190940
vn -0.602530 -0.780059 0.168718
vn -0.602530 -0.780059 0.168718
vn -0.602530 -0.780059 0.168718
vn -0.602530 -0.780059 0.168718
vn 0.000000 -0.985770 0.168098
vn 0.000000 -0.985770 0.168098
vn 0.000000 -0.985770 0.168098
vn 0.000000 -0.985770 0.168098
vn 0.602530 -0.780059 0.168718
vn 0.602530 -0.780059 0.168718
vn 0.602530 -0.780059 0.168718
vn 0.602530 -0.780059 0.168718
vn 0.973156 -0.128492 0.190940
vn 0.973156 -0.128492 0.190940
vn 0.973156 -0.128492 0.190940
vn 0.973156 -0.128492 0.190940
vn 0.955445 0.227049 0.188610
vn 0.955445 0.227049 0.188610
vn 0.955445 0.227049 0.188610
vn 0.955445 0.227049 0.188610
vn 0.520909 0.669396 0.529681
vn 0.520909 0.669396 0.529681
vn 0.267216 0.799558 0.537869
vn 0.246965 0.806822 0.536699
vn -0.818431 0.190617 0.542066
vn -0.818431 0.190617 0.542066
vn -0.818431 0.190617 0.542066
vn -0.818431 0.190617 0.542066
vn -0.823471 -0.103810 0.557781
vn -0.823471 -0.103810 0.557781
vn -0.823471 -0.103810 0.557781
vn -0.823471 -0.103810 0.557781
vn -0.519761 -0.686564 0.508408
vn -0.519761 -0.686564 0.508408
vn -0.519761 -0.686564 0.508408
vn -0.519761 -0.686564 0.508408
vn 0.000000 -0.867725 0.497045
vn 0.000000 -0.867725 0.497045
vn 0.000000 -0.867725 0.497045
vn 0.000000 -0.867725 0.497045
vn 0.519761 -0.686564 0.508408
vn 0.519761 -0.686564 0.508408
vn 0.519761 -0.686564 0.508408
vn 0.519761 -0.686564 0.508408
vn 0.823470 -0.103810 0.557781
vn 0.823470 -0.103810 0.557781
vn 0.823470 -0.103810 0.557781
vn 0.823470 -0.103810 0.557782
vn 0.818431 0.190617 0.542067
vn 0.818431 0.190617 0.542067
vn 0.818431 0.190617 0.542067
vn 0.818431 0.190617 0.542067
vn 0.351818 0.463667 0.813165
vn 0.351818 0.463667 0.813164
vn 0.193859 0.539572 0.819317
vn 0.171507 0.548780 0.818184
vn -0.556170 0.121635 0.822119
vn -0.556170 0.121635 0.822119
vn -0.556170 0.121635 0.822119
vn -0.556170 0.121635 0.822119
vn -0.542327 -0.081599 0.836196
vn -0.542327 -0.081599 0.836196
vn -0.542327 -0.081599 0.836196
vn -0.542327 -0.081599 0.836196
vn -0.356844 -0.481587 0.800460
vn -0.356844 -0.481587 0.800460
vn -0.356844 -0.481587 0.800460
vn -0.356844 -0.481587 0.800460
vn 0.000000 -0.614746 0.788725
vn 0.000000 -0.614746 0.788725
vn 0.000000 -0.614746 0.788725
vn 0.000000 -0.614746 0.788725
vn 0.356844 -0.481587 0.800460
vn 0.356844 -0.481587 0.800460
vn 0.356844 -0.481587 0.800460
vn 0.356844 -0.481587 0.800460
vn 0.542327 -0.081599 0.836196
vn 0.542327 -0.081599 0.836196
vn 0.542327 -0.081599 0.836196
vn 0.542327 -0.081599 0.836196
vn 0.556170 0.121635 0.822119
vn 0.556170 0.121635 0.822119
vn 0.556170 0.121635 0.822119
vn 0.556170 0.121635 0.822119
vn -0.267216 0.799557 -0.537870
vn -0.246965 0.806822 -0.536700
vn -0.298851 0.935911 -0.186435
vn -0.290884 0.938457 -0.186241
vn -0.290884 0.938457 0.186241
vn -0.298851 0.935911 0.186435
vn -0.246965 0.806822 0.536699
vn -0.267216 0.799557 0.537869
vn -0.171507 0.548780 0.818184
vn -0.193859 0.539572 0.819317
vn -0.520909 0.669396 -0.529682
vn -0.520909 0.669396 -0.529682
vn -0.606835 0.773514 -0.182833
vn -0.606835 0.773514 -0.182833
vn -0.606835 0.773514 0.182833
vn -0.606835 0.773514 0.182833
vn -0.520909 0.669396 0.529682
vn -0.520909 0.669396 0.529682
vn -0.351819 0.463667 0.813164
vn -0.351819 0.463667 0.813164
vn 0.127231 0.172750 0.976714
vn 0.127231 0.172750 0.976714
vn 0.127231 0.172750 0.976714
vn 0.127231 0.172750 0.976714
vn -0.200096 0.038777 0.979009
vn -0.200096 0.038777 0.979009
vn -0.200096 0.038777 0.979009
vn -0.200096 0.038777 0.979009
vn -0.196283 -0.031370 0.980045
vn -0.196283 -0.031370 0.980045
vn -0.196283 -0.031370 0.980045
vn -0.196283 -0.031370 0.980045
vn -0.120578 -0.174222 0.977296
vn -0.120578 -0.174222 0.977296
vn -0.120578 -0.174222 0.977296
vn -0.120578 -0.174222 0.977296
vn 0.000000 -0.238333 0.971183
vn 0.000000 -0.238333 0.971183
vn 0.000000 -0.238333 0.971183
vn 0.000000 -0.238333 0.971183
vn 0.120578 -0.174222 0.977296
vn 0.120578 -0.174222 0.977296
vn 0.120578 -0.174222 0.977296
vn 0.120578 -0.174222 0.977296
vn 0.196282 -0.031370 0.980046
vn 0.196282 -0.031370 0.980046
vn 0.196282 -0.031370 0.980046
vn 0.196282 -0.031370 0.980046
vn 0.200096 0.038777 0.979009
vn 0.200096 0.038777 0.979009
vn 0.200096 0.038777 0.979009
vn 0.200096 0.038777 0.979009
vn 0.000000 0.215588 0.976484
vn 0.000000 0.215588 0.976484
vn 0.000000 0.215588 0.976484
vn 0.000000 0.215588 0.976484
vn -0.127231 0.172750 0.976714
vn -0.127231 0.172750 0.976714
vn -0.127231 0.172750 0.976714
vn -0.127231 0.172750 0.976714
vn -0.000001 -0.000001 1.000000
vn -0.000987 0.000674 0.999999
vn -0.002642 0.001806 0.999995
vn -0.000002 -0.000001 1.000000
vn -0.002099 0.001436 0.999997
vn -0.006917 0.004730 0.999965
vn 0.000987 0.000674 0.999999
vn 0.000001 -0.000001 1.000000
vn 0.000003 -0.000001 1.000000
vn 0.002643 0.001806 0.999995
vn 0.002099 0.001436 0.999997
vn 0.006917 0.004730 0.999965
vn -0.985212 0.038082 0.167054
vn -0.985212 0.038082 0.167054
vn -0.968130 0.153504 0.197891
vn -0.965113 0.167294 0.201421
vn -0.855925 -0.052492 0.514429
vn -0.743836 -0.115669 0.658277
vn -0.731418 -0.007325 0.681890
vn -0.826769 0.027771 0.561856
vn 0.743901 -0.115652 0.658206
vn 0.856013 -0.052357 0.514295
vn 0.826825 0.027906 0.561766
vn 0.731635 -0.007594 0.681655
vn 0.984979 0.037748 0.168500
vn 0.984979 0.037748 0.168500
vn 0.964885 0.167015 0.202738
vn 0.967895 0.153251 0.199231
vn 0.901443 0.361009 0.238900
vn 0.884437 0.397986 0.243678
vn 0.764361 0.599296 0.237900
vn 0.776264 0.582394 0.241313
vn 0.618524 0.333184 0.711630
vn 0.705407 0.348459 0.617234
vn 0.541842 0.613291 0.574702
vn 0.461029 0.589617 0.663177
vn -0.706113 0.347711 0.616849
vn -0.618530 0.332808 0.711800
vn -0.461350 0.589224 0.663304
vn -0.542890 0.613167 0.573844
vn -0.884735 0.398060 0.242470
vn -0.901762 0.361023 0.237669
vn -0.776706 0.582273 0.240179
vn -0.764682 0.599347 0.236738
vn 0.612412 0.766417 0.193797
vn 0.612412 0.766416 0.193797
vn 0.459974 0.708053 0.535803
vn 0.398310 0.688855 0.605664
vn -0.398606 0.688696 0.605649
vn -0.461113 0.708056 0.534819
vn -0.612726 0.766433 0.192737
vn -0.612726 0.766433 0.192737
vn 0.382716 0.357408 -0.851932
vn 0.211421 0.313603 -0.925718
vn 0.213489 0.494196 -0.842729
vn 0.412868 0.558513 -0.719446
vn -0.217612 0.312960 -0.924501
vn -0.389480 0.357305 -0.848904
vn -0.419403 0.558289 -0.715832
vn -0.219742 0.493495 -0.841532
vn -0.652119 0.047726 -0.756613
vn -0.404258 0.018284 -0.914462
vn -0.379410 0.006039 -0.925209
vn -0.640743 0.016788 -0.767572
vn 0.398093 0.017991 -0.917169
vn 0.653419 0.047834 -0.755484
vn 0.642012 0.016824 -0.766510
vn 0.373177 0.005930 -0.927741
vn 0.679869 0.372001 -0.631976
vn 0.672971 0.167551 -0.720442
vn 0.389570 0.133879 -0.911214
vn -0.678282 0.371686 -0.633864
vn -0.396099 0.134122 -0.908360
vn -0.671570 0.167327 -0.721801
vn 0.661596 0.592484 -0.459622
vn -0.659845 0.592321 -0.462343
vn 0.199088 -0.000708 -0.979981
vn 0.199313 -0.000708 -0.979936
vn -0.204957 -0.000708 -0.978771
vn -0.205188 -0.000708 -0.978722
vn 0.204201 0.101560 -0.973647
vn -0.210203 0.101322 -0.972393
vn -0.214421 0.587489 0.780308
vn -0.000189 0.601410 0.798941
vn 0.000063 0.658318 0.752740
vn -0.179299 0.647404 0.740756
vn 0.207487 0.588446 0.781461
vn 0.173434 0.648194 0.741462
vn -0.405280 -0.192620 0.893669
vn -0.431638 -0.071327 0.899223
vn 0.421982 -0.072353 0.903713
vn 0.395475 -0.193787 0.897801
vn 0.351050 0.299166 0.887279
vn -0.359859 0.298652 0.883917
vn 0.000260 -0.214862 0.976644
vn -0.000447 -0.110127 0.993917
vn -0.000379 0.273043 0.962002
vn 0.282715 -0.886796 -0.365603
vn 0.460751 -0.847134 -0.264710
vn 0.460751 -0.847134 -0.264710
vn 0.265597 -0.888522 -0.374149
vn -0.530662 -0.807019 -0.259070
vn -0.499919 -0.828764 -0.251457
vn -0.499919 -0.828765 -0.251457
vn -0.538428 -0.801245 -0.260963
vn -0.565896 -0.800306 -0.198173
vn -0.567936 -0.804502 -0.173853
vn -0.485600 -0.873786 0.026291
vn -0.455306 -0.887890 0.065941
vn 0.530836 -0.806938 -0.258968
vn 0.565520 -0.800630 -0.197934
vn 0.567306 -0.805071 -0.173275
vn 0.538667 -0.801052 -0.261062
vn 0.499905 -0.829036 -0.250590
vn 0.499905 -0.829036 -0.250590
vn -0.459910 -0.847235 -0.265849
vn -0.287161 -0.886043 -0.363959
vn -0.270718 -0.887788 -0.372216
vn -0.459910 -0.847235 -0.265849
vn 0.000079 -0.902515 -0.430658
vn -0.000151 -0.902515 -0.430658
vn 0.478344 -0.877585 0.032126
vn 0.446036 -0.892041 0.072906
vn 0.001509 -0.973578 0.228351
vn 0.000217 -0.973580 0.228345
vn 0.205637 0.296337 0.932683
vn 0.000000 0.294113 0.955771
vn 0.000000 0.294113 0.955771
vn 0.207791 0.296367 0.932196
vn 0.451540 0.299426 0.840509
vn 0.453901 0.299472 0.839220
vn 0.648944 0.304044 0.697445
vn 0.651307 0.304109 0.695210
vn 0.808148 0.308899 0.501477
vn 0.809687 0.308951 0.498956
vn 0.911867 0.312537 0.266118
vn 0.912374 0.312557 0.264353
vn 0.949399 0.314073 0.000183
vn 0.949399 0.314072 -0.000192
vn 0.916115 0.315626 -0.247213
vn 0.916080 0.315627 -0.247340
vn 0.805636 0.317726 -0.500001
vn 0.805938 0.317720 -0.499518
vn 0.648949 0.320371 -0.690092
vn 0.649147 0.320367 -0.689908
vn 0.412011 0.325968 -0.850877
vn 0.415477 0.325940 -0.849201
vn 0.156155 0.325101 -0.932698
vn 0.158505 0.325061 -0.932315
vn 0.000000 0.326633 -0.945151
vn 0.000000 0.326633 -0.945151
vn 0.140333 0.756815 0.638387
vn 0.000000 0.754205 0.656639
vn 0.000000 0.754205 0.656639
vn 0.144065 0.756906 0.637446
vn 0.306170 0.760468 0.572668
vn 0.310213 0.760605 0.570305
vn 0.436931 0.765807 0.471837
vn 0.440847 0.765994 0.467874
vn 0.540191 0.771227 0.336754
vn 0.542656 0.771366 0.332444
vn 0.606331 0.775107 0.177686
vn 0.607113 0.775158 0.174769
vn 0.629721 0.776821 0.000375
vn 0.629721 0.776821 -0.000334
vn 0.605918 0.778648 -0.163004
vn 0.605833 0.778653 -0.163300
vn 0.531288 0.781003 -0.328280
vn 0.531686 0.780990 -0.327666
vn 0.426400 0.783829 -0.451437
vn 0.426598 0.783823 -0.451260
vn 0.268651 0.789576 -0.551721
vn 0.273644 0.789508 -0.549361
vn 0.102873 0.788919 -0.605825
vn 0.106521 0.788836 -0.605303
vn 0.000000 0.790289 -0.612734
vn 0.000000 0.790289 -0.612734
vn 0.048605 0.974249 0.220172
vn -0.000000 0.973860 0.227151
vn -0.000000 0.973860 0.227151
vn 0.050236 0.974267 0.219728
vn 0.104992 0.974805 0.196805
vn 0.106759 0.974831 0.195719
vn 0.149728 0.975421 0.161667
vn 0.151438 0.975439 0.159954
vn 0.187053 0.975500 0.115805
vn 0.187964 0.975490 0.114404
vn 0.213045 0.975092 0.061711
vn 0.213288 0.975086 0.060956
vn 0.221457 0.975170 0.000558
vn 0.221442 0.975174 0.000167
vn 0.209540 0.976237 -0.055266
vn 0.209328 0.976251 -0.055819
vn 0.180198 0.977482 -0.109806
vn 0.180166 0.977483 -0.109850
vn 0.142943 0.978268 -0.150194
vn 0.143074 0.978266 -0.150083
vn 0.090378 0.979030 -0.182569
vn 0.092115 0.979022 -0.181744
vn 0.035332 0.978940 -0.201069
vn 0.036780 0.978929 -0.200863
vn 0.000000 0.979092 -0.203417
vn 0.000000 0.979092 -0.203417
vn -0.048972 0.974249 -0.220092
vn -0.000000 0.973869 -0.227111
vn -0.000000 0.973869 -0.227111
vn -0.050573 0.974266 -0.219655
vn -0.104992 0.974805 -0.196805
vn -0.106759 0.974832 -0.195719
vn -0.151928 0.974948 -0.162464
vn -0.153693 0.974925 -0.160936
vn -0.196536 0.973356 -0.118119
vn -0.196658 0.973348 -0.117979
vn -0.229787 0.971110 -0.064373
vn -0.229675 0.971118 -0.064649
vn -0.240647 0.970612 -0.001434
vn -0.240623 0.970618 -0.000930
vn -0.225321 0.972634 0.056682
vn -0.224478 0.972723 0.058473
vn -0.188922 0.975654 0.111388
vn -0.187865 0.975730 0.112507
vn -0.145377 0.977859 0.150522
vn -0.145272 0.977863 0.150601
vn -0.091773 0.978997 0.182049
vn -0.093200 0.978989 0.181368
vn -0.036633 0.978968 0.200700
vn -0.038004 0.978959 0.200487
vn 0.000000 0.979088 0.203437
vn 0.000000 0.979088 0.203437
vn -0.143237 0.756801 -0.637758
vn 0.000000 0.754370 -0.656449
vn 0.000000 0.754370 -0.656449
vn -0.146782 0.756884 -0.636853
vn -0.306171 0.760467 -0.572669
vn -0.310214 0.760604 -0.570306
vn -0.455715 0.752506 -0.475456
vn -0.459502 0.751936 -0.472705
vn -0.617554 0.705125 -0.348462
vn -0.610287 0.708388 -0.354592
vn -0.736902 0.647566 -0.193994
vn -0.733187 0.649471 -0.201553
vn -0.779187 0.626761 -0.006237
vn -0.779174 0.626786 -0.005158
vn -0.734406 0.656728 0.171336
vn -0.728227 0.660278 0.183626
vn -0.608020 0.718625 0.337476
vn -0.597403 0.723258 0.346421
vn -0.451353 0.768379 0.453734
vn -0.447970 0.769066 0.455917
vn -0.281002 0.787888 0.547969
vn -0.283833 0.787797 0.546639
vn -0.113635 0.789477 0.603170
vn -0.116789 0.789435 0.602621
vn -0.000000 0.790196 0.612855
vn -0.000000 0.790196 0.612855
vn -0.201298 0.287451 -0.936403
vn -0.000000 0.266499 -0.963835
vn 0.000000 0.348217 -0.937414
vn -0.206733 0.349427 -0.913872
vn -0.426212 0.349063 -0.834565
vn -0.468131 0.324869 -0.821775
vn -0.623623 0.413773 -0.663239
vn -0.708290 0.260024 -0.656288
vn -0.791704 0.428649 -0.435277
vn -0.867690 0.210082 -0.450533
vn -0.879381 0.416837 -0.230080
vn -0.958169 0.173622 -0.227524
vn -0.888420 0.458474 -0.022641
vn -0.985692 0.165041 -0.034251
vn -0.818955 0.550231 0.162967
vn -0.963827 0.185937 0.190959
vn -0.685357 0.636583 0.353621
vn -0.866654 0.214873 0.450268
vn -0.521493 0.693912 0.496520
vn -0.714932 0.261305 0.648530
vn -0.319997 0.724260 0.610777
vn -0.464002 0.314727 0.828040
vn -0.130068 0.728001 0.673125
vn -0.184985 0.336727 0.923253
vn 0.000000 0.728122 0.685448
vn -0.000000 0.337572 0.941300
vn -0.237300 -0.161066 -0.957991
vn 0.000000 -0.156819 -0.987627
vn 0.000000 -0.269736 -0.962934
vn -0.229955 -0.270594 -0.934826
vn -0.511000 -0.185561 -0.839313
vn -0.518499 -0.282060 -0.807218
vn -0.666408 -0.198544 -0.718666
vn -0.686283 -0.244036 -0.685173
vn -0.748226 -0.097833 -0.656191
vn -0.699127 -0.182944 -0.691197
vn -0.896355 0.280932 -0.342964
vn -0.857244 -0.197222 -0.475643
vn -0.912673 0.408689 -0.000840
vn -0.974480 -0.224474 -0.000334
vn -0.891149 0.281786 0.355599
vn -0.837722 -0.210056 0.504082
vn -0.739480 -0.114640 0.663346
vn -0.656426 -0.196752 0.728281
vn -0.654703 -0.346076 0.672009
vn -0.644881 -0.223824 0.730774
vn -0.499556 -0.397769 0.769560
vn -0.516885 -0.258070 0.816229
vn -0.210646 -0.413644 0.885735
vn -0.213369 -0.290890 0.932661
vn 0.000000 -0.422960 0.906148
vn 0.000000 -0.291564 0.956551
vn -0.164699 -0.723824 -0.670039
vn -0.000000 -0.722602 -0.691264
vn -0.000000 -0.722602 -0.691264
vn -0.164173 -0.723822 -0.670171
vn -0.481948 -0.725042 -0.491976
vn -0.458630 -0.727007 -0.510998
vn -0.646689 -0.664588 -0.374321
vn -0.647841 -0.663330 -0.374560
vn -0.641964 -0.637061 -0.426657
vn -0.628531 -0.639737 -0.442363
vn -0.657561 -0.700979 -0.276120
vn -0.645672 -0.694193 -0.318125
vn -0.696707 -0.717355 -0.000041
vn -0.696707 -0.717355 -0.000048
vn -0.625027 -0.707039 0.330812
vn -0.606328 -0.700011 0.377294
vn -0.506747 -0.679052 0.531127
vn -0.506553 -0.685317 0.523206
vn -0.566291 -0.697308 0.439404
vn -0.555826 -0.700724 0.447261
vn -0.537308 -0.694846 0.478006
vn -0.548221 -0.693147 0.467976
vn -0.271820 -0.736088 0.619910
vn -0.255871 -0.737496 0.625004
vn 0.000000 -0.742430 0.669924
vn 0.000000 -0.742430 0.669924
vn -0.058794 -0.968897 -0.240378
vn 0.000000 -0.968674 -0.248337
vn 0.000000 -0.968674 -0.248337
vn -0.058516 -0.968897 -0.240448
vn -0.288548 -0.953759 -0.084170
vn -0.283022 -0.955009 -0.088643
vn -0.441435 -0.895895 0.050074
vn -0.439992 -0.896687 0.048577
vn -0.382141 -0.924093 -0.004516
vn -0.376194 -0.926487 -0.010012
vn -0.247814 -0.966333 -0.069206
vn -0.247187 -0.965683 -0.079720
vn -0.249959 -0.968256 -0.000000
vn -0.249959 -0.968256 -0.000000
vn -0.228522 -0.966894 0.113554
vn -0.221583 -0.965207 0.138839
vn -0.209227 -0.961602 0.177609
vn -0.212417 -0.963132 0.165095
vn -0.340058 -0.939173 0.048103
vn -0.339453 -0.939372 0.048510
vn -0.440161 -0.897396 0.030639
vn -0.440544 -0.897271 0.028731
vn -0.244242 -0.955573 0.165001
vn -0.231438 -0.957886 0.169973
vn 0.000000 -0.972483 0.232974
vn 0.000000 -0.972483 0.232974
vn 0.058384 -0.968902 0.240459
vn 0.000000 -0.968663 0.248381
vn 0.000000 -0.968662 0.248381
vn 0.058074 -0.968901 0.240537
vn -0.029076 -0.943103 0.331228
vn -0.037962 -0.940366 0.338039
vn -0.134592 -0.867149 0.479518
vn -0.134118 -0.871099 0.472439
vn 0.002152 -0.904492 0.426485
vn -0.028011 -0.891129 0.452885
vn 0.220734 -0.967033 0.126975
vn 0.214286 -0.965637 0.147063
vn 0.249955 -0.968257 -0.000000
vn 0.249955 -0.968257 0.000000
vn 0.229187 -0.966868 -0.112423
vn 0.222550 -0.965240 -0.137050
vn 0.145969 -0.955089 -0.257872
vn 0.131534 -0.954288 -0.268390
vn -0.037794 -0.929940 -0.365765
vn -0.058932 -0.924727 -0.376042
vn -0.247635 -0.881597 -0.401826
vn -0.245917 -0.881717 -0.402616
vn -0.159811 -0.937144 -0.310195
vn -0.155302 -0.938551 -0.308228
vn 0.000000 -0.969575 -0.244795
vn 0.000000 -0.969575 -0.244795
vn 0.161535 -0.723899 0.670728
vn 0.000000 -0.722423 0.691451
vn 0.000000 -0.722423 0.691451
vn 0.160827 -0.723895 0.670903
vn 0.237830 -0.695124 0.678410
vn 0.232235 -0.690298 0.685242
vn 0.195301 -0.587160 0.785558
vn 0.196705 -0.595485 0.778913
vn 0.343987 -0.616618 0.708135
vn 0.293088 -0.588789 0.753277
vn 0.620868 -0.723599 0.301541
vn 0.611995 -0.722170 0.322384
vn 0.693820 -0.720149 -0.000000
vn 0.693820 -0.720149 0.000001
vn 0.627085 -0.710882 -0.318452
vn 0.610170 -0.704754 -0.361959
vn 0.426400 -0.660320 -0.618191
vn 0.413893 -0.660302 -0.626653
vn 0.259664 -0.657790 -0.707027
vn 0.234645 -0.657294 -0.716175
vn 0.011347 -0.648594 -0.761050
vn 0.016369 -0.648938 -0.760665
vn -0.040009 -0.689205 -0.723461
vn -0.042214 -0.687804 -0.724668
vn -0.000000 -0.730726 -0.682670
vn -0.000000 -0.730726 -0.682670
vn -0.228517 -0.153402 -0.961378
vn 0.000000 -0.145903 -0.989299
vn -0.494744 -0.170922 -0.852064
vn -0.675916 -0.169108 -0.717314
vn -0.823445 0.008862 -0.567326
vn -0.919268 0.260474 -0.295125
vn -0.929132 0.369698 -0.006139
vn -0.911022 0.196953 0.362282
vn -0.813602 -0.104185 0.572012
vn -0.670424 -0.267484 0.692087
vn -0.471089 -0.297928 0.830249
vn -0.204389 -0.277092 0.938853
vn 0.000000 -0.281023 0.959701
vn 0.000000 0.130287 -0.991476
vn -0.220877 0.128430 -0.966809
vn 0.000000 -0.052441 -0.998624
vn -0.226979 -0.054335 -0.972383
vn -0.494340 0.125317 -0.860188
vn -0.506227 -0.051751 -0.860846
vn -0.729615 0.104307 -0.675857
vn -0.729633 -0.017200 -0.683623
vn -0.888869 0.075737 -0.451858
vn -0.886511 0.035081 -0.461376
vn -0.972857 0.051364 -0.225636
vn -0.974227 0.060925 -0.217187
vn -0.998651 0.040527 -0.032475
vn -0.998223 0.055136 -0.022619
vn -0.974551 0.031006 0.222012
vn -0.968272 0.029256 0.248179
vn -0.885028 0.026986 0.464755
vn -0.877232 -0.010821 0.479944
vn -0.739227 0.042986 0.672083
vn -0.727826 -0.044797 0.684297
vn -0.480879 0.052129 0.875236
vn -0.477911 -0.070973 0.875536
vn -0.199110 0.049983 0.978702
vn -0.201049 -0.065755 0.977372
vn -0.000000 0.049407 0.998779
vn -0.000000 -0.068205 0.997671
vn -0.205637 0.296337 0.932683
vn -0.207791 0.296367 0.932196
vn -0.451540 0.299425 0.840510
vn -0.453901 0.299471 0.839221
vn -0.648944 0.304044 0.697445
vn -0.651307 0.304108 0.695210
vn -0.808148 0.308899 0.501476
vn -0.809687 0.308950 0.498956
vn -0.911867 0.312537 0.266118
vn -0.912374 0.312557 0.264352
vn -0.949399 0.314072 0.000184
vn -0.949399 0.314072 -0.000192
vn -0.916115 0.315626 -0.247212
vn -0.916080 0.315627 -0.247339
vn -0.805636 0.317726 -0.500001
vn -0.805938 0.317720 -0.499518
vn -0.648949 0.320371 -0.690093
vn -0.649147 0.320367 -0.689909
vn -0.412012 0.325968 -0.850877
vn -0.415477 0.325940 -0.849201
vn -0.156154 0.325100 -0.932698
vn -0.158505 0.325061 -0.932315
vn -0.140332 0.756814 0.638388
vn -0.144065 0.756906 0.637447
vn -0.306170 0.760468 0.572668
vn -0.310213 0.760605 0.570306
vn -0.436931 0.765808 0.471836
vn -0.440847 0.765995 0.467873
vn -0.540191 0.771227 0.336754
vn -0.542655 0.771367 0.332444
vn -0.606330 0.775107 0.177686
vn -0.607112 0.775158 0.174768
vn -0.629721 0.776821 0.000374
vn -0.629721 0.776821 -0.000334
vn -0.605919 0.778648 -0.163004
vn -0.605833 0.778652 -0.163300
vn -0.531288 0.781003 -0.328280
vn -0.531686 0.780990 -0.327666
vn -0.426400 0.783829 -0.451436
vn -0.426598 0.783823 -0.451260
vn -0.268651 0.789576 -0.551722
vn -0.273644 0.789507 -0.549362
vn -0.102873 0.788918 -0.605826
vn -0.106521 0.788835 -0.605304
vn -0.048605 0.974250 0.220171
vn -0.050236 0.974267 0.219728
vn -0.104992 0.974805 0.196803
vn -0.106759 0.974832 0.195718
vn -0.149728 0.975420 0.161668
vn -0.151438 0.975439 0.159954
vn -0.187054 0.975500 0.115805
vn -0.187964 0.975490 0.114404
vn -0.213045 0.975092 0.061711
vn -0.213288 0.975086 0.060956
vn -0.221457 0.975170 0.000559
vn -0.221442 0.975173 0.000167
vn -0.209540 0.976237 -0.055265
vn -0.209329 0.976251 -0.055819
vn -0.180198 0.977482 -0.109806
vn -0.180166 0.977483 -0.109850
vn -0.142943 0.978268 -0.150195
vn -0.143074 0.978266 -0.150084
vn -0.090378 0.979031 -0.182566
vn -0.092115 0.979022 -0.181742
vn -0.035332 0.978940 -0.201067
vn -0.036780 0.978929 -0.200861
vn 0.048972 0.974249 -0.220092
vn 0.050573 0.974266 -0.219655
vn 0.104992 0.974805 -0.196803
vn 0.106759 0.974832 -0.195718
vn 0.151927 0.974948 -0.162465
vn 0.153693 0.974925 -0.160936
vn 0.196536 0.973356 -0.118120
vn 0.196658 0.973348 -0.117980
vn 0.229787 0.971110 -0.064373
vn 0.229675 0.971118 -0.064649
vn 0.240647 0.970612 -0.001434
vn 0.240623 0.970618 -0.000930
vn 0.225321 0.972634 0.056681
vn 0.224478 0.972723 0.058473
vn 0.188922 0.975654 0.111388
vn 0.187865 0.975730 0.112507
vn 0.145377 0.977859 0.150524
vn 0.145272 0.977862 0.150603
vn 0.091773 0.978997 0.182050
vn 0.093200 0.978989 0.181370
vn 0.036633 0.978968 0.200700
vn 0.038004 0.978959 0.200486
vn 0.143237 0.756801 -0.637758
vn 0.146782 0.756883 -0.636854
vn 0.306171 0.760466 -0.572670
vn 0.310214 0.760603 -0.570307
vn 0.455714 0.752506 -0.475457
vn 0.459501 0.751936 -0.472706
vn 0.617554 0.705125 -0.348462
vn 0.610287 0.708388 -0.354593
vn 0.736903 0.647565 -0.193994
vn 0.733188 0.649470 -0.201553
vn 0.779187 0.626760 -0.006237
vn 0.779175 0.626786 -0.005158
vn 0.734406 0.656728 0.171336
vn 0.728227 0.660278 0.183626
vn 0.608020 0.718624 0.337477
vn 0.597403 0.723258 0.346421
vn 0.451353 0.768378 0.453735
vn 0.447970 0.769065 0.455918
vn 0.281002 0.787888 0.547970
vn 0.283833 0.787797 0.546640
vn 0.113635 0.789477 0.603170
vn 0.116789 0.789435 0.602621
vn 0.201298 0.287452 -0.936403
vn 0.206733 0.349427 -0.913872
vn 0.426212 0.349063 -0.834565
vn 0.468131 0.324869 -0.821775
vn 0.623623 0.413773 -0.663240
vn 0.708290 0.260023 -0.656288
vn 0.791703 0.428649 -0.435277
vn 0.867690 0.210082 -0.450532
vn 0.879381 0.416837 -0.230080
vn 0.958169 0.173622 -0.227524
vn 0.888419 0.458474 -0.022641
vn 0.985692 0.165041 -0.034251
vn 0.818955 0.550232 0.162966
vn 0.963827 0.185936 0.190959
vn 0.685358 0.636582 0.353621
vn 0.866654 0.214873 0.450268
vn 0.521493 0.693911 0.496520
vn 0.714932 0.261305 0.648530
vn 0.319997 0.724260 0.610778
vn 0.464002 0.314727 0.828040
vn 0.130068 0.728001 0.673125
vn 0.184985 0.336727 0.923253
vn 0.237300 -0.161066 -0.957991
vn 0.229955 -0.270594 -0.934826
vn 0.511000 -0.185561 -0.839313
vn 0.518499 -0.282060 -0.807218
vn 0.666408 -0.198544 -0.718666
vn 0.686283 -0.244036 -0.685173
vn 0.748226 -0.097833 -0.656191
vn 0.699127 -0.182946 -0.691197
vn 0.896355 0.280932 -0.342964
vn 0.857243 -0.197225 -0.475643
vn 0.912673 0.408689 -0.000840
vn 0.974479 -0.224477 -0.000334
vn 0.891149 0.281786 0.355599
vn 0.837722 -0.210057 0.504082
vn 0.739480 -0.114640 0.663346
vn 0.656426 -0.196752 0.728281
vn 0.654703 -0.346076 0.672009
vn 0.644881 -0.223824 0.730775
vn 0.499556 -0.397769 0.769561
vn 0.516885 -0.258069 0.816229
vn 0.210646 -0.413644 0.885735
vn 0.213369 -0.290890 0.932661
vn 0.164699 -0.723824 -0.670039
vn 0.164173 -0.723822 -0.670171
vn 0.481948 -0.725042 -0.491976
vn 0.458631 -0.727007 -0.510998
vn 0.646689 -0.664588 -0.374321
vn 0.647841 -0.663330 -0.374560
vn 0.641964 -0.637060 -0.426657
vn 0.628531 -0.639737 -0.442363
vn 0.657562 -0.700978 -0.276120
vn 0.645673 -0.694193 -0.318125
vn 0.696708 -0.717355 -0.000041
vn 0.696708 -0.717355 -0.000048
vn 0.625027 -0.707039 0.330813
vn 0.606328 -0.700011 0.377294
vn 0.506747 -0.679052 0.531127
vn 0.506553 -0.685317 0.523206
vn 0.566291 -0.697308 0.439404
vn 0.555826 -0.700724 0.447262
vn 0.537308 -0.694846 0.478006
vn 0.548221 -0.693147 0.467976
vn 0.271820 -0.736088 0.619910
vn 0.255871 -0.737496 0.625004
vn 0.058794 -0.968897 -0.240378
vn 0.058516 -0.968897 -0.240448
vn 0.288547 -0.953759 -0.084170
vn 0.283022 -0.955008 -0.088643
vn 0.441435 -0.895895 0.050074
vn 0.439992 -0.896687 0.048578
vn 0.382141 -0.924093 -0.004516
vn 0.376194 -0.926487 -0.010012
vn 0.247814 -0.966333 -0.069206
vn 0.247187 -0.965683 -0.079719
vn 0.249959 -0.968256 0.000000
vn 0.249959 -0.968256 0.000000
vn 0.228522 -0.966894 0.113555
vn 0.221583 -0.965207 0.138839
vn 0.209228 -0.961602 0.177610
vn 0.212417 -0.963132 0.165095
vn 0.340058 -0.939173 0.048103
vn 0.339453 -0.939371 0.048509
vn 0.440161 -0.897396 0.030639
vn 0.440544 -0.897271 0.028731
vn 0.244242 -0.955573 0.165001
vn 0.231438 -0.957886 0.169973
vn -0.058384 -0.968902 0.240459
vn -0.058074 -0.968901 0.240537
vn 0.029076 -0.943103 0.331228
vn 0.037962 -0.940366 0.338039
vn 0.134591 -0.867149 0.479518
vn 0.134118 -0.871100 0.472438
vn -0.002152 -0.904492 0.426485
vn 0.028011 -0.891129 0.452885
vn -0.220734 -0.967034 0.126975
vn -0.214286 -0.965637 0.147063
vn -0.249955 -0.968257 0.000000
vn -0.249955 -0.968257 0.000000
vn -0.229187 -0.966868 -0.112423
vn -0.222550 -0.965240 -0.137050
vn -0.145969 -0.955089 -0.257872
vn -0.131534 -0.954288 -0.268390
vn 0.037794 -0.929940 -0.365765
vn 0.058932 -0.924727 -0.376042
vn 0.247636 -0.881597 -0.401826
vn 0.245917 -0.881717 -0.402616
vn 0.159811 -0.937144 -0.310195
vn 0.155302 -0.938551 -0.308228
vn -0.161535 -0.723899 0.670728
vn -0.160827 -0.723895 0.670903
vn -0.237829 -0.695124 0.678410
vn -0.232235 -0.690298 0.685242
vn -0.195301 -0.587160 0.785558
vn -0.196705 -0.595485 0.778913
vn -0.343987 -0.616618 0.708135
vn -0.293088 -0.588789 0.753277
vn -0.620869 -0.723598 0.301542
vn -0.611996 -0.722170 0.322384
vn -0.693821 -0.720148 -0.000000
vn -0.693821 -0.720148 0.000000
vn -0.627085 -0.710882 -0.318452
vn -0.610170 -0.704754 -0.361959
vn -0.426400 -0.660320 -0.618191
vn -0.413893 -0.660302 -0.626653
vn -0.259665 -0.657790 -0.707027
vn -0.234645 -0.657294 -0.716175
vn -0.011347 -0.648594 -0.761050
vn -0.016369 -0.648938 -0.760665
vn 0.040009 -0.689205 -0.723461
vn 0.042214 -0.687804 -0.724668
vn 0.228517 -0.153402 -0.961378
vn 0.494744 -0.170923 -0.852064
vn 0.675917 -0.169108 -0.717314
vn 0.823445 0.008862 -0.567326
vn 0.919268 0.260474 -0.295125
vn 0.929132 0.369698 -0.006139
vn 0.911022 0.196953 0.362282
vn 0.813602 -0.104185 0.572012
vn 0.670424 -0.267485 0.692087
vn 0.471089 -0.297928 0.830249
vn 0.204389 -0.277092 0.938853
vn 0.220877 0.128430 -0.966809
vn 0.226979 -0.054335 -0.972383
vn 0.494340 0.125317 -0.860188
vn 0.506227 -0.051751 -0.860846
vn 0.729615 0.104307 -0.675857
vn 0.729633 -0.017200 -0.683622
vn 0.888869 0.075737 -0.451858
vn 0.886511 0.035081 -0.461376
vn 0.972857 0.051365 -0.225636
vn 0.974227 0.060925 -0.217187
vn 0.998651 0.040527 -0.032475
vn 0.998223 0.055136 -0.022619
vn 0.974551 0.031006 0.222012
vn 0.968272 0.029256 0.248179
vn 0.885028 0.026986 0.464755
vn 0.877232 -0.010821 0.479944
vn 0.739227 0.042986 0.672083
vn 0.727826 -0.044797 0.684297
vn 0.480879 0.052130 0.875236
vn 0.477911 -0.070973 0.875536
vn 0.199109 0.049983 0.978702
vn 0.201049 -0.065755 0.977372
vn -0.899020 -0.331019 0.286689
vn -0.899019 -0.331019 0.286689
vn -0.899019 -0.331019 0.286689
vn -0.899020 -0.331019 0.286689
vn -0.627338 -0.373854 0.683140
vn -0.627338 -0.373854 0.683140
vn -0.627338 -0.373854 0.683140
vn -0.627338 -0.373854 0.683140
vn -0.220342 -0.413035 0.883658
vn -0.220342 -0.413035 0.883658
vn -0.220342 -0.413035 0.883658
vn -0.220342 -0.413035 0.883658
vn 0.214896 -0.413331 0.884860
vn 0.214896 -0.413331 0.884860
vn 0.214896 -0.413331 0.884860
vn 0.214896 -0.413331 0.884860
vn 0.627338 -0.373854 0.683140
vn 0.627338 -0.373854 0.683140
vn 0.627338 -0.373854 0.683140
vn 0.627338 -0.373854 0.683140
vn 0.899019 -0.331022 0.286688
vn 0.899019 -0.331022 0.286688
vn 0.899019 -0.331022 0.286688
vn 0.899019 -0.331022 0.286688
vn -0.942632 0.145210 0.300597
vn -0.942632 0.145210 0.300596
vn -0.942632 0.145210 0.300596
vn -0.942632 0.145210 0.300596
vn -0.666967 0.166294 0.726293
vn -0.666967 0.166294 0.726293
vn -0.666967 0.166294 0.726293
vn -0.666967 0.166294 0.726293
vn -0.237702 0.186421 0.953281
vn -0.237702 0.186421 0.953281
vn -0.237702 0.186421 0.953281
vn -0.237702 0.186421 0.953281
vn 0.231854 0.186577 0.954690
vn 0.231854 0.186577 0.954690
vn 0.231854 0.186577 0.954690
vn 0.231854 0.186577 0.954690
vn 0.666967 0.166294 0.726293
vn 0.666967 0.166294 0.726293
vn 0.666967 0.166294 0.726293
vn 0.666967 0.166294 0.726293
vn 0.942632 0.145212 0.300596
vn 0.942632 0.145212 0.300596
vn 0.942632 0.145212 0.300596
vn 0.942632 0.145212 0.300596
vn -0.794252 0.550810 0.256461
vn -0.794252 0.550810 0.256461
vn -0.794252 0.550810 0.256461
vn -0.794252 0.550810 0.256461
vn -0.569455 0.535542 0.623632
vn -0.569455 0.535542 0.623632
vn -0.569455 0.535542 0.623632
vn -0.569455 0.535542 0.623632
vn -0.205571 0.521209 0.828300
vn -0.205571 0.521209 0.828300
vn -0.205571 0.521209 0.828300
vn -0.205571 0.521209 0.828300
vn 0.200169 0.521096 0.829693
vn 0.200169 0.521096 0.829693
vn 0.200169 0.521096 0.829693
vn 0.200169 0.521096 0.829693
vn 0.569455 0.535542 0.623632
vn 0.569455 0.535542 0.623632
vn 0.569455 0.535542 0.623632
vn 0.569455 0.535542 0.623632
vn 0.794252 0.550810 0.256461
vn 0.794252 0.550810 0.256461
vn 0.794252 0.550810 0.256461
vn 0.794252 0.550810 0.256461
vn -0.601641 0.773957 0.197530
vn -0.601641 0.773957 0.197530
vn -0.601641 0.773957 0.197530
vn -0.601641 0.773957 0.197530
vn -0.437082 0.761472 0.478665
vn -0.437082 0.761472 0.478665
vn -0.437082 0.761472 0.478665
vn -0.437082 0.761472 0.478665
vn -0.159879 0.749273 0.642673
vn -0.159879 0.749273 0.642673
vn -0.159879 0.749273 0.642673
vn -0.159879 0.749273 0.642673
vn 0.155012 0.749160 0.643996
vn 0.155012 0.749160 0.643996
vn 0.155012 0.749160 0.643996
vn 0.155012 0.749160 0.643996
vn 0.437081 0.761472 0.478665
vn 0.437081 0.761472 0.478665
vn 0.437081 0.761472 0.478665
vn 0.437081 0.761472 0.478665
vn 0.601641 0.773957 0.197530
vn 0.601641 0.773957 0.197530
vn 0.601641 0.773957 0.197530
vn 0.601641 0.773957 0.197530
vn -0.411054 0.900797 0.140002
vn -0.411054 0.900797 0.140002
vn -0.411054 0.900797 0.140002
vn -0.411054 0.900797 0.140002
vn -0.302138 0.893996 0.330883
vn -0.302138 0.893996 0.330883
vn -0.302138 0.893996 0.330883
vn -0.302138 0.893996 0.330883
vn -0.111979 0.887075 0.447838
vn -0.111979 0.887075 0.447837
vn -0.111979 0.887075 0.447837
vn -0.111979 0.887075 0.447838
vn 0.107568 0.886990 0.449086
vn 0.107568 0.886990 0.449086
vn 0.107568 0.886990 0.449086
vn 0.107568 0.886990 0.449086
vn 0.302138 0.893996 0.330884
vn 0.302138 0.893996 0.330884
vn 0.302138 0.893996 0.330884
vn 0.302138 0.893996 0.330884
vn 0.411054 0.900796 0.140002
vn 0.411054 0.900796 0.140002
vn 0.411054 0.900796 0.140002
vn 0.411054 0.900796 0.140002
vn -0.000006 1.000000 0.000002
vn -0.000006 1.000000 0.000002
vn -0.000006 1.000000 0.000002
vn -0.000006 1.000000 0.000002
vn -0.000004 1.000000 0.000005
vn -0.000004 1.000000 0.000005
vn -0.000004 1.000000 0.000005
vn -0.000004 1.000000 0.000005
vn -0.000002 1.000000 0.000006
vn -0.000002 1.000000 0.000006
vn -0.000002 1.000000 0.000006
vn -0.000002 1.000000 0.000006
vn 0.000001 1.000000 0.000006
vn 0.000001 1.000000 0.000006
vn 0.000001 1.000000 0.000006
vn 0.000001 1.000000 0.000006
vn 0.000004 1.000000 0.000005
vn 0.000004 1.000000 0.000005
vn 0.000004 1.000000 0.000005
vn 0.000004 1.000000 0.000005
vn 0.000006 1.000000 0.000002
vn 0.000006 1.000000 0.000002
vn 0.000006 1.000000 0.000002
vn 0.000006 1.000000 0.000002
vn 0.000000 -1.000000 0.000000
vn 0.000000 -1.000000 0.000000
vn 0.000000 -1.000000 0.000000
vn 0.000000 -1.000000 0.000000
vn 0.000000 -1.000000 -0.000000
vn 0.000000 -1.000000 -0.000000
vn 0.000000 -1.000000 -0.000000
vn 0.000000 -1.000000 -0.000000
vn 0.000000 -1.000000 0.000000
vn 0.000000 -1.000000 0.000000
vn 0.000000 -1.000000 0.000000
vn 0.000000 -1.000000 0.000000
vn 0.000000 -1.000000 0.000000
vn 0.000000 -1.000000 0.000000
vn 0.000000 -1.000000 0.000000
vn 0.000000 -1.000000 0.000000
vn 0.000000 -1.000000 0.000000
vn 0.000000 -1.000000 0.000000
vn 0.000000 -1.000000 0.000000
vn 0.000000 -1.000000 0.000000
vn 0.000000 -1.000000 -0.000000
vn 0.000000 -1.000000 -0.000000
vn 0.000000 -1.000000 -0.000000
vn 0.000000 -1.000000 -0.000000
vn 0.000000 -1.000000 0.000000
vn 0.000000 -1.000000 0.000000
vn 0.000000 -1.000000 0.000000
vn 0.000000 -1.000000 0.000000
vn 0.000000 -1.000000 0.000000
vn 0.000000 -1.000000 0.000000
vn 0.000000 -1.000000 0.000000
vn 0.000000 -1.000000 0.000000
vn 0.000000 -1.000000 0.000000
vn 0.000000 -1.000000 0.000000
vn 0.000000 -1.000000 0.000000
vn 0.000000 -1.000000 0.000000
vn 0.000000 -1.000000 0.000000
vn 0.000000 -1.000000 0.000000
vn 0.000000 -1.000000 0.000000
vn 0.000000 -1.000000 0.000000
vn 0.000000 -1.000000 0.000000
vn 0.000000 -1.000000 0.000000
vn 0.000000 -1.000000 0.000000
vn 0.000000 -1.000000 0.000000
vn 0.000000 -1.000000 0.000000
vn 0.000000 -1.000000 0.000000
vn 0.000000 -1.000000 0.000000
vn 0.000000 -1.000000 0.000000
vn -0.942694 -0.330759 0.043896
vn -0.942694 -0.330759 0.043896
vn -0.943193 -0.332104 0.009738
vn -0.943193 -0.332099 0.009888
vn 0.942691 -0.330766 0.043896
vn 0.942691 -0.330766 0.043896
vn 0.943192 -0.332102 0.009888
vn 0.943191 -0.332107 0.009738
vn -0.988348 0.145085 0.046022
vn -0.988348 0.145085 0.046022
vn -0.989270 0.145732 0.010327
vn -0.989271 0.145733 0.010258
vn 0.988348 0.145089 0.046022
vn 0.988348 0.145089 0.046022
vn 0.989271 0.145735 0.010258
vn 0.989270 0.145734 0.010327
vn -0.824459 0.564752 0.036373
vn -0.824459 0.564752 0.036373
vn -0.823945 0.566611 0.008149
vn -0.823939 0.566622 0.007949
vn 0.824460 0.564750 0.036374
vn 0.824460 0.564750 0.036374
vn 0.823940 0.566621 0.007949
vn 0.823946 0.566610 0.008149
vn -0.618821 0.785167 0.023953
vn -0.618821 0.785167 0.023953
vn -0.617457 0.786587 0.005279
vn -0.617445 0.786597 0.005121
vn 0.618820 0.785167 0.023953
vn 0.618820 0.785167 0.023953
vn 0.617444 0.786598 0.005121
vn 0.617457 0.786587 0.005279
vn -0.420957 0.906989 0.012899
vn -0.420957 0.906989 0.012899
vn -0.419547 0.907729 0.002765
vn -0.419536 0.907735 0.002689
vn 0.420957 0.906989 0.012899
vn 0.420957 0.906989 0.012899
vn 0.419537 0.907735 0.002689
vn 0.419547 0.907729 0.002765
vn -0.000006 1.000000 0.000000
vn -0.000006 1.000000 0.000000
vn -0.000006 1.000000 0.000000
vn -0.000006 1.000000 0.000000
vn 0.000006 1.000000 0.000000
vn 0.000006 1.000000 0.000000
vn 0.000006 1.000000 0.000000
vn 0.000006 1.000000 0.000000
vn 0.000000 -1.000000 0.000000
vn 0.000000 -1.000000 0.000000
vn 0.000000 -1.000000 0.000000
vn 0.000000 -1.000000 0.000000
vn 0.000000 -1.000000 -0.000000
vn 0.000000 -1.000000 -0.000000
vn 0.000000 -1.000000 -0.000000
vn 0.000000 -1.000000 -0.000000
vn 0.000000 -1.000000 -0.000000
vn 0.000000 -1.000000 -0.000000
vn 0.000000 -1.000000 -0.000000
vn 0.000000 -1.000000 -0.000000
vn 0.000000 -1.000000 0.000000
vn 0.000000 -1.000000 0.000000
vn 0.000000 -1.000000 0.000000
vn 0.000000 -1.000000 0.000000
vn 0.000000 -1.000000 0.000000
vn 0.000000 -1.000000 0.000000
vn 0.000000 -1.000000 0.000000
vn 0.000000 -1.000000 0.000000
vn 0.943132 -0.332419 0.000000
vn 0.943132 -0.332419 0.000000
vn 0.989301 0.145886 0.000000
vn 0.989301 0.145886 0.000000
vn 0.823675 0.567062 0.000000
vn 0.823675 0.567062 0.000000
vn 0.617032 0.786938 0.000000
vn 0.617032 0.786938 0.000000
vn 0.419155 0.907915 0.000000
vn 0.419155 0.907915 0.000000
vn 0.000006 1.000000 0.000000
vn 0.000006 1.000000 0.000000
vn 0.000000 1.000000 0.000000
vn 0.000000 1.000000 0.000000
vn 0.000000 1.000000 0.000000
vn 0.000000 1.000000 0.000000
vn -0.000000 1.000000 0.000000
vn -0.000000 1.000000 0.000000
vn -0.000000 1.000000 0.000000
vn -0.000000 1.000000 0.000000
vn -0.000006 1.000000 0.000000
vn -0.000006 1.000000 0.000000
vn -0.419155 0.907915 0.000000
vn -0.419155 0.907915 0.000000
vn -0.617033 0.786938 0.000000
vn -0.617033 0.786938 0.000000
vn -0.823674 0.567063 0.000000
vn -0.823674 0.567063 0.000000
vn -0.989302 0.145885 0.000000
vn -0.989302 0.145885 0.000000
vn -0.943133 -0.332417 0.000000
vn -0.943133 -0.332417 0.000000
vn 0.000000 -1.000000 0.000000
vn 0.000000 -1.000000 0.000000
vn 0.000000 -1.000000 0.000000
vn 0.000000 -1.000000 0.000000
vn 0.000000 -1.000000 0.000000
vn 0.000000 -1.000000 0.000000
vn 0.000000 -1.000000 0.000000
vn 0.000000 -1.000000 0.000000
vn 0.000000 -1.000000 0.000000
vn 0.000000 -1.000000 0.000000
vn 0.000000 -1.000000 0.000000
vn 0.000000 -1.000000 0.000000
vn 0.000000 -1.000000 0.000000
vn 0.000000 -1.000000 0.000000
vn 0.000000 -1.000000 0.000000
vn 0.000000 -1.000000 0.000000
vn 0.000000 -1.000000 0.000000
vn 0.000000 -1.000000 0.000000
vn 0.000000 -1.000000 0.000000
vn 0.000000 -1.000000 0.000000
vn 0.000000 -1.000000 0.000000
vn 0.000000 -1.000000 0.000000
vn 0.000000 -1.000000 -0.000000
vn 0.000000 -1.000000 -0.000000
vn 0.000000 -1.000000 -0.000000
vn 0.000000 -1.000000 -0.000000
vn 0.000000 -1.000000 -0.000000
vn 0.000000 -1.000000 -0.000000
vn 0.000000 -1.000000 -0.000000
vn 0.000000 -1.000000 -0.000000
vn 0.000001 1.000000 0.000000
vn 0.000001 1.000000 0.000000
vn -0.000001 1.000000 0.000000
vn -0.000001 1.000000 0.000000
vn -0.000001 1.000000 0.000000
vn -0.000001 1.000000 0.000000
vn -0.000001 1.000000 0.000000
vn -0.000001 1.000000 0.000000
vn 0.000001 1.000000 0.000000
vn 0.000001 1.000000 0.000000
vn 0.000001 1.000000 0.000000
vn 0.000001 1.000000 0.000000
vn -0.000000 1.000000 0.000001
vn -0.000000 1.000000 0.000001
vn -0.000000 1.000000 0.000001
vn -0.000000 1.000000 0.000001
vn 0.000000 1.000000 0.000001
vn 0.000000 1.000000 0.000001
vn 0.000000 1.000000 0.000001
vn 0.000000 1.000000 0.000001
vn 0.000000 1.000000 0.000000
vn 0.000000 1.000000 0.000000
vn 0.000000 1.000000 0.000000
vn 0.000000 1.000000 0.000000
vn -0.000000 1.000000 0.000000
vn -0.000000 1.000000 0.000000
vn -0.000000 1.000000 0.000000
vn -0.000000 1.000000 0.000000
vn -0.000000 1.000000 0.000000
vn -0.000000 1.000000 0.000000
vn -0.000000 1.000000 0.000000
vn -0.000000 1.000000 0.000000
vn 0.000000 1.000000 0.000000
vn 0.000000 1.000000 0.000000
vn 0.000000 1.000000 0.000000
vn 0.000000 1.000000 0.000000
vn -0.658630 -0.232141 -0.715764
vn -0.658630 -0.232141 -0.715764
vn -0.658630 -0.232141 -0.715764
vn -0.658630 -0.232141 -0.715764
vn 0.658629 -0.232143 -0.715764
vn 0.658629 -0.232143 -0.715764
vn 0.658629 -0.232143 -0.715764
vn 0.658629 -0.232143 -0.715764
vn -0.661722 0.097579 -0.743372
vn -0.661722 0.097579 -0.743372
vn -0.661722 0.097579 -0.743372
vn -0.661722 0.097579 -0.743372
vn 0.661722 0.097580 -0.743372
vn 0.661722 0.097580 -0.743373
vn 0.661722 0.097580 -0.743372
vn 0.661722 0.097580 -0.743372
vn -0.572026 0.393815 -0.719511
vn -0.572026 0.393815 -0.719511
vn -0.572026 0.393815 -0.719511
vn -0.572026 0.393815 -0.719511
vn 0.572027 0.393814 -0.719511
vn 0.572027 0.393814 -0.719511
vn 0.572027 0.393814 -0.719511
vn 0.572027 0.393814 -0.719511
vn -0.452910 0.577623 -0.679134
vn -0.452910 0.577623 -0.679134
vn -0.452910 0.577623 -0.679135
vn -0.452910 0.577623 -0.679134
vn 0.452910 0.577624 -0.679134
vn 0.452910 0.577624 -0.679134
vn 0.452910 0.577624 -0.679134
vn 0.452910 0.577624 -0.679134
vn -0.321805 0.697051 -0.640751
vn -0.321805 0.697051 -0.640751
vn -0.321805 0.697051 -0.640751
vn -0.321805 0.697051 -0.640751
vn 0.321806 0.697051 -0.640751
vn 0.321806 0.697051 -0.640751
vn 0.321806 0.697051 -0.640751
vn 0.321806 0.697051 -0.640751
vn -0.000004 0.834790 -0.550568
vn -0.000004 0.834790 -0.550568
vn -0.000004 0.834790 -0.550568
vn -0.000004 0.834790 -0.550568
vn 0.000004 0.834791 -0.550568
vn 0.000004 0.834791 -0.550568
vn 0.000004 0.834791 -0.550568
vn 0.000004 0.834791 -0.550568
vn -0.000000 0.834791 -0.550567
vn -0.000000 0.834791 -0.550567
vn -0.000000 0.834791 -0.550567
vn -0.000000 0.834791 -0.550567
vn 0.000000 0.834791 -0.550567
vn 0.000000 0.834791 -0.550567
vn 0.000000 0.834791 -0.550567
vn 0.000000 0.834791 -0.550567
vn 0.000000 -1.000000 -0.000000
vn 0.000000 -1.000000 -0.000000
vn 0.000000 -1.000000 -0.000000
vn 0.000000 -1.000000 -0.000000
vn 0.000000 -1.000000 0.000000
vn 0.000000 -1.000000 0.000000
vn 0.000000 -1.000000 0.000000
vn 0.000000 -1.000000 0.000000
vn 0.000000 -1.000000 -0.000000
vn 0.000000 -1.000000 -0.000000
vn 0.000000 -1.000000 -0.000000
vn 0.000000 -1.000000 -0.000000
vn 0.000000 -1.000000 -0.000000
vn 0.000000 -1.000000 -0.000000
vn 0.000000 -1.000000 -0.000000
vn 0.000000 -1.000000 -0.000000
vn 0.000000 -1.000000 -0.000000
vn 0.000000 -1.000000 -0.000000
vn 0.000000 -1.000000 -0.000000
vn 0.000000 -1.000000 -0.000000
vn 0.000000 -1.000000 0.000000
vn 0.000000 -1.000000 0.000000
vn 0.000000 -1.000000 0.000000
vn 0.000000 -1.000000 0.000000
vn 0.000001 0.834791 -0.550566
vn 0.000001 0.834791 -0.550566
vn 0.000001 0.834791 -0.550566
vn 0.000001 0.834792 -0.550566
vn -0.000001 0.834792 -0.550566
vn -0.000001 0.834792 -0.550566
vn -0.000001 0.834792 -0.550566
vn -0.000001 0.834792 -0.550566
vn 0.000000 0.000000 -1.000000
vn 0.000000 0.000000 -1.000000
vn 0.000000 0.000000 -1.000000
vn 0.000000 0.000000 -1.000000
vn 0.000000 0.000000 -1.000000
vn 0.000000 0.000000 -1.000000
vn 0.000000 0.000000 -1.000000
vn 0.000000 0.000000 -1.000000
vn 0.000000 0.000000 -1.000000
vn 0.000000 0.000000 -1.000000
vn 0.000000 0.000000 -1.000000
vn 0.000000 0.000000 -1.000000
vn 0.000000 0.000000 -1.000000
vn 0.000000 0.000000 -1.000000
vn 0.000000 0.000000 -1.000000
vn 0.000000 0.000000 -1.000000
vn 0.000000 0.000000 -1.000000
vn 0.000000 0.000000 -1.000000
vn -0.000000 0.000000 -1.000000
vn -0.000000 0.000000 -1.000000
vn -0.000000 0.000000 -1.000000
vn -0.000000 0.000000 -1.000000
vn 0.000000 0.000000 -1.000000
vn 0.000000 0.000000 -1.000000
vn 0.000000 0.000000 -1.000000
vn 0.000000 0.000000 -1.000000
vn 0.000000 0.000000 -1.000000
vn 0.000000 0.000000 -1.000000
vn 0.000000 0.000000 -1.000000
vn 0.000000 0.000000 -1.000000
vn 0.000000 0.000000 -1.000000
vn 0.000000 0.000000 -1.000000
vn 0.000000 0.000000 -1.000000
vn 0.000000 0.000000 -1.000000
vn 0.000000 0.000000 -1.000000
vn -0.000000 0.000000 -1.000000
vn -0.000000 0.000000 -1.000000
vn -0.000000 0.000000 -1.000000
vn -0.000000 0.000000 -1.000000
vn 0.000000 0.000000 -1.000000
vn 0.000000 0.000000 -1.000000
vn 0.000000 0.000000 -1.000000
vn 0.000000 -1.000000 0.000000
vn 0.000000 -1.000000 0.000000
vn 0.000000 -1.000000 0.000000
vn 0.000000 -1.000000 0.000000
vn 0.000000 -1.000000 0.000000
vn 0.000000 -1.000000 0.000000
vn 0.000000 -1.000000 0.000000
vn 0.000000 -1.000000 0.000000
vn 0.943132 -0.332419 0.000000
vn 0.943132 -0.332419 0.000000
vn 0.943132 -0.332419 0.000000
vn 0.943132 -0.332419 0.000000
vn 0.989302 0.145886 0.000000
vn 0.989302 0.145886 0.000000
vn 0.989301 0.145886 0.000000
vn 0.989301 0.145886 0.000000
vn 0.823675 0.567062 0.000000
vn 0.823675 0.567062 0.000000
vn 0.823675 0.567062 0.000000
vn 0.823675 0.567062 0.000000
vn 0.617032 0.786938 0.000000
vn 0.617032 0.786938 0.000000
vn 0.617032 0.786938 0.000000
vn 0.617032 0.786938 0.000000
vn 0.419155 0.907915 0.000000
vn 0.419155 0.907915 0.000000
vn 0.419155 0.907915 0.000000
vn 0.419155 0.907915 0.000000
vn 0.000006 1.000000 0.000000
vn 0.000006 1.000000 0.000000
vn 0.000006 1.000000 0.000000
vn 0.000006 1.000000 0.000000
vn 0.000000 1.000000 0.000000
vn 0.000000 1.000000 0.000000
vn 0.000000 1.000000 0.000000
vn 0.000000 1.000000 0.000000
vn 0.000001 1.000000 0.000000
vn 0.000001 1.000000 0.000000
vn -0.000000 1.000000 0.000000
vn -0.000000 1.000000 0.000000
vn -0.000001 1.000000 0.000000
vn -0.000001 1.000000 0.000000
vn -0.000000 1.000000 0.000000
vn -0.000000 1.000000 0.000000
vn -0.000006 1.000000 0.000000
vn -0.000006 1.000000 0.000000
vn -0.000006 1.000000 0.000000
vn -0.000006 1.000000 0.000000
vn -0.419155 0.907915 0.000000
vn -0.419155 0.907915 0.000000
vn -0.419155 0.907915 0.000000
vn -0.419155 0.907915 0.000000
vn -0.617033 0.786938 0.000000
vn -0.617033 0.786938 0.000000
vn -0.617033 0.786938 0.000000
vn -0.617033 0.786938 0.000000
vn -0.823674 0.567063 0.000000
vn -0.823674 0.567063 0.000000
vn -0.823674 0.567063 0.000000
vn -0.823674 0.567063 0.000000
vn -0.989302 0.145885 0.000000
vn -0.989302 0.145885 0.000000
vn -0.989302 0.145885 0.000000
vn -0.989302 0.145885 0.000000
vn -0.943133 -0.332417 0.000000
vn -0.943133 -0.332417 0.000000
vn -0.943133 -0.332416 0.000000
vn -0.943133 -0.332416 0.000000
vn 0.000000 -1.000000 0.000000
vn 0.000000 -1.000000 0.000000
vn 0.000000 -1.000000 0.000000
vn 0.000000 -1.000000 0.000000
vn 0.000000 -1.000000 0.000000
vn 0.000000 -1.000000 0.000000
vn 0.000000 -1.000000 0.000000
vn 0.000000 -1.000000 0.000000
vn 0.000000 -1.000000 0.000000
vn 0.000000 -1.000000 0.000000
vn 0.000000 -1.000000 0.000000
vn 0.000000 -1.000000 0.000000
vn 0.000000 -1.000000 0.000000
vn 0.000000 -1.000000 0.000000
vn 0.000000 -1.000000 0.000000
vn 0.000000 -1.000000 0.000000
vn 0.000000 -1.000000 0.000000
vn 0.000000 -1.000000 0.000000
vn 0.000000 -1.000000 0.000000
vn 0.000000 -1.000000 0.000000
vn 0.000000 -1.000000 0.000000
vn 0.000000 -1.000000 0.000000
vn -0.345156 -0.121656 -0.930627
vn -0.345156 -0.121656 -0.930627
vn -0.345156 -0.121656 -0.930627
vn -0.345156 -0.121656 -0.930627
vn -0.337290 0.049739 -0.940086
vn -0.337290 0.049739 -0.940086
vn -0.337290 0.049739 -0.940086
vn -0.337290 0.049739 -0.940086
vn -0.298637 0.205598 -0.931958
vn -0.298637 0.205598 -0.931958
vn -0.298637 0.205598 -0.931958
vn -0.298637 0.205598 -0.931958
vn -0.182284 0.394839 -0.900486
vn -0.182284 0.394839 -0.900486
vn -0.182284 0.394839 -0.900486
vn -0.182284 0.394839 -0.900486
vn -0.000003 0.521463 -0.853274
vn -0.000003 0.521463 -0.853274
vn -0.000003 0.521463 -0.853274
vn -0.000003 0.521463 -0.853274
vn 0.246430 0.314286 -0.916786
vn 0.246430 0.314286 -0.916786
vn 0.246430 0.314286 -0.916786
vn 0.246430 0.314286 -0.916786
vn 0.298637 0.205598 -0.931958
vn 0.298637 0.205598 -0.931958
vn 0.298637 0.205598 -0.931958
vn 0.298637 0.205598 -0.931958
vn 0.337290 0.049738 -0.940086
vn 0.337290 0.049738 -0.940086
vn 0.337290 0.049738 -0.940086
vn 0.337290 0.049738 -0.940086
vn 0.345156 -0.121653 -0.930628
vn 0.345156 -0.121653 -0.930628
vn 0.345156 -0.121653 -0.930628
vn 0.345156 -0.121653 -0.930628
vn 0.000000 -1.000000 -0.000000
vn 0.000000 -1.000000 -0.000000
vn 0.000000 -1.000000 -0.000000
vn 0.000000 -1.000000 -0.000000
vn 0.000000 -1.000000 0.000000
vn 0.000000 -1.000000 0.000000
vn 0.000000 -1.000000 0.000000
vn 0.000000 -1.000000 0.000000
vn 0.000000 -1.000000 -0.000000
vn 0.000000 -1.000000 -0.000000
vn 0.000000 -1.000000 -0.000000
vn 0.000000 -1.000000 -0.000000
vn 0.000000 -1.000000 -0.000000
vn 0.000000 -1.000000 -0.000000
vn 0.000000 -1.000000 -0.000000
vn 0.000000 -1.000000 -0.000000
vn 0.000000 0.521464 -0.853273
vn 0.000000 0.521464 -0.853273
vn 0.000000 0.521464 -0.853273
vn 0.000000 0.521464 -0.853273
vn 0.000000 0.521464 -0.853273
vn 0.000000 0.521464 -0.853273
vn 0.000000 0.521464 -0.853273
vn 0.000000 0.521464 -0.853273
vn 0.000000 0.521464 -0.853273
vn 0.000000 0.521464 -0.853274
vn 0.000000 0.521464 -0.853273
vn 0.000000 0.521464 -0.853273
vn 0.000000 0.521464 -0.853273
vn 0.000000 0.521464 -0.853273
vn 0.000000 0.521464 -0.853273
vn 0.000000 0.521464 -0.853273
vn 0.000003 0.521465 -0.853273
vn 0.000003 0.521465 -0.853273
vn 0.000003 0.521465 -0.853273
vn 0.000003 0.521465 -0.853273
vn 0.182284 0.394839 -0.900486
vn 0.182284 0.394839 -0.900486
vn 0.182284 0.394839 -0.900486
vn 0.182284 0.394839 -0.900486
vn -0.246429 0.314286 -0.916786
vn -0.246429 0.314286 -0.916786
vn -0.246429 0.314286 -0.916786
vn -0.246429 0.314286 -0.916786
vn -0.899019 -0.331019 0.286689
vn -0.899019 -0.331019 0.286689
vn -0.899020 -0.331019 0.286689
vn -0.899020 -0.331019 0.286689
vn -0.627338 -0.373855 0.683139
vn -0.627338 -0.373855 0.683139
vn -0.627338 -0.373855 0.683139
vn -0.627338 -0.373855 0.683139
vn -0.220342 -0.413035 0.883658
vn -0.220342 -0.413035 0.883658
vn -0.220342 -0.413035 0.883658
vn -0.220342 -0.413035 0.883658
vn 0.214896 -0.413331 0.884860
vn 0.214896 -0.413331 0.884860
vn 0.214896 -0.413331 0.884860
vn 0.214896 -0.413331 0.884860
vn 0.627338 -0.373855 0.683139
vn 0.627338 -0.373856 0.683139
vn 0.627338 -0.373855 0.683139
vn 0.627338 -0.373856 0.683139
vn 0.899019 -0.331020 0.286689
vn 0.899019 -0.331020 0.286689
vn 0.899019 -0.331020 0.286689
vn 0.899019 -0.331020 0.286689
vn -0.942632 0.145210 0.300596
vn -0.942632 0.145210 0.300597
vn -0.942632 0.145210 0.300596
vn -0.942632 0.145210 0.300596
vn -0.666967 0.166294 0.726293
vn -0.666967 0.166294 0.726293
vn -0.666967 0.166294 0.726293
vn -0.666967 0.166294 0.726293
vn -0.237702 0.186421 0.953281
vn -0.237702 0.186421 0.953281
vn -0.237702 0.186421 0.953281
vn -0.237702 0.186421 0.953281
vn 0.231854 0.186577 0.954690
vn 0.231854 0.186577 0.954690
vn 0.231854 0.186577 0.954690
vn 0.231854 0.186577 0.954690
vn 0.666967 0.166294 0.726293
vn 0.666967 0.166294 0.726293
vn 0.666967 0.166294 0.726293
vn 0.666967 0.166294 0.726293
vn 0.942632 0.145211 0.300596
vn 0.942632 0.145211 0.300596
vn 0.942632 0.145211 0.300596
vn 0.942632 0.145211 0.300596
vn -0.794252 0.550810 0.256461
vn -0.794252 0.550810 0.256461
vn -0.794252 0.550810 0.256461
vn -0.794252 0.550810 0.256461
vn -0.569455 0.535542 0.623632
vn -0.569455 0.535542 0.623632
vn -0.569455 0.535542 0.623632
vn -0.569455 0.535542 0.623632
vn -0.205571 0.521209 0.828300
vn -0.205571 0.521209 0.828300
vn -0.205571 0.521209 0.828300
vn -0.205571 0.521209 0.828300
vn 0.200169 0.521097 0.829693
vn 0.200169 0.521097 0.829693
vn 0.200169 0.521097 0.829693
vn 0.200169 0.521097 0.829693
vn 0.569455 0.535542 0.623632
vn 0.569455 0.535542 0.623632
vn 0.569455 0.535542 0.623632
vn 0.569455 0.535542 0.623632
vn 0.794252 0.550809 0.256462
vn 0.794252 0.550809 0.256462
vn 0.794252 0.550809 0.256462
vn 0.794253 0.550809 0.256462
vn -0.601641 0.773957 0.197530
vn -0.601641 0.773957 0.197530
vn -0.601641 0.773957 0.197530
vn -0.601641 0.773957 0.197530
vn -0.437081 0.761472 0.478665
vn -0.437081 0.761472 0.478665
vn -0.437081 0.761472 0.478665
vn -0.437081 0.761472 0.478665
vn -0.159879 0.749273 0.642672
vn -0.159879 0.749273 0.642673
vn -0.159879 0.749273 0.642673
vn -0.159879 0.749273 0.642672
vn 0.155012 0.749160 0.643996
vn 0.155012 0.749160 0.643996
vn 0.155012 0.749160 0.643996
vn 0.155012 0.749160 0.643996
vn 0.437082 0.761472 0.478665
vn 0.437082 0.761472 0.478665
vn 0.437082 0.761472 0.478665
vn 0.437082 0.761472 0.478665
vn 0.601642 0.773957 0.197530
vn 0.601642 0.773957 0.197530
vn 0.601642 0.773957 0.197530
vn 0.601642 0.773957 0.197530
vn -0.411053 0.900797 0.140002
vn -0.411053 0.900797 0.140002
vn -0.411053 0.900797 0.140002
vn -0.411053 0.900797 0.140002
vn -0.302138 0.893996 0.330883
vn -0.302138 0.893996 0.330883
vn -0.302138 0.893996 0.330883
vn -0.302138 0.893996 0.330883
vn -0.111979 0.887075 0.447838
vn -0.111979 0.887075 0.447838
vn -0.111979 0.887075 0.447838
vn -0.111979 0.887075 0.447838
vn 0.107568 0.886990 0.449086
vn 0.107568 0.886990 0.449086
vn 0.107568 0.886990 0.449086
vn 0.107568 0.886990 0.449086
vn 0.302138 0.893996 0.330883
vn 0.302138 0.893996 0.330883
vn 0.302138 0.893996 0.330883
vn 0.302138 0.893996 0.330883
vn 0.411053 0.900797 0.140002
vn 0.411054 0.900797 0.140002
vn 0.411053 0.900797 0.140002
vn 0.411053 0.900797 0.140002
vn -0.000006 1.000000 0.000002
vn -0.000006 1.000000 0.000002
vn -0.000006 1.000000 0.000002
vn -0.000006 1.000000 0.000002
vn -0.000004 1.000000 0.000005
vn -0.000004 1.000000 0.000005
vn -0.000004 1.000000 0.000005
vn -0.000004 1.000000 0.000005
vn -0.000002 1.000000 0.000006
vn -0.000002 1.000000 0.000006
vn -0.000002 1.000000 0.000006
vn -0.000002 1.000000 0.000006
vn 0.000001 1.000000 0.000006
vn 0.000001 1.000000 0.000006
vn 0.000001 1.000000 0.000006
vn 0.000001 1.000000 0.000006
vn 0.000004 1.000000 0.000005
vn 0.000004 1.000000 0.000005
vn 0.000004 1.000000 0.000005
vn 0.000004 1.000000 0.000005
vn 0.000006 1.000000 0.000002
vn 0.000006 1.000000 0.000002
vn 0.000006 1.000000 0.000002
vn 0.000006 1.000000 0.000002
vn 0.000000 -1.000000 0.000000
vn 0.000000 -1.000000 0.000000
vn 0.000000 -1.000000 0.000000
vn 0.000000 -1.000000 0.000000
vn 0.000000 -1.000000 -0.000000
vn 0.000000 -1.000000 -0.000000
vn 0.000000 -1.000000 -0.000000
vn 0.000000 -1.000000 -0.000000
vn 0.000000 -1.000000 0.000000
vn 0.000000 -1.000000 0.000000
vn 0.000000 -1.000000 0.000000
vn 0.000000 -1.000000 0.000000
vn 0.000000 -1.000000 0.000000
vn 0.000000 -1.000000 0.000000
vn 0.000000 -1.000000 0.000000
vn 0.000000 -1.000000 0.000000
vn 0.000000 -1.000000 0.000000
vn 0.000000 -1.000000 0.000000
vn 0.000000 -1.000000 0.000000
vn 0.000000 -1.000000 0.000000
vn 0.000000 -1.000000 0.000000
vn 0.000000 -1.000000 0.000000
vn 0.000000 -1.000000 0.000000
vn 0.000000 -1.000000 0.000000
vn 0.000000 -1.000000 0.000000
vn 0.000000 -1.000000 0.000000
vn 0.000000 -1.000000 0.000000
vn 0.000000 -1.000000 0.000000
vn 0.000000 -1.000000 0.000000
vn 0.000000 -1.000000 0.000000
vn 0.000000 -1.000000 0.000000
vn 0.000000 -1.000000 0.000000
vn 0.000000 -1.000000 0.000000
vn 0.000000 -1.000000 0.000000
vn 0.000000 -1.000000 0.000000
vn 0.000000 -1.000000 0.000000
vn 0.000000 -1.000000 0.000000
vn 0.000000 -1.000000 0.000000
vn 0.000000 -1.000000 0.000000
vn 0.000000 -1.000000 0.000000
vn 0.000000 -1.000000 0.000000
vn 0.000000 -1.000000 0.000000
vn 0.000000 -1.000000 0.000000
vn 0.000000 -1.000000 0.000000
vn 0.000000 -1.000000 -0.000000
vn 0.000000 -1.000000 -0.000000
vn 0.000000 -1.000000 -0.000000
vn 0.000000 -1.000000 -0.000000
vn -0.942692 -0.330763 0.043895
vn -0.942692 -0.330763 0.043895
vn -0.943192 -0.332107 0.009738
vn -0.943192 -0.332101 0.009888
vn 0.942693 -0.330760 0.043896
vn 0.942693 -0.330760 0.043896
vn 0.943192 -0.332102 0.009888
vn 0.943192 -0.332107 0.009738
vn -0.988348 0.145087 0.046021
vn -0.988348 0.145087 0.046021
vn -0.989270 0.145733 0.010327
vn -0.989271 0.145734 0.010258
vn 0.988348 0.145086 0.046022
vn 0.988348 0.145086 0.046022
vn 0.989271 0.145734 0.010258
vn 0.989270 0.145733 0.010327
vn -0.824460 0.564751 0.036373
vn -0.824460 0.564751 0.036373
vn -0.823946 0.566610 0.008148
vn -0.823940 0.566622 0.007949
vn 0.824459 0.564752 0.036373
vn 0.824459 0.564752 0.036373
vn 0.823940 0.566622 0.007949
vn 0.823946 0.566610 0.008149
vn -0.618820 0.785167 0.023953
vn -0.618820 0.785167 0.023953
vn -0.617457 0.786587 0.005279
vn -0.617444 0.786598 0.005121
vn 0.618821 0.785167 0.023953
vn 0.618821 0.785167 0.023953
vn 0.617445 0.786598 0.005121
vn 0.617457 0.786587 0.005279
vn -0.420957 0.906989 0.012899
vn -0.420957 0.906989 0.012899
vn -0.419547 0.907729 0.002765
vn -0.419537 0.907735 0.002689
vn 0.420957 0.906989 0.012899
vn 0.420957 0.906989 0.012899
vn 0.419536 0.907735 0.002689
vn 0.419547 0.907729 0.002765
vn -0.000006 1.000000 0.000000
vn -0.000006 1.000000 0.000000
vn -0.000006 1.000000 0.000000
vn -0.000006 1.000000 0.000000
vn 0.000006 1.000000 0.000000
vn 0.000006 1.000000 0.000000
vn 0.000006 1.000000 0.000000
vn 0.000006 1.000000 0.000000
vn 0.000000 -1.000000 -0.000000
vn 0.000000 -1.000000 -0.000000
vn 0.000000 -1.000000 -0.000000
vn 0.000000 -1.000000 -0.000000
vn 0.000000 -1.000000 -0.000000
vn 0.000000 -1.000000 -0.000000
vn 0.000000 -1.000000 -0.000000
vn 0.000000 -1.000000 -0.000000
vn 0.000000 -1.000000 -0.000000
vn 0.000000 -1.000000 -0.000000
vn 0.000000 -1.000000 -0.000000
vn 0.000000 -1.000000 -0.000000
vn 0.000000 -1.000000 0.000000
vn 0.000000 -1.000000 0.000000
vn 0.000000 -1.000000 0.000000
vn 0.000000 -1.000000 0.000000
vn 0.000000 -1.000000 0.000000
vn 0.000000 -1.000000 0.000000
vn 0.000000 -1.000000 0.000000
vn 0.000000 -1.000000 0.000000
vn 0.943132 -0.332419 0.000000
vn 0.943132 -0.332419 0.000000
vn 0.989301 0.145886 0.000000
vn 0.989301 0.145886 0.000000
vn 0.823675 0.567063 0.000000
vn 0.823675 0.567063 0.000000
vn 0.617032 0.786938 0.000000
vn 0.617032 0.786938 0.000000
vn 0.419155 0.907915 0.000000
vn 0.419155 0.907915 0.000000
vn 0.000006 1.000000 0.000000
vn 0.000006 1.000000 0.000000
vn 0.000000 1.000000 0.000000
vn 0.000000 1.000000 0.000000
vn 0.000000 1.000000 0.000000
vn 0.000000 1.000000 0.000000
vn -0.000000 1.000000 0.000000
vn -0.000000 1.000000 0.000000
vn -0.000000 1.000000 0.000000
vn -0.000000 1.000000 0.000000
vn -0.000006 1.000000 0.000000
vn -0.000006 1.000000 0.000000
vn -0.419155 0.907915 0.000000
vn -0.419155 0.907915 0.000000
vn -0.617032 0.786938 0.000000
vn -0.617032 0.786938 0.000000
vn -0.823675 0.567063 0.000000
vn -0.823675 0.567063 0.000000
vn -0.989301 0.145886 0.000000
vn -0.989301 0.145886 0.000000
vn -0.943132 -0.332419 0.000000
vn -0.943132 -0.332419 0.000000
vn 0.000000 -1.000000 0.000000
vn 0.000000 -1.000000 0.000000
vn 0.000000 -1.000000 0.000000
vn 0.000000 -1.000000 0.000000
vn 0.000000 -1.000000 0.000000
vn 0.000000 -1.000000 0.000000
vn 0.000000 -1.000000 0.000000
vn 0.000000 -1.000000 0.000000
vn 0.000000 -1.000000 0.000000
vn 0.000000 -1.000000 0.000000
vn 0.000000 -1.000000 0.000000
vn 0.000000 -1.000000 0.000000
vn 0.000000 -1.000000 0.000000
vn 0.000000 -1.000000 0.000000
vn 0.000000 -1.000000 0.000000
vn 0.000000 -1.000000 0.000000
vn 0.000000 -1.000000 0.000000
vn 0.000000 -1.000000 0.000000
vn 0.000000 -1.000000 0.000000
vn 0.000000 -1.000000 0.000000
vn 0.000000 -1.000000 0.000000
vn 0.000000 -1.000000 0.000000
vn 0.000000 -1.000000 -0.000000
vn 0.000000 -1.000000 -0.000000
vn 0.000000 -1.000000 -0.000000
vn 0.000000 -1.000000 -0.000000
vn 0.000000 -1.000000 -0.000000
vn 0.000000 -1.000000 -0.000000
vn 0.000000 -1.000000 -0.000000
vn 0.000000 -1.000000 -0.000000
vn 0.000001 1.000000 0.000000
vn 0.000001 1.000000 0.000000
vn -0.000001 1.000000 0.000000
vn -0.000001 1.000000 0.000000
vn -0.000001 1.000000 0.000000
vn -0.000001 1.000000 0.000000
vn -0.000001 1.000000 0.000000
vn -0.000001 1.000000 0.000000
vn 0.000001 1.000000 0.000000
vn 0.000001 1.000000 0.000000
vn 0.000001 1.000000 0.000000
vn 0.000001 1.000000 0.000000
vn -0.000000 1.000000 0.000000
vn -0.000000 1.000000 0.000000
vn -0.000000 1.000000 0.000000
vn -0.000000 1.000000 0.000000
vn 0.000000 1.000000 0.000001
vn 0.000000 1.000000 0.000001
vn 0.000000 1.000000 0.000001
vn 0.000000 1.000000 0.000001
vn 0.000000 1.000000 0.000000
vn 0.000000 1.000000 0.000000
vn 0.000000 1.000000 0.000000
vn 0.000000 1.000000 0.000000
vn -0.000000 1.000000 0.000001
vn -0.000000 1.000000 0.000001
vn -0.000000 1.000000 0.000001
vn -0.000000 1.000000 0.000001
vn -0.000000 1.000000 0.000000
vn -0.000000 1.000000 0.000000
vn -0.000000 1.000000 0.000000
vn -0.000000 1.000000 0.000000
vn 0.000000 1.000000 -0.000000
vn 0.000000 1.000000 -0.000000
vn 0.000000 1.000000 -0.000000
vn 0.000000 1.000000 -0.000000
vn -0.658630 -0.232141 -0.715764
vn -0.658630 -0.232141 -0.715764
vn -0.658630 -0.232141 -0.715764
vn -0.658630 -0.232141 -0.715764
vn 0.658629 -0.232142 -0.715764
vn 0.658629 -0.232142 -0.715764
vn 0.658629 -0.232142 -0.715764
vn 0.658629 -0.232142 -0.715764
vn -0.661722 0.097579 -0.743372
vn -0.661722 0.097579 -0.743372
vn -0.661722 0.097579 -0.743372
vn -0.661722 0.097579 -0.743372
vn 0.661721 0.097580 -0.743373
vn 0.661721 0.097580 -0.743373
vn 0.661721 0.097580 -0.743373
vn 0.661721 0.097580 -0.743373
vn -0.572026 0.393815 -0.719511
vn -0.572026 0.393815 -0.719511
vn -0.572026 0.393815 -0.719511
vn -0.572026 0.393815 -0.719511
vn 0.572027 0.393815 -0.719511
vn 0.572027 0.393815 -0.719511
vn 0.572027 0.393815 -0.719511
vn 0.572027 0.393815 -0.719511
vn -0.452910 0.577624 -0.679134
vn -0.452910 0.577624 -0.679134
vn -0.452910 0.577624 -0.679134
vn -0.452910 0.577624 -0.679134
vn 0.452910 0.577624 -0.679134
vn 0.452910 0.577623 -0.679134
vn 0.452910 0.577623 -0.679134
vn 0.452910 0.577623 -0.679134
vn -0.321806 0.697050 -0.640751
vn -0.321806 0.697050 -0.640751
vn -0.321806 0.697050 -0.640751
vn -0.321806 0.697050 -0.640751
vn 0.321806 0.697050 -0.640751
vn 0.321806 0.697051 -0.640751
vn 0.321806 0.697051 -0.640751
vn 0.321806 0.697051 -0.640751
vn -0.000004 0.834791 -0.550567
vn -0.000004 0.834791 -0.550567
vn -0.000004 0.834791 -0.550567
vn -0.000004 0.834791 -0.550567
vn 0.000004 0.834791 -0.550568
vn 0.000004 0.834791 -0.550568
vn 0.000004 0.834791 -0.550568
vn 0.000004 0.834791 -0.550568
vn -0.000000 0.834791 -0.550567
vn -0.000000 0.834791 -0.550567
vn -0.000000 0.834791 -0.550567
vn -0.000000 0.834791 -0.550567
vn 0.000000 0.834791 -0.550566
vn 0.000000 0.834791 -0.550566
vn 0.000000 0.834791 -0.550566
vn 0.000000 0.834791 -0.550566
vn 0.000000 -1.000000 0.000000
vn 0.000000 -1.000000 0.000000
vn 0.000000 -1.000000 0.000000
vn 0.000000 -1.000000 0.000000
vn 0.000000 -1.000000 0.000000
vn 0.000000 -1.000000 0.000000
vn 0.000000 -1.000000 0.000000
vn 0.000000 -1.000000 0.000000
vn 0.000000 -1.000000 -0.000000
vn 0.000000 -1.000000 -0.000000
vn 0.000000 -1.000000 -0.000000
vn 0.000000 -1.000000 -0.000000
vn 0.000000 -1.000000 0.000000
vn 0.000000 -1.000000 0.000000
vn 0.000000 -1.000000 0.000000
vn 0.000000 -1.000000 0.000000
vn 0.000000 -1.000000 0.000000
vn 0.000000 -1.000000 0.000000
vn 0.000000 -1.000000 0.000000
vn 0.000000 -1.000000 0.000000
vn 0.000000 -1.000000 -0.000000
vn 0.000000 -1.000000 -0.000000
vn 0.000000 -1.000000 -0.000000
vn 0.000000 -1.000000 -0.000000
vn 0.000000 0.834791 -0.550567
vn 0.000000 0.834791 -0.550567
vn 0.000000 0.834791 -0.550567
vn 0.000000 0.834791 -0.550567
vn -0.000001 0.834792 -0.550566
vn -0.000001 0.834792 -0.550566
vn -0.000001 0.834792 -0.550566
vn -0.000001 0.834792 -0.550566
vn 0.000000 0.000000 -1.000000
vn 0.000000 0.000000 -1.000000
vn 0.000000 0.000000 -1.000000
vn 0.000000 0.000000 -1.000000
vn 0.000000 0.000000 -1.000000
vn 0.000000 0.000000 -1.000000
vn 0.000000 0.000000 -1.000000
vn 0.000000 0.000000 -1.000000
vn 0.000000 0.000000 -1.000000
vn 0.000000 0.000000 -1.000000
vn 0.000000 0.000000 -1.000000
vn 0.000000 0.000000 -1.000000
vn 0.000000 0.000000 -1.000000
vn 0.000000 0.000000 -1.000000
vn 0.000000 0.000000 -1.000000
vn 0.000000 0.000000 -1.000000
vn 0.000000 0.000000 -1.000000
vn 0.000000 0.000000 -1.000000
vn 0.000000 0.000000 -1.000000
vn 0.000000 0.000000 -1.000000
vn 0.000000 0.000000 -1.000000
vn 0.000000 0.000000 -1.000000
vn 0.000000 0.000000 -1.000000
vn 0.000000 0.000000 -1.000000
vn 0.000000 0.000000 -1.000000
vn 0.000000 0.000000 -1.000000
vn 0.000000 0.000000 -1.000000
vn 0.000000 0.000000 -1.000000
vn 0.000000 0.000000 -1.000000
vn 0.000000 0.000000 -1.000000
vn 0.000000 0.000000 -1.000000
vn 0.000000 0.000000 -1.000000
vn 0.000000 0.000000 -1.000000
vn 0.000000 0.000000 -1.000000
vn 0.000000 0.000000 -1.000000
vn 0.000000 0.000000 -1.000000
vn 0.000000 0.000000 -1.000000
vn 0.000000 0.000000 -1.000000
vn 0.000000 0.000000 -1.000000
vn 0.000000 0.000000 -1.000000
vn 0.000000 0.000000 -1.000000
vn 0.000000 0.000000 -1.000000
vn 0.000000 -1.000000 0.000000
vn 0.000000 -1.000000 0.000000
vn 0.000000 -1.000000 0.000000
vn 0.000000 -1.000000 0.000000
vn 0.000000 -1.000000 0.000000
vn 0.000000 -1.000000 0.000000
vn 0.000000 -1.000000 0.000000
vn 0.000000 -1.000000 0.000000
vn 0.943132 -0.332418 0.000000
vn 0.943132 -0.332418 0.000000
vn 0.943132 -0.332419 0.000000
vn 0.943132 -0.332419 0.000000
vn 0.989302 0.145886 0.000000
vn 0.989302 0.145886 0.000000
vn 0.989301 0.145886 0.000000
vn 0.989301 0.145886 0.000000
vn 0.823674 0.567063 0.000000
vn 0.823674 0.567063 0.000000
vn 0.823674 0.567063 0.000000
vn 0.823674 0.567063 0.000000
vn 0.617032 0.786938 0.000000
vn 0.617032 0.786938 0.000000
vn 0.617032 0.786938 0.000000
vn 0.617032 0.786938 0.000000
vn 0.419155 0.907915 0.000000
vn 0.419155 0.907915 0.000000
vn 0.419155 0.907915 0.000000
vn 0.419155 0.907915 0.000000
vn 0.000006 1.000000 0.000000
vn 0.000006 1.000000 0.000000
vn 0.000006 1.000000 0.000000
vn 0.000006 1.000000 0.000000
vn 0.000000 1.000000 0.000000
vn 0.000000 1.000000 0.000000
vn 0.000000 1.000000 0.000000
vn 0.000000 1.000000 0.000000
vn 0.000001 1.000000 0.000000
vn 0.000001 1.000000 0.000000
vn -0.000000 1.000000 0.000000
vn -0.000000 1.000000 0.000000
vn -0.000001 1.000000 0.000000
vn -0.000001 1.000000 0.000000
vn -0.000000 1.000000 0.000000
vn -0.000000 1.000000 0.000000
vn -0.000006 1.000000 0.000000
vn -0.000006 1.000000 0.000000
vn -0.000006 1.000000 0.000000
vn -0.000006 1.000000 0.000000
vn -0.419155 0.907915 0.000000
vn -0.419155 0.907915 0.000000
vn -0.419155 0.907915 0.000000
vn -0.419155 0.907915 0.000000
vn -0.617032 0.786938 0.000000
vn -0.617032 0.786938 0.000000
vn -0.617032 0.786938 0.000000
vn -0.617032 0.786938 0.000000
vn -0.823675 0.567063 0.000000
vn -0.823675 0.567063 0.000000
vn -0.823675 0.567062 0.000000
vn -0.823675 0.567062 0.000000
vn -0.989302 0.145886 0.000000
vn -0.989302 0.145886 0.000000
vn -0.989301 0.145886 0.000000
vn -0.989301 0.145886 0.000000
vn -0.943132 -0.332419 0.000000
vn -0.943132 -0.332419 0.000000
vn -0.943132 -0.332419 0.000000
vn -0.943132 -0.332419 0.000000
vn 0.000000 -1.000000 0.000000
vn 0.000000 -1.000000 0.000000
vn 0.000000 -1.000000 0.000000
vn 0.000000 -1.000000 0.000000
vn 0.000000 -1.000000 0.000000
vn 0.000000 -1.000000 0.000000
vn 0.000000 -1.000000 0.000000
vn 0.000000 -1.000000 0.000000
vn 0.000000 -1.000000 0.000000
vn 0.000000 -1.000000 0.000000
vn 0.000000 -1.000000 0.000000
vn 0.000000 -1.000000 0.000000
vn 0.000000 -1.000000 0.000000
vn 0.000000 -1.000000 0.000000
vn 0.000000 -1.000000 0.000000
vn 0.000000 -1.000000 0.000000
vn 0.000000 -1.000000 0.000000
vn 0.000000 -1.000000 0.000000
vn 0.000000 -1.000000 0.000000
vn 0.000000 -1.000000 0.000000
vn 0.000000 -1.000000 0.000000
vn 0.000000 -1.000000 0.000000
vn -0.345156 -0.121652 -0.930628
vn -0.345156 -0.121652 -0.930628
vn -0.345156 -0.121652 -0.930628
vn -0.345156 -0.121652 -0.930628
vn -0.337291 0.049737 -0.940086
vn -0.337291 0.049737 -0.940086
vn -0.337291 0.049737 -0.940086
vn -0.337291 0.049737 -0.940086
vn -0.298637 0.205599 -0.931958
vn -0.298637 0.205599 -0.931958
vn -0.298637 0.205599 -0.931958
vn -0.298637 0.205599 -0.931958
vn -0.182284 0.394840 -0.900486
vn -0.182284 0.394840 -0.900486
vn -0.182284 0.394840 -0.900486
vn -0.182284 0.394840 -0.900485
vn -0.000003 0.521464 -0.853273
vn -0.000003 0.521464 -0.853273
vn -0.000003 0.521464 -0.853273
vn -0.000003 0.521464 -0.853273
vn 0.246430 0.314287 -0.916786
vn 0.246430 0.314287 -0.916786
vn 0.246430 0.314287 -0.916786
vn 0.246430 0.314287 -0.916786
vn 0.298637 0.205598 -0.931958
vn 0.298637 0.205598 -0.931958
vn 0.298637 0.205598 -0.931958
vn 0.298637 0.205598 -0.931958
vn 0.337291 0.049739 -0.940086
vn 0.337291 0.049739 -0.940086
vn 0.337291 0.049738 -0.940086
vn 0.337291 0.049739 -0.940086
vn 0.345156 -0.121656 -0.930627
vn 0.345156 -0.121656 -0.930627
vn 0.345156 -0.121656 -0.930627
vn 0.345156 -0.121656 -0.930627
vn 0.000000 -1.000000 0.000000
vn 0.000000 -1.000000 0.000000
vn 0.000000 -1.000000 0.000000
vn 0.000000 -1.000000 0.000000
vn 0.000000 -1.000000 0.000000
vn 0.000000 -1.000000 0.000000
vn 0.000000 -1.000000 0.000000
vn 0.000000 -1.000000 0.000000
vn 0.000000 -1.000000 0.000000
vn 0.000000 -1.000000 0.000000
vn 0.000000 -1.000000 0.000000
vn 0.000000 -1.000000 0.000000
vn 0.000000 -1.000000 0.000000
vn 0.000000 -1.000000 0.000000
vn 0.000000 -1.000000 0.000000
vn 0.000000 -1.000000 0.000000
vn -0.000000 0.521465 -0.853273
vn -0.000000 0.521465 -0.853273
vn -0.000000 0.521465 -0.853273
vn -0.000000 0.521465 -0.853273
vn -0.000000 0.521465 -0.853273
vn -0.000000 0.521465 -0.853272
vn -0.000000 0.521465 -0.853272
vn -0.000000 0.521465 -0.853273
vn 0.000000 0.521464 -0.853273
vn 0.000000 0.521464 -0.853273
vn 0.000000 0.521465 -0.853273
vn 0.000000 0.521465 -0.853273
vn 0.000000 0.521465 -0.853273
vn 0.000000 0.521465 -0.853273
vn 0.000000 0.521465 -0.853273
vn 0.000000 0.521465 -0.853273
vn 0.000003 0.521464 -0.853273
vn 0.000003 0.521464 -0.853273
vn 0.000003 0.521464 -0.853273
vn 0.000003 0.521464 -0.853273
vn 0.182284 0.394839 -0.900486
vn 0.182284 0.394839 -0.900486
vn 0.182284 0.394839 -0.900486
vn 0.182284 0.394839 -0.900486
vn -0.246430 0.314287 -0.916786
vn -0.246430 0.314287 -0.916786
vn -0.246430 0.314287 -0.916786
vn -0.246430 0.314287 -0.916786
s 1
g gnome1_hat
usemtl initialShadingGroup
f 32/18/1 31/16/2 137/195/3 138/197/4
f 33/19/5 32/18/1 138/197/4 139/198/6
f 34/20/7 33/19/5 139/198/6 140/199/8
f 35/36/9 34/20/7 140/199/8 141/200/10
f 37/21/11 36/34/12 144/203/13 145/204/14
f 38/22/15 37/21/11 145/204/14 146/205/16
f 39/23/17 38/22/15 146/205/16 147/206/18
f 40/24/19 39/23/17 147/206/18 148/207/20
f 41/25/21 40/24/19 148/207/20 149/208/22
f 42/26/23 41/25/21 149/208/22 150/209/24
f 43/27/25 42/26/23 150/209/24 151/210/26
f 44/28/27 43/27/25 151/210/26 152/211/28
f 45/29/29 44/28/27 152/211/28 153/212/30
f 31/17/2 45/29/29 153/212/30 137/196/3
f 47/137/31 46/30/32 31/16/2 32/18/1
f 48/139/33 47/137/31 32/18/1 33/19/5
f 49/141/34 48/139/33 33/19/5 34/20/7
f 50/143/35 49/141/34 34/20/7 35/36/9
f 52/145/36 51/171/37 36/34/12 37/21/11
f 53/147/38 52/145/36 37/21/11 38/22/15
f 54/149/39 53/147/38 38/22/15 39/23/17
f 55/151/40 54/149/39 39/23/17 40/24/19
f 56/153/41 55/151/40 40/24/19 41/25/42
f 57/155/43 56/153/41 41/25/42 42/26/23
f 58/157/44 57/155/43 42/26/23 43/27/25
f 59/159/45 58/157/44 43/27/25 44/28/27
f 60/161/46 59/159/45 44/28/27 45/29/47
f 46/163/32 60/161/46 45/29/47 31/17/2
f 187/298/48 188/299/49 143/202/50 66/37/51
f 65/32/52 35/36/9 141/200/10 142/201/53
f 36/34/12 66/37/51 143/202/50 144/203/13
f 67/169/54 50/143/35 35/36/9 65/32/52
f 51/171/37 68/174/55 66/37/51 36/34/12
f 186/297/56 187/298/48 66/37/51 68/174/55
s 4
f 2/38/57 1/39/58 69/40/59 70/41/60
f 3/42/61 2/43/57 70/44/60 71/45/62
f 4/46/63 3/47/61 71/48/62 72/49/64
f 5/50/65 4/51/63 72/52/64 73/53/66
f 6/54/67 5/55/65 73/56/66 74/57/68
f 7/58/69 6/59/67 74/60/68 75/61/70
f 8/62/71 7/63/69 75/64/70 76/65/72
f 9/66/73 8/67/71 76/68/72 77/69/74
f 10/70/75 9/71/73 77/72/74 78/73/76
f 11/74/77 10/75/75 78/76/76 79/77/78
f 62/78/79 11/79/77 79/80/78 80/81/80
f 13/82/81 12/83/82 81/84/83 82/85/84
f 14/86/85 13/87/81 82/88/84 83/89/86
f 15/90/87 14/91/85 83/92/86 84/93/88
f 1/94/58 15/95/87 84/96/88 69/97/59
f 12/98/82 61/99/89 85/100/90 81/101/83
s 6
f 181/291/91 182/293/92 62/103/93 80/104/94
f 88/106/95 87/178/96 90/179/97 89/135/98
s 1
f 87/178/99 86/136/100 91/138/101 90/179/102
s 6
f 103/165/103 102/183/104 105/184/105 104/127/106
s 1
f 102/183/107 101/144/108 106/146/109 105/184/110
s 6
f 183/294/111 184/295/112 135/194/113 134/172/114
s 1
f 184/295/115 185/296/116 136/170/117 135/194/118
s 6
f 1/107/119 2/108/120 128/111/121 88/109/95
f 2/108/122 3/110/123 125/113/124 128/111/125
f 3/110/123 4/112/126 122/115/127 125/113/124
f 4/112/126 5/114/128 119/117/129 122/115/127
f 5/114/128 6/116/130 116/119/131 119/117/129
f 6/116/130 7/118/132 113/121/133 116/119/131
f 7/118/132 8/120/134 110/123/135 113/121/133
f 8/120/134 9/122/136 107/125/137 110/123/135
f 9/122/136 10/124/138 104/127/106 107/125/137
f 10/124/139 11/126/140 103/165/103 104/127/106
f 12/167/141 13/128/142 95/131/143 98/129/144
f 13/128/145 14/130/146 92/133/147 95/131/143
f 14/130/146 15/132/148 89/135/98 92/133/147
f 15/132/148 1/134/119 88/106/95 89/135/98
s 1
f 91/138/101 86/136/100 46/30/32 47/137/31
f 94/140/149 91/138/101 47/137/31 48/139/33
f 97/142/150 94/140/149 48/139/33 49/141/34
f 100/168/151 97/142/150 49/141/34 50/143/35
f 106/146/109 101/144/108 51/171/37 52/145/36
f 109/148/152 106/146/109 52/145/36 53/147/38
f 112/150/153 109/148/152 53/147/38 54/149/39
f 115/152/154 112/150/153 54/149/39 55/151/40
f 118/154/155 115/152/154 55/151/40 56/153/41
f 121/156/156 118/154/155 56/153/41 57/155/43
f 124/158/157 121/156/156 57/155/43 58/157/44
f 127/160/158 124/158/157 58/157/44 59/159/45
f 130/162/159 127/160/158 59/159/45 60/161/46
f 86/176/100 130/162/159 60/161/46 46/163/32
s 6
f 11/126/140 62/164/93 134/172/114 103/165/103
f 133/166/160 61/173/161 12/167/141 98/129/144
s 1
f 131/175/162 100/168/151 50/143/35 67/169/54
f 101/144/108 136/170/117 68/174/55 51/171/37
s 6
f 134/172/114 62/164/93 182/292/92 183/294/111
s 1
f 185/296/116 186/297/56 68/174/55 136/170/117
s 6
f 89/135/98 90/179/97 93/180/163 92/133/147
s 1
f 90/179/102 91/138/101 94/140/149 93/180/164
s 6
f 92/133/147 93/180/163 96/181/165 95/131/143
s 1
f 93/180/164 94/140/149 97/142/150 96/181/166
s 6
f 95/131/143 96/181/165 99/182/167 98/129/144
s 1
f 96/181/166 97/142/150 100/168/151 99/182/168
s 6
f 104/127/106 105/184/105 108/185/169 107/125/137
s 1
f 105/184/110 106/146/109 109/148/152 108/185/170
s 6
f 107/125/137 108/185/169 111/186/171 110/123/135
s 1
f 108/185/170 109/148/152 112/150/153 111/186/172
s 6
f 110/123/135 111/186/171 114/187/173 113/121/133
s 1
f 111/186/172 112/150/153 115/152/154 114/187/174
s 6
f 113/121/133 114/187/173 117/188/175 116/119/131
s 1
f 114/187/176 115/152/154 118/154/155 117/188/177
s 6
f 116/119/131 117/188/175 120/189/178 119/117/129
s 1
f 117/188/177 118/154/155 121/156/156 120/189/179
s 6
f 119/117/129 120/189/178 123/190/180 122/115/127
s 1
f 120/189/179 121/156/156 124/158/157 123/190/181
s 6
f 122/115/127 123/190/180 126/191/182 125/113/124
s 1
f 123/190/181 124/158/157 127/160/158 126/191/183
s 6
f 125/113/124 126/191/182 129/192/184 128/111/125
s 1
f 126/191/183 127/160/158 130/162/159 129/192/185
f 86/176/100 87/177/186 129/192/185 130/162/159
s 6
f 87/177/96 88/109/95 128/111/121 129/192/187
f 98/129/144 99/182/167 132/193/188 133/166/160
s 1
f 99/182/168 100/168/151 131/175/162 132/193/189
f 101/144/108 102/183/107 135/194/118 136/170/117
s 6
f 102/183/104 103/165/103 134/172/114 135/194/113
s 1
f 138/197/4 137/195/3 16/15/190 30/14/191
f 139/198/6 138/197/4 30/14/191 29/13/192
f 140/199/8 139/198/6 29/13/192 28/12/193
f 141/200/10 140/199/8 28/12/193 27/33/194
f 142/201/53 141/200/10 27/33/195 64/31/196
f 143/202/50 188/299/49 189/300/197 63/35/198
f 144/203/13 143/202/50 63/35/198 26/11/199
f 145/204/14 144/203/13 26/11/200 25/10/201
f 146/205/16 145/204/14 25/10/201 24/9/202
f 147/206/18 146/205/16 24/9/202 23/8/203
f 148/207/20 147/206/18 23/8/203 22/7/204
f 149/208/22 148/207/20 22/7/204 21/6/205
f 150/209/24 149/208/22 21/6/205 20/5/206
f 151/210/26 150/209/24 20/5/206 19/4/207
f 152/211/28 151/210/26 19/4/207 18/3/208
f 153/212/30 152/211/28 18/3/208 17/2/209
f 137/196/3 153/212/30 17/2/209 16/1/190
s 15
f 16/213/210 17/214/211 155/215/212 154/216/213
f 17/217/211 18/218/214 156/219/215 155/220/212
f 18/221/214 19/222/216 157/223/217 156/224/215
f 19/225/216 20/226/218 158/227/219 157/228/217
f 20/229/218 21/230/220 159/231/221 158/232/219
f 21/233/220 22/234/222 160/235/223 159/236/221
f 22/237/222 23/238/224 161/239/225 160/240/223
f 23/241/224 24/242/226 162/243/227 161/244/225
f 24/245/226 25/246/228 163/247/229 162/248/227
f 25/249/228 26/250/230 164/251/231 163/252/229
f 26/253/230 63/254/232 165/255/233 164/256/231
f 27/257/234 28/258/235 167/259/236 166/260/237
f 28/261/235 29/262/238 168/263/239 167/264/236
f 29/265/238 30/266/240 169/267/241 168/268/239
f 30/269/240 16/270/210 154/271/213 169/272/241
f 64/273/242 27/274/234 166/275/237 170/276/243
f 63/277/232 189/301/244 190/302/245 165/280/233
f 169/272/241 171/281/246 172/282/247 168/268/239
f 167/264/236 168/268/239 172/282/247 166/260/237
f 155/220/212 156/224/215 176/286/248 154/216/213
f 160/240/223 175/285/249 158/232/219 159/236/221
f 173/283/250 174/284/251 161/244/225 162/248/227
f 164/256/231 173/283/250 162/248/227 163/252/229
f 165/280/233 177/287/252 173/283/250 164/256/231
f 177/287/252 179/289/253 174/284/251 173/283/250
f 157/228/217 180/290/254 176/286/248 156/224/215
f 174/284/251 175/285/249 160/240/223 161/244/225
f 171/281/246 176/286/248 180/290/254 179/289/253
f 154/216/213 176/286/248 171/281/246 169/272/241
f 166/260/237 172/282/247 178/288/255 170/276/243
f 172/282/247 171/281/246 179/289/253 178/288/255
f 178/288/255 179/289/253 177/287/252 191/304/256
f 190/303/245 191/304/256 177/287/252 165/280/233
f 175/285/249 180/290/254 157/228/217 158/232/219
f 179/289/253 180/290/254 175/285/249 174/284/251
s 6
f 61/102/161 182/293/92 181/291/91 85/105/257
f 183/294/111 182/292/92 61/173/161 133/166/160
f 133/166/160 132/193/188 184/295/112 183/294/111
s 1
f 132/193/189 131/175/162 185/296/116 184/295/115
f 67/169/54 186/297/56 185/296/116 131/175/162
f 67/169/54 65/32/52 187/298/48 186/297/56
f 65/32/52 142/201/53 188/299/49 187/298/48
f 189/300/197 188/299/49 142/201/53 64/31/196
s 15
f 190/302/245 189/301/244 64/278/242 170/279/243
f 170/276/243 178/288/255 191/304/256 190/303/245
s 17
f 192/305/258 193/306/259 227/307/260 216/308/261
s 18
f 193/306/262 194/309/263 226/310/264 227/307/265
s 19
f 194/309/266 195/311/267 225/312/268 226/310/269
s 20
f 195/311/270 196/313/271 224/314/272 225/312/273
s 21
f 196/313/274 197/315/275 223/316/276 224/314/277
s 22
f 197/315/278 198/317/279 222/318/280 223/316/281
s 23
f 198/317/282 199/319/283 221/320/284 222/318/285
s 24
f 199/319/286 200/321/287 220/322/288 221/320/289
s 25
f 200/321/290 201/323/291 219/324/292 220/322/293
s 26
f 201/323/294 202/325/295 218/326/296 219/324/297
s 27
f 202/325/298 203/327/299 217/328/300 218/326/301
s 28
f 203/327/302 192/329/303 216/330/304 217/328/305
f 217/328/305 216/330/304 240/331/306 241/332/307
s 27
f 218/326/301 217/328/300 241/332/308 242/333/309
s 26
f 219/324/297 218/326/296 242/333/310 243/334/311
s 25
f 220/322/293 219/324/292 243/334/312 244/335/313
s 24
f 221/320/289 220/322/288 244/335/314 245/336/315
s 23
f 222/318/285 221/320/284 245/336/316 246/337/317
s 22
f 223/316/281 222/318/280 246/337/318 247/338/319
s 21
f 224/314/277 223/316/276 247/338/320 248/339/321
s 20
f 225/312/273 224/314/272 248/339/322 249/340/323
s 19
f 226/310/269 225/312/268 249/340/324 250/341/325
s 18
f 227/307/265 226/310/264 250/341/326 251/342/327
s 17
f 216/308/261 227/307/260 251/342/328 240/343/329
s 28
f 229/344/330 228/345/331 204/346/332 215/347/333
s 27
f 230/348/334 229/344/335 215/347/336 214/349/337
s 26
f 231/350/338 230/348/339 214/349/340 213/351/341
s 25
f 232/352/342 231/350/343 213/351/344 212/353/345
s 24
f 233/354/346 232/352/347 212/353/348 211/355/349
s 23
f 234/356/350 233/354/351 211/355/352 210/357/353
s 22
f 235/358/354 234/356/355 210/357/356 209/359/357
s 21
f 236/360/358 235/358/359 209/359/360 208/361/361
s 20
f 237/362/362 236/360/363 208/361/364 207/363/365
s 19
f 238/364/366 237/362/367 207/363/368 206/365/369
s 18
f 239/366/370 238/364/371 206/365/372 205/367/373
s 17
f 228/368/374 239/366/375 205/367/376 204/369/377
s 28
f 241/332/307 240/331/306 228/345/331 229/344/330
s 27
f 242/333/309 241/332/308 229/344/335 230/348/334
s 26
f 243/334/311 242/333/310 230/348/339 231/350/338
s 25
f 244/335/313 243/334/312 231/350/343 232/352/342
s 24
f 245/336/315 244/335/314 232/352/347 233/354/346
s 23
f 246/337/317 245/336/316 233/354/351 234/356/350
s 22
f 247/338/319 246/337/318 234/356/355 235/358/354
s 21
f 248/339/321 247/338/320 235/358/359 236/360/358
s 20
f 249/340/323 248/339/322 236/360/363 237/362/362
s 19
f 250/341/325 249/340/324 237/362/367 238/364/366
s 18
f 251/342/327 250/341/326 238/364/371 239/366/370
s 17
f 240/343/329 251/342/328 239/366/375 228/368/374
s 29
f 260/370/378 252/371/379 300/372/380 301/373/381
s off
f 253/374/382 254/375/383 262/376/384 261/377/385
f 254/375/386 255/378/387 263/379/388 262/376/389
f 255/378/390 256/380/391 264/381/392 263/379/393
f 264/381/394 256/380/395 257/382/396 265/383/397
f 257/382/398 258/384/399 266/385/400 265/383/401
f 258/384/402 259/386/403 267/387/404 266/385/405
f 259/386/406 252/388/407 260/389/408 267/387/409
s 30
f 268/390/410 260/370/411 301/373/412 302/391/413
s off
f 261/377/414 262/376/415 270/392/416 269/393/417
f 262/376/418 263/379/419 271/394/420 270/392/421
f 263/379/422 264/381/423 272/395/424 271/394/425
f 272/395/426 264/381/427 265/383/428 273/396/429
f 265/383/430 266/385/431 274/397/432 273/396/433
f 266/385/434 267/387/435 275/398/436 274/397/437
f 267/387/438 260/389/439 268/399/440 275/398/441
s 31
f 276/400/442 268/390/443 302/391/444 303/401/445
s off
f 269/393/446 270/392/447 278/402/448 277/403/449
f 270/392/450 271/394/451 279/404/452 278/402/453
f 271/394/454 272/395/455 280/405/456 279/404/457
f 280/405/458 272/395/459 273/396/460 281/406/461
f 273/396/462 274/397/463 282/407/464 281/406/465
f 274/397/466 275/398/467 283/408/468 282/407/469
f 275/398/470 268/399/471 276/409/472 283/408/473
s 32
f 284/410/474 276/400/475 303/401/476 304/411/477
s off
f 277/403/478 278/402/479 286/412/480 285/413/481
f 278/402/482 279/404/483 287/414/484 286/412/485
f 279/404/486 280/405/487 288/415/488 287/414/489
f 288/415/490 280/405/491 281/406/492 289/416/493
f 281/406/494 282/407/495 290/417/496 289/416/497
f 282/407/498 283/408/499 291/418/500 290/417/501
f 283/408/502 276/409/503 284/419/504 291/418/505
s 33
f 292/420/506 284/410/507 304/411/508 305/421/509
s off
f 285/413/510 286/412/511 294/422/512 293/423/513
f 286/412/514 287/414/515 295/424/516 294/422/517
f 287/414/518 288/415/519 296/425/520 295/424/521
f 296/425/522 288/415/523 289/416/524 297/426/525
f 289/416/526 290/417/527 298/427/528 297/426/529
f 290/417/530 291/418/531 299/428/532 298/427/533
f 291/418/534 284/419/535 292/429/536 299/428/537
s 29
f 307/430/538 301/373/381 300/372/380 306/431/539
s 30
f 308/432/540 302/391/413 301/373/412 307/430/541
s 31
f 309/433/542 303/401/445 302/391/444 308/432/543
s 32
f 310/434/544 304/411/477 303/401/476 309/433/545
s 33
f 311/435/546 305/421/509 304/411/508 310/434/547
s 29
f 261/377/548 307/430/538 306/431/539 253/374/549
s 30
f 269/393/550 308/432/540 307/430/541 261/377/551
s 31
f 277/403/552 309/433/542 308/432/543 269/393/553
s 32
f 285/413/554 310/434/544 309/433/545 277/403/555
s 33
f 293/423/556 311/435/546 310/434/547 285/413/557
s off
f 292/436/558 305/437/559 313/438/560 312/439/561
f 293/440/562 294/441/563 315/442/564 314/443/565
f 294/444/566 295/445/567 316/446/568 315/447/569
f 295/448/570 296/449/571 317/450/572 316/451/573
f 296/452/574 297/453/575 318/454/576 317/455/577
f 297/456/578 298/457/579 319/458/580 318/459/581
f 298/460/582 299/461/583 320/462/584 319/463/585
f 299/464/586 292/465/587 312/466/588 320/467/589
f 305/468/590 311/469/591 321/470/592 313/471/593
f 311/472/594 293/473/595 314/474/596 321/475/597
s 34
f 313/471/598 323/476/599 320/467/600 312/439/601
f 320/467/600 323/476/599 318/459/602 319/463/603
f 322/477/604 321/475/605 314/443/606 315/447/607
f 317/455/608 322/477/604 315/447/607 316/451/609
f 313/471/598 321/475/605 322/477/604 323/476/599
f 318/459/602 323/476/599 322/477/604 317/455/608
s 35
f 324/478/610 325/479/611 383/480/612 372/481/613
s 36
f 325/479/614 326/482/615 382/483/616 383/480/617
f 327/484/618 328/485/619 377/486/620 378/487/621
s 38
f 328/485/622 329/488/623 376/489/624 377/486/625
f 337/490/626 336/491/627 342/492/628 343/493/629
s 36
f 338/494/630 337/490/631 343/493/632 344/495/633
f 340/496/634 339/497/635 345/498/636 346/499/637
s 35
f 341/500/638 340/496/639 346/499/640 347/501/641
s 38
f 343/493/629 342/492/628 335/502/642 334/503/643
s 36
f 344/495/633 343/493/632 334/503/644 333/504/645
f 346/499/637 345/498/636 332/505/646 331/506/647
s 35
f 347/501/641 346/499/640 331/506/648 330/507/649
s 39
f 356/508/650 355/509/651 358/510/652 357/511/653
s 40
f 355/509/654 354/512/655 359/513/656 358/510/657
f 372/481/658 373/514/659 348/515/660 324/478/661
s 39
f 375/516/662 376/489/663 329/488/664 350/517/665
f 342/492/666 336/491/667 353/518/668 356/508/650
s 40
f 347/501/669 354/512/655 351/519/670 341/500/671
s 39
f 356/508/650 357/511/653 335/502/672 342/492/666
s 40
f 330/507/673 359/513/656 354/512/655 347/501/669
s 39
f 350/517/665 349/520/674 374/521/675 375/516/662
s 40
f 349/520/676 348/515/660 373/514/659 374/521/677
s 39
f 353/518/668 352/522/678 355/509/651 356/508/650
s 40
f 352/522/679 351/519/670 354/512/655 355/509/654
s 36
f 368/523/680 367/524/681 370/525/682 369/526/683
f 367/524/681 366/527/684 371/528/685 370/525/682
f 326/482/615 362/529/686 381/530/687 382/483/616
f 378/487/621 379/531/688 360/532/689 327/484/618
f 363/533/690 338/494/630 344/495/633 366/527/684
f 339/497/635 365/534/691 368/523/680 345/498/636
f 366/527/684 344/495/633 333/504/645 371/528/685
f 345/498/636 368/523/680 369/526/683 332/505/646
f 362/529/686 361/535/692 380/536/693 381/530/687
f 361/535/692 360/532/689 379/531/688 380/536/693
f 365/534/691 364/537/694 367/524/681 368/523/680
f 364/537/694 363/533/690 366/527/684 367/524/681
s 40
f 341/500/671 351/519/670 373/514/659 372/481/658
f 374/521/677 373/514/659 351/519/670 352/522/679
s 39
f 375/516/662 374/521/675 352/522/678 353/518/668
f 336/491/667 376/489/663 375/516/662 353/518/668
s 38
f 377/486/625 376/489/624 336/491/627 337/490/626
s 36
f 378/487/621 377/486/620 337/490/631 338/494/630
f 363/533/690 379/531/688 378/487/621 338/494/630
f 380/536/693 379/531/688 363/533/690 364/537/694
f 381/530/687 380/536/693 364/537/694 365/534/691
f 382/483/616 381/530/687 365/534/691 339/497/635
f 383/480/617 382/483/616 339/497/635 340/496/634
s 35
f 372/481/613 383/480/612 340/496/639 341/500/638
s 44
f 350/538/695 329/539/696 384/540/697 385/541/698
s 45
f 325/542/699 324/543/700 386/544/701 387/545/702
f 326/546/703 325/547/699 387/548/702 388/549/704
f 362/550/705 326/551/703 388/552/704 389/553/706
f 328/554/707 327/555/708 390/556/709 391/557/710
f 329/558/711 328/559/707 391/560/710 384/561/712
s 44
f 324/562/713 348/563/714 392/564/715 386/565/716
f 349/566/717 350/567/695 385/568/698 393/569/718
f 348/570/714 349/571/717 393/572/718 392/573/715
s 45
f 327/574/708 360/575/719 394/576/720 390/577/709
f 361/578/721 362/579/705 389/580/706 395/581/722
f 360/582/719 361/583/721 395/584/722 394/585/720
s 48
f 397/586/723 396/587/724 409/588/725 410/589/726
f 398/590/727 397/586/723 410/589/726 411/591/728
f 399/592/729 398/590/727 411/591/728 412/593/730
f 400/594/731 399/592/729 412/593/730 413/595/732
f 401/596/733 400/594/731 413/595/732 414/597/734
f 402/598/735 401/596/733 414/597/734 415/599/736
f 403/600/737 402/598/735 415/599/736 416/601/738
f 404/602/739 403/600/737 416/601/738 417/603/740
f 405/604/741 404/602/739 417/603/740 418/605/742
f 406/606/743 405/604/741 418/605/742 419/607/744
f 407/608/745 406/606/743 419/607/744 420/609/746
f 408/610/747 407/608/745 420/609/746 421/611/748
s 49
f 410/589/749 409/588/750 422/612/751 423/613/752
f 411/591/753 410/589/749 423/613/752 424/614/754
f 412/593/755 411/591/753 424/614/754 425/615/756
f 413/595/757 412/593/755 425/615/756 426/616/758
f 414/597/759 413/595/757 426/616/758 427/617/760
f 415/599/761 414/597/759 427/617/760 428/618/762
f 416/601/763 415/599/761 428/618/762 429/619/764
f 417/603/765 416/601/763 429/619/764 430/620/766
f 418/605/767 417/603/765 430/620/766 431/621/768
f 419/607/769 418/605/767 431/621/768 432/622/770
f 420/609/771 419/607/769 432/622/770 433/623/772
f 421/611/773 420/609/771 433/623/772 434/624/774
s 50
f 423/613/775 422/612/776 435/625/777 436/626/778
f 424/614/779 423/613/775 436/626/778 437/627/780
f 425/615/781 424/614/779 437/627/780 438/628/782
f 426/616/783 425/615/781 438/628/782 439/629/784
f 427/617/785 426/616/783 439/629/784 440/630/786
f 428/618/787 427/617/785 440/630/786 441/631/788
f 429/619/789 428/618/787 441/631/788 442/632/790
f 430/620/791 429/619/789 442/632/790 443/633/792
f 431/621/793 430/620/791 443/633/792 444/634/794
f 432/622/795 431/621/793 444/634/794 445/635/796
f 433/623/797 432/622/795 445/635/796 446/636/798
f 434/624/799 433/623/797 446/636/798 447/637/800
s 51
f 436/626/801 435/625/802 448/638/803 449/639/804
f 437/627/805 436/626/801 449/639/804 450/640/806
f 438/628/807 437/627/805 450/640/806 451/641/808
f 439/629/809 438/628/807 451/641/808 452/642/810
f 440/630/811 439/629/809 452/642/810 453/643/812
f 441/631/813 440/630/811 453/643/812 454/644/814
f 442/632/815 441/631/813 454/644/814 455/645/816
f 443/633/817 442/632/815 455/645/816 456/646/818
f 444/634/819 443/633/817 456/646/818 457/647/820
f 445/635/821 444/634/819 457/647/820 458/648/822
f 446/636/823 445/635/821 458/648/822 459/649/824
f 447/637/825 446/636/823 459/649/824 460/650/826
s 52
f 449/639/827 448/638/828 461/651/829 462/652/830
f 450/640/831 449/639/827 462/652/830 463/653/832
f 451/641/833 450/640/831 463/653/832 464/654/834
f 452/642/835 451/641/833 464/654/834 465/655/836
f 453/643/837 452/642/835 465/655/836 466/656/838
f 454/644/839 453/643/837 466/656/838 467/657/840
f 455/645/841 454/644/839 467/657/840 468/658/842
f 456/646/843 455/645/841 468/658/842 469/659/844
f 457/647/845 456/646/843 469/659/844 470/660/846
f 458/648/847 457/647/845 470/660/846 471/661/848
f 459/649/849 458/648/847 471/661/848 472/662/850
f 460/650/851 459/649/849 472/662/850 473/663/852
s 53
f 462/652/853 461/651/854 552/664/855 555/665/856
f 463/653/857 462/652/853 555/665/856 558/666/858
f 464/654/859 463/653/857 558/666/858 561/667/860
f 465/655/861 464/654/859 561/667/860 564/668/862
f 466/656/863 465/655/861 564/668/862 567/669/864
f 467/657/865 466/656/863 567/669/864 570/670/866
f 468/658/867 467/657/865 570/670/866 573/671/868
f 469/659/869 468/658/867 573/671/868 576/672/870
f 470/660/871 469/659/869 576/672/870 579/673/872
f 471/661/873 470/660/871 579/673/872 582/674/874
f 472/662/875 471/661/873 582/674/874 585/675/876
f 473/663/877 472/662/875 585/675/876 588/676/878
f 476/677/879 474/678/880 475/679/881 477/680/882
f 478/681/883 476/677/879 477/680/882 479/682/884
f 480/683/885 478/681/883 479/682/884 481/684/886
f 482/685/887 480/683/885 481/684/886 483/686/888
f 484/687/889 482/685/887 483/686/888 485/688/890
f 486/689/891 484/687/889 485/688/890 487/690/892
f 488/691/893 486/689/891 487/690/892 489/692/894
f 490/693/895 488/691/893 489/692/894 491/694/896
f 492/695/897 490/693/895 491/694/896 493/696/898
f 494/697/899 492/695/897 493/696/898 495/698/900
f 496/699/901 494/697/899 495/698/900 497/700/902
f 498/701/903 496/699/901 497/700/902 499/702/904
s 55
f 477/680/905 475/679/906 500/703/907 501/704/908
f 479/682/909 477/680/905 501/704/908 502/705/910
f 481/684/911 479/682/909 502/705/910 503/706/912
f 483/686/913 481/684/911 503/706/912 504/707/914
f 485/688/915 483/686/913 504/707/914 505/708/916
f 487/690/917 485/688/915 505/708/916 506/709/918
f 489/692/919 487/690/917 506/709/918 507/710/920
f 491/694/921 489/692/919 507/710/920 508/711/922
f 493/696/923 491/694/921 508/711/922 509/712/924
f 495/698/925 493/696/923 509/712/924 510/713/926
f 497/700/927 495/698/925 510/713/926 511/714/928
f 499/702/929 497/700/927 511/714/928 512/715/930
s 56
f 501/704/931 500/703/932 513/716/933 514/717/934
f 502/705/935 501/704/931 514/717/934 515/718/936
f 503/706/937 502/705/935 515/718/936 516/719/938
f 504/707/939 503/706/937 516/719/938 517/720/940
f 505/708/941 504/707/939 517/720/940 518/721/942
f 506/709/943 505/708/941 518/721/942 519/722/944
f 507/710/945 506/709/943 519/722/944 520/723/946
f 508/711/947 507/710/945 520/723/946 521/724/948
f 509/712/949 508/711/947 521/724/948 522/725/950
f 510/713/951 509/712/949 522/725/950 523/726/952
f 511/714/953 510/713/951 523/726/952 524/727/954
f 512/715/955 511/714/953 524/727/954 525/728/956
s 57
f 514/717/957 513/716/958 526/729/959 527/730/960
f 515/718/961 514/717/957 527/730/960 528/731/962
f 516/719/963 515/718/961 528/731/962 529/732/964
f 517/720/965 516/719/963 529/732/964 530/733/966
f 518/721/967 517/720/965 530/733/966 531/734/968
f 519/722/969 518/721/967 531/734/968 532/735/970
f 520/723/971 519/722/969 532/735/970 533/736/972
f 521/724/973 520/723/971 533/736/972 534/737/974
f 522/725/975 521/724/973 534/737/974 535/738/976
f 523/726/977 522/725/975 535/738/976 536/739/978
f 524/727/979 523/726/977 536/739/978 537/740/980
f 525/728/981 524/727/979 537/740/980 538/741/982
s 58
f 527/730/983 526/729/984 539/742/985 540/743/986
f 528/731/987 527/730/983 540/743/986 541/744/988
f 529/732/989 528/731/987 541/744/988 542/745/990
f 530/733/991 529/732/989 542/745/990 543/746/992
f 531/734/993 530/733/991 543/746/992 544/747/994
f 532/735/995 531/734/993 544/747/994 545/748/996
f 533/736/997 532/735/995 545/748/996 546/749/998
f 534/737/999 533/736/997 546/749/998 547/750/1000
f 535/738/1001 534/737/999 547/750/1000 548/751/1002
f 536/739/1003 535/738/1001 548/751/1002 549/752/1004
f 537/740/1005 536/739/1003 549/752/1004 550/753/1006
f 538/741/1007 537/740/1005 550/753/1006 551/754/1008
s 53
f 476/677/879 557/755/1009 554/756/1010 474/678/880
f 478/681/883 560/757/1011 557/755/1009 476/677/879
f 480/683/885 563/758/1012 560/757/1011 478/681/883
f 482/685/887 566/759/1013 563/758/1012 480/683/885
f 484/687/889 569/760/1014 566/759/1013 482/685/887
f 486/689/891 572/761/1015 569/760/1014 484/687/889
f 488/691/893 575/762/1016 572/761/1015 486/689/891
f 490/693/895 578/763/1017 575/762/1016 488/691/893
f 492/695/897 581/764/1018 578/763/1017 490/693/895
f 494/697/899 584/765/1019 581/764/1018 492/695/897
f 496/699/901 587/766/1020 584/765/1019 494/697/899
f 498/701/903 590/767/1021 587/766/1020 496/699/901
f 552/664/855 591/768/1022 592/769/1023 555/665/856
f 553/770/1024 554/756/1010 557/755/1009 556/771/1025
f 555/665/856 592/769/1023 593/772/1026 558/666/858
f 556/771/1025 557/755/1009 560/757/1011 559/773/1027
f 558/666/858 593/772/1026 594/774/1028 561/667/860
f 559/773/1027 560/757/1011 563/758/1012 562/775/1029
f 561/667/860 594/774/1028 595/776/1030 564/668/862
f 562/775/1029 563/758/1012 566/759/1013 565/777/1031
f 564/668/862 595/776/1030 596/778/1032 567/669/864
f 565/777/1031 566/759/1013 569/760/1014 568/779/1033
f 567/669/864 596/778/1032 597/780/1034 570/670/866
f 568/779/1033 569/760/1014 572/761/1015 571/781/1035
f 570/670/866 597/780/1034 598/782/1036 573/671/868
f 571/781/1035 572/761/1015 575/762/1016 574/783/1037
f 573/671/868 598/782/1036 599/784/1038 576/672/870
f 574/783/1037 575/762/1016 578/763/1017 577/785/1039
f 576/672/870 599/784/1038 600/786/1040 579/673/872
f 577/785/1039 578/763/1017 581/764/1018 580/787/1041
f 579/673/872 600/786/1040 601/788/1042 582/674/874
f 580/787/1041 581/764/1018 584/765/1019 583/789/1043
f 582/674/874 601/788/1042 602/790/1044 585/675/876
f 583/789/1043 584/765/1019 587/766/1020 586/791/1045
f 585/675/876 602/790/1044 603/792/1046 588/676/878
f 586/791/1045 587/766/1020 590/767/1021 589/793/1047
f 592/769/1023 591/768/1022 553/770/1024 556/771/1025
f 593/772/1026 592/769/1023 556/771/1025 559/773/1027
f 594/774/1028 593/772/1026 559/773/1027 562/775/1029
f 595/776/1030 594/774/1028 562/775/1029 565/777/1031
f 596/778/1032 595/776/1030 565/777/1031 568/779/1033
f 597/780/1034 596/778/1032 568/779/1033 571/781/1035
f 598/782/1036 597/780/1034 571/781/1035 574/783/1037
f 599/784/1038 598/782/1036 574/783/1037 577/785/1039
f 600/786/1040 599/784/1038 577/785/1039 580/787/1041
f 601/788/1042 600/786/1040 580/787/1041 583/789/1043
f 602/790/1044 601/788/1042 583/789/1043 586/791/1045
f 603/792/1046 602/790/1044 586/791/1045 589/793/1047
s 48
f 604/794/1048 615/795/1049 409/796/725 396/797/724
f 605/798/1050 616/799/1051 615/795/1049 604/794/1048
f 606/800/1052 617/801/1053 616/799/1051 605/798/1050
f 607/802/1054 618/803/1055 617/801/1053 606/800/1052
f 608/804/1056 619/805/1057 618/803/1055 607/802/1054
f 609/806/1058 620/807/1059 619/805/1057 608/804/1056
f 610/808/1060 621/809/1061 620/807/1059 609/806/1058
f 611/810/1062 622/811/1063 621/809/1061 610/808/1060
f 612/812/1064 623/813/1065 622/811/1063 611/810/1062
f 613/814/1066 624/815/1067 623/813/1065 612/812/1064
f 614/816/1068 625/817/1069 624/815/1067 613/814/1066
f 408/818/747 421/819/748 625/817/1069 614/816/1068
s 49
f 615/795/1070 626/820/1071 422/821/751 409/796/750
f 616/799/1072 627/822/1073 626/820/1071 615/795/1070
f 617/801/1074 628/823/1075 627/822/1073 616/799/1072
f 618/803/1076 629/824/1077 628/823/1075 617/801/1074
f 619/805/1078 630/825/1079 629/824/1077 618/803/1076
f 620/807/1080 631/826/1081 630/825/1079 619/805/1078
f 621/809/1082 632/827/1083 631/826/1081 620/807/1080
f 622/811/1084 633/828/1085 632/827/1083 621/809/1082
f 623/813/1086 634/829/1087 633/828/1085 622/811/1084
f 624/815/1088 635/830/1089 634/829/1087 623/813/1086
f 625/817/1090 636/831/1091 635/830/1089 624/815/1088
f 421/819/773 434/832/774 636/831/1091 625/817/1090
s 50
f 626/820/1092 637/833/1093 435/834/777 422/821/776
f 627/822/1094 638/835/1095 637/833/1093 626/820/1092
f 628/823/1096 639/836/1097 638/835/1095 627/822/1094
f 629/824/1098 640/837/1099 639/836/1097 628/823/1096
f 630/825/1100 641/838/1101 640/837/1099 629/824/1098
f 631/826/1102 642/839/1103 641/838/1101 630/825/1100
f 632/827/1104 643/840/1105 642/839/1103 631/826/1102
f 633/828/1106 644/841/1107 643/840/1105 632/827/1104
f 634/829/1108 645/842/1109 644/841/1107 633/828/1106
f 635/830/1110 646/843/1111 645/842/1109 634/829/1108
f 636/831/1112 647/844/1113 646/843/1111 635/830/1110
f 434/832/799 447/845/800 647/844/1113 636/831/1112
s 51
f 637/833/1114 648/846/1115 448/847/803 435/834/802
f 638/835/1116 649/848/1117 648/846/1115 637/833/1114
f 639/836/1118 650/849/1119 649/848/1117 638/835/1116
f 640/837/1120 651/850/1121 650/849/1119 639/836/1118
f 641/838/1122 652/851/1123 651/850/1121 640/837/1120
f 642/839/1124 653/852/1125 652/851/1123 641/838/1122
f 643/840/1126 654/853/1127 653/852/1125 642/839/1124
f 644/841/1128 655/854/1129 654/853/1127 643/840/1126
f 645/842/1130 656/855/1131 655/854/1129 644/841/1128
f 646/843/1132 657/856/1133 656/855/1131 645/842/1130
f 647/844/1134 658/857/1135 657/856/1133 646/843/1132
f 447/845/825 460/858/826 658/857/1135 647/844/1134
s 52
f 648/846/1136 659/859/1137 461/860/829 448/847/828
f 649/848/1138 660/861/1139 659/859/1137 648/846/1136
f 650/849/1140 661/862/1141 660/861/1139 649/848/1138
f 651/850/1142 662/863/1143 661/862/1141 650/849/1140
f 652/851/1144 663/864/1145 662/863/1143 651/850/1142
f 653/852/1146 664/865/1147 663/864/1145 652/851/1144
f 654/853/1148 665/866/1149 664/865/1147 653/852/1146
f 655/854/1150 666/867/1151 665/866/1149 654/853/1148
f 656/855/1152 667/868/1153 666/867/1151 655/854/1150
f 657/856/1154 668/869/1155 667/868/1153 656/855/1152
f 658/857/1156 669/870/1157 668/869/1155 657/856/1154
f 460/858/851 473/871/852 669/870/1157 658/857/1156
s 53
f 659/859/1158 736/872/1159 552/873/855 461/860/854
f 660/861/1160 739/874/1161 736/872/1159 659/859/1158
f 661/862/1162 742/875/1163 739/874/1161 660/861/1160
f 662/863/1164 745/876/1165 742/875/1163 661/862/1162
f 663/864/1166 748/877/1167 745/876/1165 662/863/1164
f 664/865/1168 751/878/1169 748/877/1167 663/864/1166
f 665/866/1170 754/879/1171 751/878/1169 664/865/1168
f 666/867/1172 757/880/1173 754/879/1171 665/866/1170
f 667/868/1174 760/881/1175 757/880/1173 666/867/1172
f 668/869/1176 763/882/1177 760/881/1175 667/868/1174
f 669/870/1178 766/883/1179 763/882/1177 668/869/1176
f 473/871/877 588/884/878 766/883/1179 669/870/1178
f 670/885/1180 671/886/1181 475/887/881 474/888/880
f 672/889/1182 673/890/1183 671/886/1181 670/885/1180
f 674/891/1184 675/892/1185 673/890/1183 672/889/1182
f 676/893/1186 677/894/1187 675/892/1185 674/891/1184
f 678/895/1188 679/896/1189 677/894/1187 676/893/1186
f 680/897/1190 681/898/1191 679/896/1189 678/895/1188
f 682/899/1192 683/900/1193 681/898/1191 680/897/1190
f 684/901/1194 685/902/1195 683/900/1193 682/899/1192
f 686/903/1196 687/904/1197 685/902/1195 684/901/1194
f 688/905/1198 689/906/1199 687/904/1197 686/903/1196
f 690/907/1200 691/908/1201 689/906/1199 688/905/1198
f 498/909/903 499/910/904 691/908/1201 690/907/1200
s 55
f 671/886/1202 692/911/1203 500/912/907 475/887/906
f 673/890/1204 693/913/1205 692/911/1203 671/886/1202
f 675/892/1206 694/914/1207 693/913/1205 673/890/1204
f 677/894/1208 695/915/1209 694/914/1207 675/892/1206
f 679/896/1210 696/916/1211 695/915/1209 677/894/1208
f 681/898/1212 697/917/1213 696/916/1211 679/896/1210
f 683/900/1214 698/918/1215 697/917/1213 681/898/1212
f 685/902/1216 699/919/1217 698/918/1215 683/900/1214
f 687/904/1218 700/920/1219 699/919/1217 685/902/1216
f 689/906/1220 701/921/1221 700/920/1219 687/904/1218
f 691/908/1222 702/922/1223 701/921/1221 689/906/1220
f 499/910/929 512/923/930 702/922/1223 691/908/1222
s 56
f 692/911/1224 703/924/1225 513/925/933 500/912/932
f 693/913/1226 704/926/1227 703/924/1225 692/911/1224
f 694/914/1228 705/927/1229 704/926/1227 693/913/1226
f 695/915/1230 706/928/1231 705/927/1229 694/914/1228
f 696/916/1232 707/929/1233 706/928/1231 695/915/1230
f 697/917/1234 708/930/1235 707/929/1233 696/916/1232
f 698/918/1236 709/931/1237 708/930/1235 697/917/1234
f 699/919/1238 710/932/1239 709/931/1237 698/918/1236
f 700/920/1240 711/933/1241 710/932/1239 699/919/1238
f 701/921/1242 712/934/1243 711/933/1241 700/920/1240
f 702/922/1244 713/935/1245 712/934/1243 701/921/1242
f 512/923/955 525/936/956 713/935/1245 702/922/1244
s 57
f 703/924/1246 714/937/1247 526/938/959 513/925/958
f 704/926/1248 715/939/1249 714/937/1247 703/924/1246
f 705/927/1250 716/940/1251 715/939/1249 704/926/1248
f 706/928/1252 717/941/1253 716/940/1251 705/927/1250
f 707/929/1254 718/942/1255 717/941/1253 706/928/1252
f 708/930/1256 719/943/1257 718/942/1255 707/929/1254
f 709/931/1258 720/944/1259 719/943/1257 708/930/1256
f 710/932/1260 721/945/1261 720/944/1259 709/931/1258
f 711/933/1262 722/946/1263 721/945/1261 710/932/1260
f 712/934/1264 723/947/1265 722/946/1263 711/933/1262
f 713/935/1266 724/948/1267 723/947/1265 712/934/1264
f 525/936/981 538/949/982 724/948/1267 713/935/1266
s 58
f 714/937/1268 725/950/1269 539/951/985 526/938/984
f 715/939/1270 726/952/1271 725/950/1269 714/937/1268
f 716/940/1272 727/953/1273 726/952/1271 715/939/1270
f 717/941/1274 728/954/1275 727/953/1273 716/940/1272
f 718/942/1276 729/955/1277 728/954/1275 717/941/1274
f 719/943/1278 730/956/1279 729/955/1277 718/942/1276
f 720/944/1280 731/957/1281 730/956/1279 719/943/1278
f 721/945/1282 732/958/1283 731/957/1281 720/944/1280
f 722/946/1284 733/959/1285 732/958/1283 721/945/1282
f 723/947/1286 734/960/1287 733/959/1285 722/946/1284
f 724/948/1288 735/961/1289 734/960/1287 723/947/1286
f 538/949/1007 551/962/1008 735/961/1289 724/948/1288
s 53
f 670/885/1180 474/888/880 554/963/1010 738/964/1290
f 672/889/1182 670/885/1180 738/964/1290 741/965/1291
f 674/891/1184 672/889/1182 741/965/1291 744/966/1292
f 676/893/1186 674/891/1184 744/966/1292 747/967/1293
f 678/895/1188 676/893/1186 747/967/1293 750/968/1294
f 680/897/1190 678/895/1188 750/968/1294 753/969/1295
f 682/899/1192 680/897/1190 753/969/1295 756/970/1296
f 684/901/1194 682/899/1192 756/970/1296 759/971/1297
f 686/903/1196 684/901/1194 759/971/1297 762/972/1298
f 688/905/1198 686/903/1196 762/972/1298 765/973/1299
f 690/907/1200 688/905/1198 765/973/1299 768/974/1300
f 498/909/903 690/907/1200 768/974/1300 590/975/1021
f 552/873/855 736/872/1159 769/976/1301 591/977/1022
f 553/978/1024 737/979/1302 738/964/1290 554/963/1010
f 736/872/1159 739/874/1161 770/980/1303 769/976/1301
f 737/979/1302 740/981/1304 741/965/1291 738/964/1290
f 739/874/1161 742/875/1163 771/982/1305 770/980/1303
f 740/981/1304 743/983/1306 744/966/1292 741/965/1291
f 742/875/1163 745/876/1165 772/984/1307 771/982/1305
f 743/983/1306 746/985/1308 747/967/1293 744/966/1292
f 745/876/1165 748/877/1167 773/986/1309 772/984/1307
f 746/985/1308 749/987/1310 750/968/1294 747/967/1293
f 748/877/1167 751/878/1169 774/988/1311 773/986/1309
f 749/987/1310 752/989/1312 753/969/1295 750/968/1294
f 751/878/1169 754/879/1171 775/990/1313 774/988/1311
f 752/989/1312 755/991/1314 756/970/1296 753/969/1295
f 754/879/1171 757/880/1173 776/992/1315 775/990/1313
f 755/991/1314 758/993/1316 759/971/1297 756/970/1296
f 757/880/1173 760/881/1175 777/994/1317 776/992/1315
f 758/993/1316 761/995/1318 762/972/1298 759/971/1297
f 760/881/1175 763/882/1177 778/996/1319 777/994/1317
f 761/995/1318 764/997/1320 765/973/1299 762/972/1298
f 763/882/1177 766/883/1179 779/998/1321 778/996/1319
f 764/997/1320 767/999/1322 768/974/1300 765/973/1299
f 766/883/1179 588/884/878 603/1000/1046 779/998/1321
f 767/999/1322 589/1001/1047 590/975/1021 768/974/1300
f 769/976/1301 737/979/1302 553/978/1024 591/977/1022
f 770/980/1303 740/981/1304 737/979/1302 769/976/1301
f 771/982/1305 743/983/1306 740/981/1304 770/980/1303
f 772/984/1307 746/985/1308 743/983/1306 771/982/1305
f 773/986/1309 749/987/1310 746/985/1308 772/984/1307
f 774/988/1311 752/989/1312 749/987/1310 773/986/1309
f 775/990/1313 755/991/1314 752/989/1312 774/988/1311
f 776/992/1315 758/993/1316 755/991/1314 775/990/1313
f 777/994/1317 761/995/1318 758/993/1316 776/992/1315
f 778/996/1319 764/997/1320 761/995/1318 777/994/1317
f 779/998/1321 767/999/1322 764/997/1320 778/996/1319
f 603/1000/1046 589/1001/1047 767/999/1322 779/998/1321
s off
f 780/1002/1323 781/1003/1324 788/1004/1325 787/1005/1326
f 781/1003/1327 782/1006/1328 789/1007/1329 788/1004/1330
f 782/1006/1331 783/1008/1332 790/1009/1333 789/1007/1334
f 783/1008/1335 784/1010/1336 791/1011/1337 790/1009/1338
f 784/1010/1339 785/1012/1340 792/1013/1341 791/1011/1342
f 785/1012/1343 786/1014/1344 793/1015/1345 792/1013/1346
f 787/1005/1347 788/1004/1348 795/1016/1349 794/1017/1350
f 788/1004/1351 789/1007/1352 796/1018/1353 795/1016/1354
f 789/1007/1355 790/1009/1356 797/1019/1357 796/1018/1358
f 790/1009/1359 791/1011/1360 798/1020/1361 797/1019/1362
f 791/1011/1363 792/1013/1364 799/1021/1365 798/1020/1366
f 792/1013/1367 793/1015/1368 800/1022/1369 799/1021/1370
f 794/1017/1371 795/1016/1372 802/1023/1373 801/1024/1374
f 795/1016/1375 796/1018/1376 803/1025/1377 802/1023/1378
f 796/1018/1379 797/1019/1380 804/1026/1381 803/1025/1382
f 797/1019/1383 798/1020/1384 805/1027/1385 804/1026/1386
f 798/1020/1387 799/1021/1388 806/1028/1389 805/1027/1390
f 799/1021/1391 800/1022/1392 807/1029/1393 806/1028/1394
f 801/1024/1395 802/1023/1396 809/1030/1397 808/1031/1398
f 802/1023/1399 803/1025/1400 810/1032/1401 809/1030/1402
f 803/1025/1403 804/1026/1404 811/1033/1405 810/1032/1406
f 804/1026/1407 805/1027/1408 812/1034/1409 811/1033/1410
f 805/1027/1411 806/1028/1412 813/1035/1413 812/1034/1414
f 806/1028/1415 807/1029/1416 814/1036/1417 813/1035/1418
f 808/1031/1419 809/1030/1420 816/1037/1421 815/1038/1422
f 809/1030/1423 810/1032/1424 817/1039/1425 816/1037/1426
f 810/1032/1427 811/1033/1428 818/1040/1429 817/1039/1430
f 811/1033/1431 812/1034/1432 819/1041/1433 818/1040/1434
f 812/1034/1435 813/1035/1436 820/1042/1437 819/1041/1438
f 813/1035/1439 814/1036/1440 821/1043/1441 820/1042/1442
f 815/1038/1443 816/1037/1444 823/1044/1445 822/1045/1446
f 816/1037/1447 817/1039/1448 824/1046/1449 823/1044/1450
f 817/1039/1451 818/1040/1452 825/1047/1453 824/1046/1454
f 818/1040/1455 819/1041/1456 826/1048/1457 825/1047/1458
f 819/1041/1459 820/1042/1460 827/1049/1461 826/1048/1462
f 820/1042/1463 821/1043/1464 828/1050/1465 827/1049/1466
f 781/1051/1467 780/1052/1468 829/1053/1469 830/1054/1470
f 782/1055/1471 781/1056/1472 830/1057/1473 831/1058/1474
f 783/1059/1475 782/1060/1476 831/1061/1477 832/1062/1478
f 784/1063/1479 783/1064/1480 832/1065/1481 833/1066/1482
f 785/1067/1483 784/1068/1484 833/1069/1485 834/1070/1486
f 786/1071/1487 785/1072/1488 834/1073/1489 835/1074/1490
f 830/1075/1491 829/1076/1492 836/1077/1493 837/1078/1494
f 831/1079/1495 830/1080/1496 837/1078/1497 838/1081/1498
f 832/1082/1499 831/1083/1500 838/1081/1501 839/1084/1502
f 833/1085/1503 832/1086/1504 839/1087/1505 840/1088/1506
f 834/1089/1507 833/1090/1508 840/1088/1509 841/1091/1510
f 835/1092/1511 834/1093/1512 841/1091/1513 842/1094/1514
s 59
f 780/1002/1515 787/1005/1516 877/1095/1517 878/1096/1518
s 60
f 793/1015/1519 786/1014/1520 864/1097/1521 865/1098/1522
s 61
f 787/1005/1523 794/1017/1524 876/1099/1525 877/1095/1526
s 62
f 800/1022/1527 793/1015/1528 865/1098/1529 866/1100/1530
s 63
f 794/1017/1531 801/1024/1532 875/1101/1533 876/1099/1534
s 64
f 807/1029/1535 800/1022/1536 866/1100/1537 867/1102/1538
s 65
f 801/1024/1539 808/1031/1540 874/1103/1541 875/1101/1542
s 66
f 814/1036/1543 807/1029/1544 867/1102/1545 868/1104/1546
s 67
f 808/1031/1547 815/1038/1548 873/1105/1549 874/1103/1550
s 68
f 821/1043/1551 814/1036/1552 868/1104/1553 869/1106/1554
s 69
f 815/1038/1555 822/1045/1556 872/1107/1557 873/1105/1558
s 70
f 828/1050/1559 821/1043/1560 869/1106/1561 870/1108/1562
s 71
f 829/1109/1563 780/1110/1564 878/1111/1565 879/1112/1566
s 72
f 786/1113/1567 835/1114/1568 863/1115/1569 864/1116/1570
s 73
f 836/1117/1571 829/1118/1572 879/1119/1573 880/1120/1574
s 74
f 835/1121/1575 842/1122/1576 862/1123/1577 863/1124/1578
f 863/1124/1578 862/1123/1577 978/1125/1579 979/1126/1580
s 72
f 864/1116/1570 863/1115/1569 979/1127/1581 980/1128/1582
s 60
f 865/1098/1522 864/1097/1521 980/1129/1583 981/1130/1584
s 62
f 866/1100/1530 865/1098/1529 981/1130/1585 982/1131/1586
s 64
f 867/1102/1538 866/1100/1537 982/1131/1587 983/1132/1588
s 66
f 868/1104/1546 867/1102/1545 983/1132/1589 984/1133/1590
s 68
f 869/1106/1554 868/1104/1553 984/1133/1591 985/1134/1592
s 70
f 870/1108/1562 869/1106/1561 985/1134/1593 986/1135/1594
s 75
f 986/1135/1595 987/1136/1596 886/1137/1597 870/1108/1598
s 76
f 872/1107/1599 887/1138/1600 989/1139/1601 990/1140/1602
s 69
f 873/1105/1558 872/1107/1557 990/1140/1603 991/1141/1604
s 67
f 874/1103/1550 873/1105/1549 991/1141/1605 992/1142/1606
s 65
f 875/1101/1542 874/1103/1541 992/1142/1607 993/1143/1608
s 63
f 876/1099/1534 875/1101/1533 993/1143/1609 994/1144/1610
s 61
f 877/1095/1526 876/1099/1525 994/1144/1611 995/1145/1612
s 59
f 878/1096/1518 877/1095/1517 995/1145/1613 996/1146/1614
s 71
f 879/1112/1566 878/1111/1565 996/1147/1615 997/1148/1616
s 73
f 880/1120/1574 879/1119/1573 997/1149/1617 998/1150/1618
s 77
f 837/1078/1619 836/1077/1620 883/1151/1621 884/1152/1622
s 78
f 836/1117/1623 880/1120/1624 882/1153/1625 883/1154/1626
s 79
f 880/1120/1627 998/1150/1628 999/1155/1629 882/1153/1630
f 882/1153/1630 999/1155/1629 978/1125/1631 862/1123/1632
s 78
f 883/1154/1626 882/1153/1625 862/1123/1633 842/1122/1634
s 77
f 884/1152/1622 883/1151/1621 842/1094/1635 841/1091/1636
s off
f 840/1088/1637 839/1087/1638 884/1152/1639 841/1091/1640
f 839/1084/1641 838/1081/1642 837/1078/1643 884/1152/1644
s 75
f 871/1156/1645 886/1137/1597 987/1136/1596 988/1157/1646
s 76
f 988/1158/1647 989/1139/1601 887/1138/1600 871/1159/1648
s off
f 871/1160/1649 887/1161/1650 890/1162/1651 889/1163/1652
f 886/1164/1653 871/1165/1654 889/1166/1655 891/1167/1656
f 824/1046/1657 825/1047/1658 889/1163/1659 890/1162/1660
f 825/1047/1661 826/1048/1662 891/1167/1663 889/1166/1664
f 827/1049/1665 828/1050/1666 891/1167/1667 826/1048/1668
f 822/1045/1669 823/1044/1670 824/1046/1671 890/1162/1672
f 872/1107/1673 822/1045/1674 890/1162/1675 887/1138/1676
f 870/1108/1677 886/1164/1678 891/1167/1679 828/1050/1680
f 843/1168/1681 844/1169/1682 893/1170/1683 892/1171/1684
f 846/1172/1685 845/1173/1686 894/1174/1687 895/1175/1688
f 844/1176/1689 847/1177/1690 896/1178/1691 893/1179/1692
f 848/1180/1693 846/1181/1694 895/1182/1695 897/1183/1696
f 847/1184/1697 849/1185/1698 898/1186/1699 896/1187/1700
f 850/1188/1701 848/1189/1702 897/1190/1703 899/1191/1704
f 849/1192/1705 851/1193/1706 900/1194/1707 898/1195/1708
f 852/1196/1709 850/1197/1710 899/1198/1711 901/1199/1712
f 851/1200/1713 853/1201/1714 902/1202/1715 900/1203/1716
f 854/1204/1717 852/1205/1718 901/1206/1719 903/1207/1720
f 853/1208/1721 855/1209/1722 904/1210/1723 902/1211/1724
f 856/1212/1725 854/1213/1726 903/1214/1727 905/1215/1728
f 855/1216/1729 888/1217/1730 906/1218/1731 904/1219/1732
f 885/1220/1733 856/1221/1734 905/1222/1735 907/1223/1736
f 858/1224/1737 843/1225/1738 892/1226/1739 908/1227/1740
f 845/1228/1741 859/1229/1742 909/1230/1743 894/1231/1744
f 860/1232/1745 858/1233/1746 908/1234/1747 910/1235/1748
f 859/1236/1749 861/1237/1750 911/1238/1751 909/1239/1752
f 881/1240/1753 860/1241/1754 910/1242/1755 912/1243/1756
f 861/1244/1757 881/1245/1758 912/1246/1759 911/1247/1760
f 857/1248/1761 885/1249/1762 907/1250/1763 913/1251/1764
f 888/1252/1765 857/1253/1766 913/1254/1767 906/1255/1768
s 80
f 936/1256/1769 937/1257/1770 938/1258/1771 939/1259/1772
f 940/1260/1773 936/1256/1769 939/1259/1772 941/1261/1774
f 942/1262/1775 943/1263/1776 944/1264/1777 945/1265/1778
f 944/1264/1777 938/1258/1771 937/1257/1770 945/1265/1778
f 947/1266/1779 946/1267/1780 948/1268/1781 949/1269/1782
f 947/1266/1779 950/1270/1783 951/1271/1784 946/1267/1780
f 952/1272/1785 951/1271/1784 950/1270/1783 953/1273/1786
f 955/1274/1787 954/1275/1788 956/1276/1789 957/1277/1790
f 958/1278/1791 944/1264/1777 943/1263/1776 959/1279/1792
f 960/1280/1793 938/1258/1771 944/1264/1777 958/1278/1791
f 939/1259/1772 938/1258/1771 960/1280/1793 961/1281/1794
f 941/1261/1774 939/1259/1772 961/1281/1794 962/1282/1795
f 963/1283/1796 964/1284/1797 965/1285/1798 966/1286/1799
f 964/1284/1797 967/1287/1800 968/1288/1801 965/1285/1798
f 969/1289/1802 968/1288/1801 967/1287/1800 970/1290/1803
f 971/1291/1804 972/1292/1805 969/1289/1802 970/1290/1803
f 972/1292/1805 942/1262/1775 945/1265/1778 969/1289/1802
f 945/1265/1778 937/1257/1770 968/1288/1801 969/1289/1802
f 965/1285/1798 968/1288/1801 937/1257/1770 936/1256/1769
f 966/1286/1799 965/1285/1798 936/1256/1769 940/1260/1773
f 948/1268/1781 946/1267/1780 964/1284/1797 963/1283/1796
f 946/1267/1780 951/1271/1784 967/1287/1800 964/1284/1797
f 970/1290/1803 967/1287/1800 951/1271/1784 952/1272/1785
f 954/1275/1788 971/1291/1804 970/1290/1803 952/1272/1785
f 973/1293/1806 971/1291/1804 954/1275/1788 955/1274/1787
f 974/1294/1807 972/1292/1805 971/1291/1804 973/1293/1806
f 975/1295/1808 942/1262/1775 972/1292/1805 974/1294/1807
f 976/1296/1809 943/1263/1776 942/1262/1775 975/1295/1808
f 959/1279/1792 943/1263/1776 976/1296/1809 977/1297/1810
f 956/1276/1789 954/1275/1788 952/1272/1785 953/1273/1786
s 74
f 915/1298/1811 914/1299/1812 861/1300/1813 859/1301/1814
s 72
f 916/1302/1815 915/1303/1816 859/1304/1817 845/1305/1818
s 60
f 917/1306/1819 916/1307/1820 845/1308/1821 846/1309/1822
s 62
f 918/1310/1823 917/1306/1824 846/1309/1825 848/1311/1826
s 64
f 919/1312/1827 918/1310/1828 848/1311/1829 850/1313/1830
s 66
f 920/1314/1831 919/1312/1832 850/1313/1833 852/1315/1834
s 68
f 921/1316/1835 920/1314/1836 852/1315/1837 854/1317/1838
s 70
f 922/1318/1839 921/1316/1840 854/1317/1841 856/1319/1842
s 75
f 885/1320/1843 923/1321/1844 922/1318/1845 856/1319/1846
f 924/1322/1847 923/1321/1844 885/1320/1843 857/1323/1848
s 76
f 888/1324/1849 925/1325/1850 924/1326/1851 857/1327/1852
f 926/1328/1853 925/1325/1850 888/1324/1849 855/1329/1854
s 69
f 927/1330/1855 926/1328/1856 855/1329/1857 853/1331/1858
s 67
f 928/1332/1859 927/1330/1860 853/1331/1861 851/1333/1862
s 65
f 929/1334/1863 928/1332/1864 851/1333/1865 849/1335/1866
s 63
f 930/1336/1867 929/1334/1868 849/1335/1869 847/1337/1870
s 61
f 931/1338/1871 930/1336/1872 847/1337/1873 844/1339/1874
s 59
f 932/1340/1875 931/1338/1876 844/1339/1877 843/1341/1878
s 71
f 933/1342/1879 932/1343/1880 843/1344/1881 858/1345/1882
s 73
f 934/1346/1883 933/1347/1884 858/1348/1885 860/1349/1886
s 79
f 935/1350/1887 934/1346/1888 860/1349/1889 881/1351/1890
f 914/1299/1891 935/1350/1887 881/1351/1890 861/1300/1892
s off
f 909/1239/1893 911/1247/1894 940/1260/1895 941/1261/1896
f 908/1227/1897 892/1171/1898 949/1269/1899 948/1268/1900
f 892/1171/1901 893/1179/1902 947/1266/1903 949/1269/1904
f 893/1179/1905 896/1187/1906 950/1270/1907 947/1266/1908
f 896/1187/1909 898/1195/1910 953/1273/1911 950/1270/1912
f 900/1203/1913 902/1211/1914 957/1277/1915 956/1276/1916
f 902/1211/1917 904/1219/1918 955/1274/1919 957/1277/1920
f 901/1199/1921 899/1191/1922 958/1278/1923 959/1279/1924
f 899/1191/1925 897/1183/1926 960/1280/1927 958/1278/1928
f 897/1183/1929 895/1175/1930 961/1281/1931 960/1280/1932
f 895/1175/1933 894/1231/1934 962/1282/1935 961/1281/1936
f 894/1231/1937 909/1239/1938 941/1261/1939 962/1282/1940
f 912/1243/1941 910/1235/1942 963/1283/1943 966/1286/1944
f 911/1247/1945 912/1243/1946 966/1286/1947 940/1260/1948
f 910/1235/1949 908/1227/1950 948/1268/1951 963/1283/1952
f 904/1219/1953 906/1255/1954 973/1293/1955 955/1274/1956
f 906/1255/1957 913/1251/1958 974/1294/1959 973/1293/1960
f 913/1251/1961 907/1223/1962 975/1295/1963 974/1294/1964
f 907/1223/1965 905/1215/1966 976/1296/1967 975/1295/1968
f 905/1215/1969 903/1207/1970 977/1297/1971 976/1296/1972
f 903/1207/1973 901/1199/1974 959/1279/1975 977/1297/1976
f 898/1195/1977 900/1203/1978 956/1276/1979 953/1273/1980
s 74
f 979/1126/1580 978/1125/1579 914/1299/1812 915/1298/1811
s 72
f 980/1128/1582 979/1127/1581 915/1303/1816 916/1302/1815
s 60
f 981/1130/1584 980/1129/1583 916/1307/1820 917/1306/1819
s 62
f 982/1131/1586 981/1130/1585 917/1306/1824 918/1310/1823
s 64
f 983/1132/1588 982/1131/1587 918/1310/1828 919/1312/1827
s 66
f 984/1133/1590 983/1132/1589 919/1312/1832 920/1314/1831
s 68
f 985/1134/1592 984/1133/1591 920/1314/1836 921/1316/1835
s 70
f 986/1135/1594 985/1134/1593 921/1316/1840 922/1318/1839
s 75
f 922/1318/1845 923/1321/1844 987/1136/1596 986/1135/1595
f 988/1157/1646 987/1136/1596 923/1321/1844 924/1322/1847
s 76
f 924/1326/1851 925/1325/1850 989/1139/1601 988/1158/1647
f 990/1140/1602 989/1139/1601 925/1325/1850 926/1328/1853
s 69
f 991/1141/1604 990/1140/1603 926/1328/1856 927/1330/1855
s 67
f 992/1142/1606 991/1141/1605 927/1330/1860 928/1332/1859
s 65
f 993/1143/1608 992/1142/1607 928/1332/1864 929/1334/1863
s 63
f 994/1144/1610 993/1143/1609 929/1334/1868 930/1336/1867
s 61
f 995/1145/1612 994/1144/1611 930/1336/1872 931/1338/1871
s 59
f 996/1146/1614 995/1145/1613 931/1338/1876 932/1340/1875
s 71
f 997/1148/1616 996/1147/1615 932/1343/1880 933/1342/1879
s 73
f 998/1150/1618 997/1149/1617 933/1347/1884 934/1346/1883
s 79
f 999/1155/1629 998/1150/1628 934/1346/1888 935/1350/1887
f 978/1125/1631 999/1155/1629 935/1350/1887 914/1299/1891
s off
f 1000/1352/1981 1001/1353/1982 1008/1354/1983 1007/1355/1984
f 1001/1353/1985 1002/1356/1986 1009/1357/1987 1008/1354/1988
f 1002/1356/1989 1003/1358/1990 1010/1359/1991 1009/1357/1992
f 1003/1358/1993 1004/1360/1994 1011/1361/1995 1010/1359/1996
f 1004/1360/1997 1005/1362/1998 1012/1363/1999 1011/1361/2000
f 1005/1362/2001 1006/1364/2002 1013/1365/2003 1012/1363/2004
f 1007/1355/2005 1008/1354/2006 1015/1366/2007 1014/1367/2008
f 1008/1354/2009 1009/1357/2010 1016/1368/2011 1015/1366/2012
f 1009/1357/2013 1010/1359/2014 1017/1369/2015 1016/1368/2016
f 1010/1359/2017 1011/1361/2018 1018/1370/2019 1017/1369/2020
f 1011/1361/2021 1012/1363/2022 1019/1371/2023 1018/1370/2024
f 1012/1363/2025 1013/1365/2026 1020/1372/2027 1019/1371/2028
f 1014/1367/2029 1015/1366/2030 1022/1373/2031 1021/1374/2032
f 1015/1366/2033 1016/1368/2034 1023/1375/2035 1022/1373/2036
f 1016/1368/2037 1017/1369/2038 1024/1376/2039 1023/1375/2040
f 1017/1369/2041 1018/1370/2042 1025/1377/2043 1024/1376/2044
f 1018/1370/2045 1019/1371/2046 1026/1378/2047 1025/1377/2048
f 1019/1371/2049 1020/1372/2050 1027/1379/2051 1026/1378/2052
f 1021/1374/2053 1022/1373/2054 1029/1380/2055 1028/1381/2056
f 1022/1373/2057 1023/1375/2058 1030/1382/2059 1029/1380/2060
f 1023/1375/2061 1024/1376/2062 1031/1383/2063 1030/1382/2064
f 1024/1376/2065 1025/1377/2066 1032/1384/2067 1031/1383/2068
f 1025/1377/2069 1026/1378/2070 1033/1385/2071 1032/1384/2072
f 1026/1378/2073 1027/1379/2074 1034/1386/2075 1033/1385/2076
f 1028/1381/2077 1029/1380/2078 1036/1387/2079 1035/1388/2080
f 1029/1380/2081 1030/1382/2082 1037/1389/2083 1036/1387/2084
f 1030/1382/2085 1031/1383/2086 1038/1390/2087 1037/1389/2088
f 1031/1383/2089 1032/1384/2090 1039/1391/2091 1038/1390/2092
f 1032/1384/2093 1033/1385/2094 1040/1392/2095 1039/1391/2096
f 1033/1385/2097 1034/1386/2098 1041/1393/2099 1040/1392/2100
f 1035/1388/2101 1036/1387/2102 1043/1394/2103 1042/1395/2104
f 1036/1387/2105 1037/1389/2106 1044/1396/2107 1043/1394/2108
f 1037/1389/2109 1038/1390/2110 1045/1397/2111 1044/1396/2112
f 1038/1390/2113 1039/1391/2114 1046/1398/2115 1045/1397/2116
f 1039/1391/2117 1040/1392/2118 1047/1399/2119 1046/1398/2120
f 1040/1392/2121 1041/1393/2122 1048/1400/2123 1047/1399/2124
f 1001/1401/2125 1000/1402/2126 1049/1403/2127 1050/1404/2128
f 1002/1405/2129 1001/1406/2130 1050/1407/2131 1051/1408/2132
f 1003/1409/2133 1002/1410/2134 1051/1411/2135 1052/1412/2136
f 1004/1413/2137 1003/1414/2138 1052/1415/2139 1053/1416/2140
f 1005/1417/2141 1004/1418/2142 1053/1419/2143 1054/1420/2144
f 1006/1421/2145 1005/1422/2146 1054/1423/2147 1055/1424/2148
f 1050/1425/2149 1049/1426/2150 1056/1427/2151 1057/1428/2152
f 1051/1429/2153 1050/1430/2154 1057/1428/2155 1058/1431/2156
f 1052/1432/2157 1051/1433/2158 1058/1431/2159 1059/1434/2160
f 1053/1435/2161 1052/1436/2162 1059/1437/2163 1060/1438/2164
f 1054/1439/2165 1053/1440/2166 1060/1438/2167 1061/1441/2168
f 1055/1442/2169 1054/1443/2170 1061/1441/2171 1062/1444/2172
s 86
f 1000/1352/2173 1007/1355/2174 1097/1445/2175 1098/1446/2176
s 87
f 1013/1365/2177 1006/1364/2178 1084/1447/2179 1085/1448/2180
s 88
f 1007/1355/2181 1014/1367/2182 1096/1449/2183 1097/1445/2184
s 89
f 1020/1372/2185 1013/1365/2186 1085/1448/2187 1086/1450/2188
s 90
f 1014/1367/2189 1021/1374/2190 1095/1451/2191 1096/1449/2192
s 91
f 1027/1379/2193 1020/1372/2194 1086/1450/2195 1087/1452/2196
s 92
f 1021/1374/2197 1028/1381/2198 1094/1453/2199 1095/1451/2200
s 93
f 1034/1386/2201 1027/1379/2202 1087/1452/2203 1088/1454/2204
s 94
f 1028/1381/2205 1035/1388/2206 1093/1455/2207 1094/1453/2208
s 95
f 1041/1393/2209 1034/1386/2210 1088/1454/2211 1089/1456/2212
s 96
f 1035/1388/2213 1042/1395/2214 1092/1457/2215 1093/1455/2216
s 97
f 1048/1400/2217 1041/1393/2218 1089/1456/2219 1090/1458/2220
s 98
f 1049/1459/2221 1000/1460/2222 1098/1461/2223 1099/1462/2224
s 99
f 1006/1463/2225 1055/1464/2226 1083/1465/2227 1084/1466/2228
s 100
f 1056/1467/2229 1049/1468/2230 1099/1469/2231 1100/1470/2232
s 101
f 1055/1471/2233 1062/1472/2234 1082/1473/2235 1083/1474/2236
f 1083/1474/2236 1082/1473/2235 1198/1475/2237 1199/1476/2238
s 99
f 1084/1466/2228 1083/1465/2227 1199/1477/2239 1200/1478/2240
s 87
f 1085/1448/2180 1084/1447/2179 1200/1479/2241 1201/1480/2242
s 89
f 1086/1450/2188 1085/1448/2187 1201/1480/2243 1202/1481/2244
s 91
f 1087/1452/2196 1086/1450/2195 1202/1481/2245 1203/1482/2246
s 93
f 1088/1454/2204 1087/1452/2203 1203/1482/2247 1204/1483/2248
s 95
f 1089/1456/2212 1088/1454/2211 1204/1483/2249 1205/1484/2250
s 97
f 1090/1458/2220 1089/1456/2219 1205/1484/2251 1206/1485/2252
s 102
f 1206/1485/2253 1207/1486/2254 1106/1487/2255 1090/1458/2256
s 103
f 1092/1457/2257 1107/1488/2258 1209/1489/2259 1210/1490/2260
s 96
f 1093/1455/2216 1092/1457/2215 1210/1490/2261 1211/1491/2262
s 94
f 1094/1453/2208 1093/1455/2207 1211/1491/2263 1212/1492/2264
s 92
f 1095/1451/2200 1094/1453/2199 1212/1492/2265 1213/1493/2266
s 90
f 1096/1449/2192 1095/1451/2191 1213/1493/2267 1214/1494/2268
s 88
f 1097/1445/2184 1096/1449/2183 1214/1494/2269 1215/1495/2270
s 86
f 1098/1446/2176 1097/1445/2175 1215/1495/2271 1216/1496/2272
s 98
f 1099/1462/2224 1098/1461/2223 1216/1497/2273 1217/1498/2274
s 100
f 1100/1470/2232 1099/1469/2231 1217/1499/2275 1218/1500/2276
s 104
f 1057/1428/2277 1056/1427/2278 1103/1501/2279 1104/1502/2280
s 105
f 1056/1467/2281 1100/1470/2282 1102/1503/2283 1103/1504/2284
s 106
f 1100/1470/2285 1218/1500/2286 1219/1505/2287 1102/1503/2288
f 1102/1503/2288 1219/1505/2287 1198/1475/2289 1082/1473/2290
s 105
f 1103/1504/2284 1102/1503/2283 1082/1473/2291 1062/1472/2292
s 104
f 1104/1502/2280 1103/1501/2279 1062/1444/2293 1061/1441/2294
s off
f 1060/1438/2295 1059/1437/2296 1104/1502/2297 1061/1441/2298
f 1059/1434/2299 1058/1431/2300 1057/1428/2301 1104/1502/2302
s 102
f 1091/1506/2303 1106/1487/2255 1207/1486/2254 1208/1507/2304
s 103
f 1208/1508/2305 1209/1489/2259 1107/1488/2258 1091/1509/2306
s off
f 1091/1510/2307 1107/1511/2308 1110/1512/2309 1109/1513/2310
f 1106/1514/2311 1091/1515/2312 1109/1516/2313 1111/1517/2314
f 1044/1396/2315 1045/1397/2316 1109/1513/2317 1110/1512/2318
f 1045/1397/2319 1046/1398/2320 1111/1517/2321 1109/1516/2322
f 1047/1399/2323 1048/1400/2324 1111/1517/2325 1046/1398/2326
f 1042/1395/2327 1043/1394/2328 1044/1396/2329 1110/1512/2330
f 1092/1457/2331 1042/1395/2332 1110/1512/2333 1107/1488/2334
f 1090/1458/2335 1106/1514/2336 1111/1517/2337 1048/1400/2338
f 1063/1518/2339 1064/1519/2340 1113/1520/2341 1112/1521/2342
f 1066/1522/2343 1065/1523/2344 1114/1524/2345 1115/1525/2346
f 1064/1526/2347 1067/1527/2348 1116/1528/2349 1113/1529/2350
f 1068/1530/2351 1066/1531/2352 1115/1532/2353 1117/1533/2354
f 1067/1534/2355 1069/1535/2356 1118/1536/2357 1116/1537/2358
f 1070/1538/2359 1068/1539/2360 1117/1540/2361 1119/1541/2362
f 1069/1542/2363 1071/1543/2364 1120/1544/2365 1118/1545/2366
f 1072/1546/2367 1070/1547/2368 1119/1548/2369 1121/1549/2370
f 1071/1550/2371 1073/1551/2372 1122/1552/2373 1120/1553/2374
f 1074/1554/2375 1072/1555/2376 1121/1556/2377 1123/1557/2378
f 1073/1558/2379 1075/1559/2380 1124/1560/2381 1122/1561/2382
f 1076/1562/2383 1074/1563/2384 1123/1564/2385 1125/1565/2386
f 1075/1566/2387 1108/1567/2388 1126/1568/2389 1124/1569/2390
f 1105/1570/2391 1076/1571/2392 1125/1572/2393 1127/1573/2394
f 1078/1574/2395 1063/1575/2396 1112/1576/2397 1128/1577/2398
f 1065/1578/2399 1079/1579/2400 1129/1580/2401 1114/1581/2402
f 1080/1582/2403 1078/1583/2404 1128/1584/2405 1130/1585/2406
f 1079/1586/2407 1081/1587/2408 1131/1588/2409 1129/1589/2410
f 1101/1590/2411 1080/1591/2412 1130/1592/2413 1132/1593/2414
f 1081/1594/2415 1101/1595/2416 1132/1596/2417 1131/1597/2418
f 1077/1598/2419 1105/1599/2420 1127/1600/2421 1133/1601/2422
f 1108/1602/2423 1077/1603/2424 1133/1604/2425 1126/1605/2426
s 107
f 1156/1606/2427 1157/1607/2428 1158/1608/2429 1159/1609/2430
f 1160/1610/2431 1156/1606/2427 1159/1609/2430 1161/1611/2432
f 1162/1612/2433 1163/1613/2434 1164/1614/2435 1165/1615/2436
f 1164/1614/2435 1158/1608/2429 1157/1607/2428 1165/1615/2436
f 1167/1616/2437 1166/1617/2438 1168/1618/2439 1169/1619/2440
f 1167/1616/2437 1170/1620/2441 1171/1621/2442 1166/1617/2438
f 1172/1622/2443 1171/1621/2442 1170/1620/2441 1173/1623/2444
f 1175/1624/2445 1174/1625/2446 1176/1626/2447 1177/1627/2448
f 1178/1628/2449 1164/1614/2435 1163/1613/2434 1179/1629/2450
f 1180/1630/2451 1158/1608/2429 1164/1614/2435 1178/1628/2449
f 1159/1609/2430 1158/1608/2429 1180/1630/2451 1181/1631/2452
f 1161/1611/2432 1159/1609/2430 1181/1631/2452 1182/1632/2453
f 1183/1633/2454 1184/1634/2455 1185/1635/2456 1186/1636/2457
f 1184/1634/2455 1187/1637/2458 1188/1638/2459 1185/1635/2456
f 1189/1639/2460 1188/1638/2459 1187/1637/2458 1190/1640/2461
f 1191/1641/2462 1192/1642/2463 1189/1639/2460 1190/1640/2461
f 1192/1642/2463 1162/1612/2433 1165/1615/2436 1189/1639/2460
f 1165/1615/2436 1157/1607/2428 1188/1638/2459 1189/1639/2460
f 1185/1635/2456 1188/1638/2459 1157/1607/2428 1156/1606/2427
f 1186/1636/2457 1185/1635/2456 1156/1606/2427 1160/1610/2431
f 1168/1618/2439 1166/1617/2438 1184/1634/2455 1183/1633/2454
f 1166/1617/2438 1171/1621/2442 1187/1637/2458 1184/1634/2455
f 1190/1640/2461 1187/1637/2458 1171/1621/2442 1172/1622/2443
f 1174/1625/2446 1191/1641/2462 1190/1640/2461 1172/1622/2443
f 1193/1643/2464 1191/1641/2462 1174/1625/2446 1175/1624/2445
f 1194/1644/2465 1192/1642/2463 1191/1641/2462 1193/1643/2464
f 1195/1645/2466 1162/1612/2433 1192/1642/2463 1194/1644/2465
f 1196/1646/2467 1163/1613/2434 1162/1612/2433 1195/1645/2466
f 1179/1629/2450 1163/1613/2434 1196/1646/2467 1197/1647/2468
f 1176/1626/2447 1174/1625/2446 1172/1622/2443 1173/1623/2444
s 101
f 1135/1648/2469 1134/1649/2470 1081/1650/2471 1079/1651/2472
s 99
f 1136/1652/2473 1135/1653/2474 1079/1654/2475 1065/1655/2476
s 87
f 1137/1656/2477 1136/1657/2478 1065/1658/2479 1066/1659/2480
s 89
f 1138/1660/2481 1137/1656/2482 1066/1659/2483 1068/1661/2484
s 91
f 1139/1662/2485 1138/1660/2486 1068/1661/2487 1070/1663/2488
s 93
f 1140/1664/2489 1139/1662/2490 1070/1663/2491 1072/1665/2492
s 95
f 1141/1666/2493 1140/1664/2494 1072/1665/2495 1074/1667/2496
s 97
f 1142/1668/2497 1141/1666/2498 1074/1667/2499 1076/1669/2500
s 102
f 1105/1670/2501 1143/1671/2502 1142/1668/2503 1076/1669/2504
f 1144/1672/2505 1143/1671/2502 1105/1670/2501 1077/1673/2506
s 103
f 1108/1674/2507 1145/1675/2508 1144/1676/2509 1077/1677/2510
f 1146/1678/2511 1145/1675/2508 1108/1674/2507 1075/1679/2512
s 96
f 1147/1680/2513 1146/1678/2514 1075/1679/2515 1073/1681/2516
s 94
f 1148/1682/2517 1147/1680/2518 1073/1681/2519 1071/1683/2520
s 92
f 1149/1684/2521 1148/1682/2522 1071/1683/2523 1069/1685/2524
s 90
f 1150/1686/2525 1149/1684/2526 1069/1685/2527 1067/1687/2528
s 88
f 1151/1688/2529 1150/1686/2530 1067/1687/2531 1064/1689/2532
s 86
f 1152/1690/2533 1151/1688/2534 1064/1689/2535 1063/1691/2536
s 98
f 1153/1692/2537 1152/1693/2538 1063/1694/2539 1078/1695/2540
s 100
f 1154/1696/2541 1153/1697/2542 1078/1698/2543 1080/1699/2544
s 106
f 1155/1700/2545 1154/1696/2546 1080/1699/2547 1101/1701/2548
f 1134/1649/2549 1155/1700/2545 1101/1701/2548 1081/1650/2550
s off
f 1129/1589/2551 1131/1597/2552 1160/1610/2553 1161/1611/2554
f 1128/1577/2555 1112/1521/2556 1169/1619/2557 1168/1618/2558
f 1112/1521/2559 1113/1529/2560 1167/1616/2561 1169/1619/2562
f 1113/1529/2563 1116/1537/2564 1170/1620/2565 1167/1616/2566
f 1116/1537/2567 1118/1545/2568 1173/1623/2569 1170/1620/2570
f 1120/1553/2571 1122/1561/2572 1177/1627/2573 1176/1626/2574
f 1122/1561/2575 1124/1569/2576 1175/1624/2577 1177/1627/2578
f 1121/1549/2579 1119/1541/2580 1178/1628/2581 1179/1629/2582
f 1119/1541/2583 1117/1533/2584 1180/1630/2585 1178/1628/2586
f 1117/1533/2587 1115/1525/2588 1181/1631/2589 1180/1630/2590
f 1115/1525/2591 1114/1581/2592 1182/1632/2593 1181/1631/2594
f 1114/1581/2595 1129/1589/2596 1161/1611/2597 1182/1632/2598
f 1132/1593/2599 1130/1585/2600 1183/1633/2601 1186/1636/2602
f 1131/1597/2603 1132/1593/2604 1186/1636/2605 1160/1610/2606
f 1130/1585/2607 1128/1577/2608 1168/1618/2609 1183/1633/2610
f 1124/1569/2611 1126/1605/2612 1193/1643/2613 1175/1624/2614
f 1126/1605/2615 1133/1601/2616 1194/1644/2617 1193/1643/2618
f 1133/1601/2619 1127/1573/2620 1195/1645/2621 1194/1644/2622
f 1127/1573/2623 1125/1565/2624 1196/1646/2625 1195/1645/2626
f 1125/1565/2627 1123/1557/2628 1197/1647/2629 1196/1646/2630
f 1123/1557/2631 1121/1549/2632 1179/1629/2633 1197/1647/2634
f 1118/1545/2635 1120/1553/2636 1176/1626/2637 1173/1623/2638
s 101
f 1199/1476/2238 1198/1475/2237 1134/1649/2470 1135/1648/2469
s 99
f 1200/1478/2240 1199/1477/2239 1135/1653/2474 1136/1652/2473
s 87
f 1201/1480/2242 1200/1479/2241 1136/1657/2478 1137/1656/2477
s 89
f 1202/1481/2244 1201/1480/2243 1137/1656/2482 1138/1660/2481
s 91
f 1203/1482/2246 1202/1481/2245 1138/1660/2486 1139/1662/2485
s 93
f 1204/1483/2248 1203/1482/2247 1139/1662/2490 1140/1664/2489
s 95
f 1205/1484/2250 1204/1483/2249 1140/1664/2494 1141/1666/2493
s 97
f 1206/1485/2252 1205/1484/2251 1141/1666/2498 1142/1668/2497
s 102
f 1142/1668/2503 1143/1671/2502 1207/1486/2254 1206/1485/2253
f 1208/1507/2304 1207/1486/2254 1143/1671/2502 1144/1672/2505
s 103
f 1144/1676/2509 1145/1675/2508 1209/1489/2259 1208/1508/2305
f 1210/1490/2260 1209/1489/2259 1145/1675/2508 1146/1678/2511
s 96
f 1211/1491/2262 1210/1490/2261 1146/1678/2514 1147/1680/2513
s 94
f 1212/1492/2264 1211/1491/2263 1147/1680/2518 1148/1682/2517
s 92
f 1213/1493/2266 1212/1492/2265 1148/1682/2522 1149/1684/2521
s 90
f 1214/1494/2268 1213/1493/2267 1149/1684/2526 1150/1686/2525
s 88
f 1215/1495/2270 1214/1494/2269 1150/1686/2530 1151/1688/2529
s 86
f 1216/1496/2272 1215/1495/2271 1151/1688/2534 1152/1690/2533
s 98
f 1217/1498/2274 1216/1497/2273 1152/1693/2538 1153/1692/2537
s 100
f 1218/1500/2276 1217/1499/2275 1153/1697/2542 1154/1696/2541
s 106
f 1219/1505/2287 1218/1500/2286 1154/1696/2546 1155/1700/2545
f 1198/1475/2289 1219/1505/2287 1155/1700/2545 1134/1649/2549
